# vtk DataFile Version 3.0
vtk output
ASCII
DATASET UNSTRUCTURED_GRID
POINTS 2048 double
0.0000000000 0.0000000000 0.0
0.0860000000 0.0000000000 0.0
0.1461040764 0.0601040764 0.0
0.1461040764 0.1451040764 0.0
0.0860000000 0.2052081528 0.0
0.0010000000 0.2052081528 0.0
-0.0591040764 0.1451040764 0.0
-0.0591040764 0.0601040764 0.0
0.0010000000 -0.0000000000 0.0
0.0860000000 -0.0000000000 0.0
0.1461040764 0.0601040764 0.0
0.1461040764 0.1451040764 0.0
0.2311040764 0.0601040764 0.0
0.1461040764 -0.0601040764 0.0
0.2311040764 -0.0601040764 0.0
0.1461040764 -0.1451040764 0.0
0.0010000000 -0.0850000000 0.0
0.0611040764 -0.1451040764 0.0
0.1461040764 -0.1451040764 0.0
0.0611040764 -0.2301040764 0.0
-0.0591040764 -0.1451040764 0.0
-0.0591040764 -0.2301040764 0.0
-0.1441040764 -0.1451040764 0.0
-0.1192081528 -0.0000000000 0.0
-0.1192081528 -0.0850000000 0.0
-0.0591040764 -0.1451040764 0.0
0.0258959236 -0.1451040764 0.0
-0.0591040764 -0.2301040764 0.0
-0.1793122292 -0.1451040764 0.0
-0.1793122292 -0.2301040764 0.0
-0.2643122292 -0.1451040764 0.0
-0.2042081528 0.0000000000 0.0
-0.2643122292 -0.0601040764 0.0
-0.2643122292 -0.1451040764 0.0
-0.3493122292 -0.0601040764 0.0
-0.2643122292 0.0601040764 0.0
-0.3493122292 0.0601040764 0.0
-0.2643122292 0.1451040764 0.0
-0.1441040764 0.1451040764 0.0
-0.2042081528 0.0850000000 0.0
-0.2042081528 -0.0000000000 0.0
-0.1441040764 -0.0601040764 0.0
-0.0591040764 -0.0601040764 0.0
-0.1441040764 -0.1451040764 0.0
-0.2643122292 -0.0601040764 0.0
-0.2643122292 -0.1451040764 0.0
-0.3493122292 -0.0601040764 0.0
-0.2892081528 0.0850000000 0.0
-0.3493122292 0.0248959236 0.0
-0.3493122292 -0.0601040764 0.0
-0.4343122292 0.0248959236 0.0
-0.3493122292 0.1451040764 0.0
-0.4343122292 0.1451040764 0.0
-0.3493122292 0.2301040764 0.0
-0.2042081528 0.2052081528 0.0
-0.2892081528 0.2052081528 0.0
-0.3493122292 0.1451040764 0.0
-0.3493122292 0.0601040764 0.0
-0.4343122292 0.1451040764 0.0
-0.3493122292 0.2653122292 0.0
-0.4343122292 0.2653122292 0.0
-0.3493122292 0.3503122292 0.0
-0.2042081528 0.2902081528 0.0
-0.2643122292 0.3503122292 0.0
-0.3493122292 0.3503122292 0.0
-0.2643122292 0.4353122292 0.0
-0.1441040764 0.3503122292 0.0
-0.1441040764 0.4353122292 0.0
-0.0591040764 0.3503122292 0.0
-0.0591040764 0.2653122292 0.0
-0.1441040764 0.2653122292 0.0
-0.2042081528 0.2052081528 0.0
-0.2042081528 0.1202081528 0.0
-0.1441040764 0.0601040764 0.0
-0.0591040764 0.0601040764 0.0
-0.1441040764 -0.0248959236 0.0
-0.2643122292 0.0601040764 0.0
-0.2643122292 -0.0248959236 0.0
-0.3493122292 0.0601040764 0.0
-0.2892081528 0.2052081528 0.0
-0.3493122292 0.1451040764 0.0
-0.3493122292 0.0601040764 0.0
-0.4343122292 0.1451040764 0.0
-0.3493122292 0.2653122292 0.0
-0.4343122292 0.2653122292 0.0
-0.3493122292 0.3503122292 0.0
-0.2042081528 0.3254163056 0.0
-0.2892081528 0.3254163056 0.0
-0.3493122292 0.2653122292 0.0
-0.3493122292 0.1803122292 0.0
-0.4343122292 0.2653122292 0.0
-0.3493122292 0.3855203820 0.0
-0.4343122292 0.3855203820 0.0
-0.3493122292 0.4705203820 0.0
-0.2042081528 0.4104163056 0.0
-0.2643122292 0.4705203820 0.0
-0.3493122292 0.4705203820 0.0
-0.2643122292 0.5555203820 0.0
-0.1441040764 0.4705203820 0.0
-0.1441040764 0.5555203820 0.0
-0.0591040764 0.4705203820 0.0
-0.0591040764 0.3503122292 0.0
-0.1192081528 0.4104163056 0.0
-0.2042081528 0.4104163056 0.0
-0.2643122292 0.3503122292 0.0
-0.2643122292 0.2653122292 0.0
-0.3493122292 0.3503122292 0.0
-0.2643122292 0.4705203820 0.0
-0.3493122292 0.4705203820 0.0
-0.2643122292 0.5555203820 0.0
-0.1192081528 0.4954163056 0.0
-0.1793122292 0.5555203820 0.0
-0.2643122292 0.5555203820 0.0
-0.1793122292 0.6405203820 0.0
-0.0591040764 0.5555203820 0.0
-0.0591040764 0.6405203820 0.0
0.0258959236 0.5555203820 0.0
0.0010000000 0.4104163056 0.0
0.0010000000 0.4954163056 0.0
-0.0591040764 0.5555203820 0.0
-0.1441040764 0.5555203820 0.0
-0.0591040764 0.6405203820 0.0
0.0611040764 0.5555203820 0.0
0.0611040764 0.6405203820 0.0
0.1461040764 0.5555203820 0.0
0.0860000000 0.4104163056 0.0
0.1461040764 0.4705203820 0.0
0.1461040764 0.5555203820 0.0
0.2311040764 0.4705203820 0.0
0.1461040764 0.3503122292 0.0
0.2311040764 0.3503122292 0.0
0.1461040764 0.2653122292 0.0
0.0860000000 0.2902081528 0.0
0.0258959236 0.3503122292 0.0
-0.0591040764 0.3503122292 0.0
-0.1192081528 0.2902081528 0.0
-0.1192081528 0.2052081528 0.0
-0.0591040764 0.1451040764 0.0
0.0258959236 0.1451040764 0.0
-0.0591040764 0.0601040764 0.0
-0.1793122292 0.1451040764 0.0
-0.1793122292 0.0601040764 0.0
-0.2643122292 0.1451040764 0.0
-0.2042081528 0.2902081528 0.0
-0.2643122292 0.2301040764 0.0
-0.2643122292 0.1451040764 0.0
-0.3493122292 0.2301040764 0.0
-0.2643122292 0.3503122292 0.0
-0.3493122292 0.3503122292 0.0
-0.2643122292 0.4353122292 0.0
-0.1192081528 0.4104163056 0.0
-0.2042081528 0.4104163056 0.0
-0.2643122292 0.3503122292 0.0
-0.2643122292 0.2653122292 0.0
-0.3493122292 0.3503122292 0.0
-0.2643122292 0.4705203820 0.0
-0.3493122292 0.4705203820 0.0
-0.2643122292 0.5555203820 0.0
-0.1192081528 0.4954163056 0.0
-0.1793122292 0.5555203820 0.0
-0.2643122292 0.5555203820 0.0
-0.1793122292 0.6405203820 0.0
-0.0591040764 0.5555203820 0.0
-0.0591040764 0.6405203820 0.0
0.0258959236 0.5555203820 0.0
0.0258959236 0.4353122292 0.0
-0.0342081528 0.4954163056 0.0
-0.1192081528 0.4954163056 0.0
-0.1793122292 0.4353122292 0.0
-0.1793122292 0.3503122292 0.0
-0.2643122292 0.4353122292 0.0
-0.1793122292 0.5555203820 0.0
-0.2643122292 0.5555203820 0.0
-0.1793122292 0.6405203820 0.0
-0.0342081528 0.5804163056 0.0
-0.0943122292 0.6405203820 0.0
-0.1793122292 0.6405203820 0.0
-0.0943122292 0.7255203820 0.0
0.0258959236 0.6405203820 0.0
0.0258959236 0.7255203820 0.0
0.1108959236 0.6405203820 0.0
0.0860000000 0.4954163056 0.0
0.0860000000 0.5804163056 0.0
0.0258959236 0.6405203820 0.0
-0.0591040764 0.6405203820 0.0
0.0258959236 0.7255203820 0.0
0.1461040764 0.6405203820 0.0
0.1461040764 0.7255203820 0.0
0.2311040764 0.6405203820 0.0
0.1710000000 0.4954163056 0.0
0.2311040764 0.5555203820 0.0
0.2311040764 0.6405203820 0.0
0.3161040764 0.5555203820 0.0
0.2311040764 0.4353122292 0.0
0.3161040764 0.4353122292 0.0
0.2311040764 0.3503122292 0.0
0.1461040764 0.3503122292 0.0
0.1461040764 0.4353122292 0.0
0.0860000000 0.4954163056 0.0
0.0010000000 0.4954163056 0.0
-0.0591040764 0.4353122292 0.0
-0.0591040764 0.3503122292 0.0
-0.1441040764 0.4353122292 0.0
-0.0591040764 0.5555203820 0.0
-0.1441040764 0.5555203820 0.0
-0.0591040764 0.6405203820 0.0
0.0860000000 0.5804163056 0.0
0.0258959236 0.6405203820 0.0
-0.0591040764 0.6405203820 0.0
0.0258959236 0.7255203820 0.0
0.1461040764 0.6405203820 0.0
0.1461040764 0.7255203820 0.0
0.2311040764 0.6405203820 0.0
0.2062081528 0.4954163056 0.0
0.2062081528 0.5804163056 0.0
0.1461040764 0.6405203820 0.0
0.0611040764 0.6405203820 0.0
0.1461040764 0.7255203820 0.0
0.2663122292 0.6405203820 0.0
0.2663122292 0.7255203820 0.0
0.3513122292 0.6405203820 0.0
0.2912081528 0.4954163056 0.0
0.3513122292 0.5555203820 0.0
0.3513122292 0.6405203820 0.0
0.4363122292 0.5555203820 0.0
0.3513122292 0.4353122292 0.0
0.4363122292 0.4353122292 0.0
0.3513122292 0.3503122292 0.0
0.2311040764 0.3503122292 0.0
0.2912081528 0.4104163056 0.0
0.2912081528 0.4954163056 0.0
0.2311040764 0.5555203820 0.0
0.1461040764 0.5555203820 0.0
0.2311040764 0.6405203820 0.0
0.3513122292 0.5555203820 0.0
0.3513122292 0.6405203820 0.0
0.4363122292 0.5555203820 0.0
0.3762081528 0.4104163056 0.0
0.4363122292 0.4705203820 0.0
0.4363122292 0.5555203820 0.0
0.5213122292 0.4705203820 0.0
0.4363122292 0.3503122292 0.0
0.5213122292 0.3503122292 0.0
0.4363122292 0.2653122292 0.0
0.2912081528 0.2902081528 0.0
0.3762081528 0.2902081528 0.0
0.4363122292 0.3503122292 0.0
0.4363122292 0.4353122292 0.0
0.5213122292 0.3503122292 0.0
0.4363122292 0.2301040764 0.0
0.5213122292 0.2301040764 0.0
0.4363122292 0.1451040764 0.0
0.2912081528 0.2052081528 0.0
0.3513122292 0.1451040764 0.0
0.4363122292 0.1451040764 0.0
0.3513122292 0.0601040764 0.0
0.2311040764 0.1451040764 0.0
0.2311040764 0.0601040764 0.0
0.1461040764 0.1451040764 0.0
0.2062081528 0.2052081528 0.0
0.2062081528 0.2902081528 0.0
0.1461040764 0.3503122292 0.0
0.0611040764 0.3503122292 0.0
0.0010000000 0.2902081528 0.0
0.0010000000 0.2052081528 0.0
0.0611040764 0.1451040764 0.0
0.1461040764 0.1451040764 0.0
0.0611040764 0.0601040764 0.0
-0.0591040764 0.1451040764 0.0
-0.0591040764 0.0601040764 0.0
-0.1441040764 0.1451040764 0.0
-0.0840000000 0.2902081528 0.0
-0.1441040764 0.2301040764 0.0
-0.1441040764 0.1451040764 0.0
-0.2291040764 0.2301040764 0.0
-0.1441040764 0.3503122292 0.0
-0.2291040764 0.3503122292 0.0
-0.1441040764 0.4353122292 0.0
0.0010000000 0.4104163056 0.0
-0.0840000000 0.4104163056 0.0
-0.1441040764 0.3503122292 0.0
-0.1441040764 0.2653122292 0.0
-0.2291040764 0.3503122292 0.0
-0.1441040764 0.4705203820 0.0
-0.2291040764 0.4705203820 0.0
-0.1441040764 0.5555203820 0.0
0.0010000000 0.4954163056 0.0
-0.0591040764 0.5555203820 0.0
-0.1441040764 0.5555203820 0.0
-0.0591040764 0.6405203820 0.0
0.0611040764 0.5555203820 0.0
0.0611040764 0.6405203820 0.0
0.1461040764 0.5555203820 0.0
0.1461040764 0.4353122292 0.0
0.0860000000 0.4954163056 0.0
0.0010000000 0.4954163056 0.0
-0.0591040764 0.4353122292 0.0
-0.0591040764 0.3503122292 0.0
-0.1441040764 0.4353122292 0.0
-0.0591040764 0.5555203820 0.0
-0.1441040764 0.5555203820 0.0
-0.0591040764 0.6405203820 0.0
0.0860000000 0.5804163056 0.0
0.0258959236 0.6405203820 0.0
-0.0591040764 0.6405203820 0.0
0.0258959236 0.7255203820 0.0
0.1461040764 0.6405203820 0.0
0.1461040764 0.7255203820 0.0
0.2311040764 0.6405203820 0.0
0.2062081528 0.4954163056 0.0
0.2062081528 0.5804163056 0.0
0.1461040764 0.6405203820 0.0
0.0611040764 0.6405203820 0.0
0.1461040764 0.7255203820 0.0
0.2663122292 0.6405203820 0.0
0.2663122292 0.7255203820 0.0
0.3513122292 0.6405203820 0.0
0.2912081528 0.4954163056 0.0
0.3513122292 0.5555203820 0.0
0.3513122292 0.6405203820 0.0
0.4363122292 0.5555203820 0.0
0.3513122292 0.4353122292 0.0
0.4363122292 0.4353122292 0.0
0.3513122292 0.3503122292 0.0
0.2663122292 0.3503122292 0.0
0.2663122292 0.4353122292 0.0
0.2062081528 0.4954163056 0.0
0.1212081528 0.4954163056 0.0
0.0611040764 0.4353122292 0.0
0.0611040764 0.3503122292 0.0
-0.0238959236 0.4353122292 0.0
0.0611040764 0.5555203820 0.0
-0.0238959236 0.5555203820 0.0
0.0611040764 0.6405203820 0.0
0.2062081528 0.5804163056 0.0
0.1461040764 0.6405203820 0.0
0.0611040764 0.6405203820 0.0
0.1461040764 0.7255203820 0.0
0.2663122292 0.6405203820 0.0
0.2663122292 0.7255203820 0.0
0.3513122292 0.6405203820 0.0
0.3264163056 0.4954163056 0.0
0.3264163056 0.5804163056 0.0
0.2663122292 0.6405203820 0.0
0.1813122292 0.6405203820 0.0
0.2663122292 0.7255203820 0.0
0.3865203820 0.6405203820 0.0
0.3865203820 0.7255203820 0.0
0.4715203820 0.6405203820 0.0
0.4114163056 0.4954163056 0.0
0.4715203820 0.5555203820 0.0
0.4715203820 0.6405203820 0.0
0.5565203820 0.5555203820 0.0
0.4715203820 0.4353122292 0.0
0.5565203820 0.4353122292 0.0
0.4715203820 0.3503122292 0.0
0.3513122292 0.3503122292 0.0
0.4114163056 0.4104163056 0.0
0.4114163056 0.4954163056 0.0
0.3513122292 0.5555203820 0.0
0.2663122292 0.5555203820 0.0
0.3513122292 0.6405203820 0.0
0.4715203820 0.5555203820 0.0
0.4715203820 0.6405203820 0.0
0.5565203820 0.5555203820 0.0
0.4964163056 0.4104163056 0.0
0.5565203820 0.4705203820 0.0
0.5565203820 0.5555203820 0.0
0.6415203820 0.4705203820 0.0
0.5565203820 0.3503122292 0.0
0.6415203820 0.3503122292 0.0
0.5565203820 0.2653122292 0.0
0.4114163056 0.2902081528 0.0
0.4964163056 0.2902081528 0.0
0.5565203820 0.3503122292 0.0
0.5565203820 0.4353122292 0.0
0.6415203820 0.3503122292 0.0
0.5565203820 0.2301040764 0.0
0.6415203820 0.2301040764 0.0
0.5565203820 0.1451040764 0.0
0.4114163056 0.2052081528 0.0
0.4715203820 0.1451040764 0.0
0.5565203820 0.1451040764 0.0
0.4715203820 0.0601040764 0.0
0.3513122292 0.1451040764 0.0
0.3513122292 0.0601040764 0.0
0.2663122292 0.1451040764 0.0
0.2912081528 0.2052081528 0.0
0.3513122292 0.2653122292 0.0
0.3513122292 0.3503122292 0.0
0.2912081528 0.4104163056 0.0
0.2062081528 0.4104163056 0.0
0.1461040764 0.3503122292 0.0
0.1461040764 0.2653122292 0.0
0.0611040764 0.3503122292 0.0
0.1461040764 0.4705203820 0.0
0.0611040764 0.4705203820 0.0
0.1461040764 0.5555203820 0.0
0.2912081528 0.4954163056 0.0
0.2311040764 0.5555203820 0.0
0.1461040764 0.5555203820 0.0
0.2311040764 0.6405203820 0.0
0.3513122292 0.5555203820 0.0
0.3513122292 0.6405203820 0.0
0.4363122292 0.5555203820 0.0
0.4114163056 0.4104163056 0.0
0.4114163056 0.4954163056 0.0
0.3513122292 0.5555203820 0.0
0.2663122292 0.5555203820 0.0
0.3513122292 0.6405203820 0.0
0.4715203820 0.5555203820 0.0
0.4715203820 0.6405203820 0.0
0.5565203820 0.5555203820 0.0
0.4964163056 0.4104163056 0.0
0.5565203820 0.4705203820 0.0
0.5565203820 0.5555203820 0.0
0.6415203820 0.4705203820 0.0
0.5565203820 0.3503122292 0.0
0.6415203820 0.3503122292 0.0
0.5565203820 0.2653122292 0.0
0.4363122292 0.2653122292 0.0
0.4964163056 0.3254163056 0.0
0.4964163056 0.4104163056 0.0
0.4363122292 0.4705203820 0.0
0.3513122292 0.4705203820 0.0
0.4363122292 0.5555203820 0.0
0.5565203820 0.4705203820 0.0
0.5565203820 0.5555203820 0.0
0.6415203820 0.4705203820 0.0
0.5814163056 0.3254163056 0.0
0.6415203820 0.3855203820 0.0
0.6415203820 0.4705203820 0.0
0.7265203820 0.3855203820 0.0
0.6415203820 0.2653122292 0.0
0.7265203820 0.2653122292 0.0
0.6415203820 0.1803122292 0.0
0.4964163056 0.2052081528 0.0
0.5814163056 0.2052081528 0.0
0.6415203820 0.2653122292 0.0
0.6415203820 0.3503122292 0.0
0.7265203820 0.2653122292 0.0
0.6415203820 0.1451040764 0.0
0.7265203820 0.1451040764 0.0
0.6415203820 0.0601040764 0.0
0.4964163056 0.1202081528 0.0
0.5565203820 0.0601040764 0.0
0.6415203820 0.0601040764 0.0
0.5565203820 -0.0248959236 0.0
0.4363122292 0.0601040764 0.0
0.4363122292 -0.0248959236 0.0
0.3513122292 0.0601040764 0.0
0.3513122292 0.1451040764 0.0
0.4363122292 0.1451040764 0.0
0.4964163056 0.2052081528 0.0
0.4964163056 0.2902081528 0.0
0.4363122292 0.3503122292 0.0
0.3513122292 0.3503122292 0.0
0.4363122292 0.4353122292 0.0
0.5565203820 0.3503122292 0.0
0.5565203820 0.4353122292 0.0
0.6415203820 0.3503122292 0.0
0.5814163056 0.2052081528 0.0
0.6415203820 0.2653122292 0.0
0.6415203820 0.3503122292 0.0
0.7265203820 0.2653122292 0.0
0.6415203820 0.1451040764 0.0
0.7265203820 0.1451040764 0.0
0.6415203820 0.0601040764 0.0
0.4964163056 0.0850000000 0.0
0.5814163056 0.0850000000 0.0
0.6415203820 0.1451040764 0.0
0.6415203820 0.2301040764 0.0
0.7265203820 0.1451040764 0.0
0.6415203820 0.0248959236 0.0
0.7265203820 0.0248959236 0.0
0.6415203820 -0.0601040764 0.0
0.4964163056 -0.0000000000 0.0
0.5565203820 -0.0601040764 0.0
0.6415203820 -0.0601040764 0.0
0.5565203820 -0.1451040764 0.0
0.4363122292 -0.0601040764 0.0
0.4363122292 -0.1451040764 0.0
0.3513122292 -0.0601040764 0.0
0.3513122292 0.0601040764 0.0
0.4114163056 -0.0000000000 0.0
0.4964163056 -0.0000000000 0.0
0.5565203820 0.0601040764 0.0
0.5565203820 0.1451040764 0.0
0.6415203820 0.0601040764 0.0
0.5565203820 -0.0601040764 0.0
0.6415203820 -0.0601040764 0.0
0.5565203820 -0.1451040764 0.0
0.4114163056 -0.0850000000 0.0
0.4715203820 -0.1451040764 0.0
0.5565203820 -0.1451040764 0.0
0.4715203820 -0.2301040764 0.0
0.3513122292 -0.1451040764 0.0
0.3513122292 -0.2301040764 0.0
0.2663122292 -0.1451040764 0.0
0.2912081528 -0.0000000000 0.0
0.2912081528 -0.0850000000 0.0
0.3513122292 -0.1451040764 0.0
0.4363122292 -0.1451040764 0.0
0.3513122292 -0.2301040764 0.0
0.2311040764 -0.1451040764 0.0
0.2311040764 -0.2301040764 0.0
0.1461040764 -0.1451040764 0.0
0.2062081528 -0.0000000000 0.0
0.1461040764 -0.0601040764 0.0
0.1461040764 -0.1451040764 0.0
0.0611040764 -0.0601040764 0.0
0.1461040764 0.0601040764 0.0
0.0611040764 0.0601040764 0.0
0.1461040764 0.1451040764 0.0
0.2311040764 0.0601040764 0.0
0.2912081528 0.1202081528 0.0
0.2912081528 0.2052081528 0.0
0.2311040764 0.2653122292 0.0
0.1461040764 0.2653122292 0.0
0.0860000000 0.2052081528 0.0
0.0860000000 0.1202081528 0.0
0.1461040764 0.0601040764 0.0
0.2311040764 0.0601040764 0.0
0.1461040764 -0.0248959236 0.0
0.0258959236 0.0601040764 0.0
0.0258959236 -0.0248959236 0.0
-0.0591040764 0.0601040764 0.0
0.0010000000 0.2052081528 0.0
-0.0591040764 0.1451040764 0.0
-0.0591040764 0.0601040764 0.0
-0.1441040764 0.1451040764 0.0
-0.0591040764 0.2653122292 0.0
-0.1441040764 0.2653122292 0.0
-0.0591040764 0.3503122292 0.0
0.0860000000 0.3254163056 0.0
0.0010000000 0.3254163056 0.0
-0.0591040764 0.2653122292 0.0
-0.0591040764 0.1803122292 0.0
-0.1441040764 0.2653122292 0.0
-0.0591040764 0.3855203820 0.0
-0.1441040764 0.3855203820 0.0
-0.0591040764 0.4705203820 0.0
0.0860000000 0.4104163056 0.0
0.0258959236 0.4705203820 0.0
-0.0591040764 0.4705203820 0.0
0.0258959236 0.5555203820 0.0
0.1461040764 0.4705203820 0.0
0.1461040764 0.5555203820 0.0
0.2311040764 0.4705203820 0.0
0.2311040764 0.3503122292 0.0
0.1710000000 0.4104163056 0.0
0.0860000000 0.4104163056 0.0
0.0258959236 0.3503122292 0.0
0.0258959236 0.2653122292 0.0
-0.0591040764 0.3503122292 0.0
0.0258959236 0.4705203820 0.0
-0.0591040764 0.4705203820 0.0
0.0258959236 0.5555203820 0.0
0.1710000000 0.4954163056 0.0
0.1108959236 0.5555203820 0.0
0.0258959236 0.5555203820 0.0
0.1108959236 0.6405203820 0.0
0.2311040764 0.5555203820 0.0
0.2311040764 0.6405203820 0.0
0.3161040764 0.5555203820 0.0
0.2912081528 0.4104163056 0.0
0.2912081528 0.4954163056 0.0
0.2311040764 0.5555203820 0.0
0.1461040764 0.5555203820 0.0
0.2311040764 0.6405203820 0.0
0.3513122292 0.5555203820 0.0
0.3513122292 0.6405203820 0.0
0.4363122292 0.5555203820 0.0
0.3762081528 0.4104163056 0.0
0.4363122292 0.4705203820 0.0
0.4363122292 0.5555203820 0.0
0.5213122292 0.4705203820 0.0
0.4363122292 0.3503122292 0.0
0.5213122292 0.3503122292 0.0
0.4363122292 0.2653122292 0.0
0.3513122292 0.2653122292 0.0
0.3513122292 0.3503122292 0.0
0.2912081528 0.4104163056 0.0
0.2062081528 0.4104163056 0.0
0.1461040764 0.3503122292 0.0
0.1461040764 0.2653122292 0.0
0.0611040764 0.3503122292 0.0
0.1461040764 0.4705203820 0.0
0.0611040764 0.4705203820 0.0
0.1461040764 0.5555203820 0.0
0.2912081528 0.4954163056 0.0
0.2311040764 0.5555203820 0.0
0.1461040764 0.5555203820 0.0
0.2311040764 0.6405203820 0.0
0.3513122292 0.5555203820 0.0
0.3513122292 0.6405203820 0.0
0.4363122292 0.5555203820 0.0
0.4114163056 0.4104163056 0.0
0.4114163056 0.4954163056 0.0
0.3513122292 0.5555203820 0.0
0.2663122292 0.5555203820 0.0
0.3513122292 0.6405203820 0.0
0.4715203820 0.5555203820 0.0
0.4715203820 0.6405203820 0.0
0.5565203820 0.5555203820 0.0
0.4964163056 0.4104163056 0.0
0.5565203820 0.4705203820 0.0
0.5565203820 0.5555203820 0.0
0.6415203820 0.4705203820 0.0
0.5565203820 0.3503122292 0.0
0.6415203820 0.3503122292 0.0
0.5565203820 0.2653122292 0.0
0.4363122292 0.2653122292 0.0
0.4964163056 0.3254163056 0.0
0.4964163056 0.4104163056 0.0
0.4363122292 0.4705203820 0.0
0.3513122292 0.4705203820 0.0
0.4363122292 0.5555203820 0.0
0.5565203820 0.4705203820 0.0
0.5565203820 0.5555203820 0.0
0.6415203820 0.4705203820 0.0
0.5814163056 0.3254163056 0.0
0.6415203820 0.3855203820 0.0
0.6415203820 0.4705203820 0.0
0.7265203820 0.3855203820 0.0
0.6415203820 0.2653122292 0.0
0.7265203820 0.2653122292 0.0
0.6415203820 0.1803122292 0.0
0.4964163056 0.2052081528 0.0
0.5814163056 0.2052081528 0.0
0.6415203820 0.2653122292 0.0
0.6415203820 0.3503122292 0.0
0.7265203820 0.2653122292 0.0
0.6415203820 0.1451040764 0.0
0.7265203820 0.1451040764 0.0
0.6415203820 0.0601040764 0.0
0.4964163056 0.1202081528 0.0
0.5565203820 0.0601040764 0.0
0.6415203820 0.0601040764 0.0
0.5565203820 -0.0248959236 0.0
0.4363122292 0.0601040764 0.0
0.4363122292 -0.0248959236 0.0
0.3513122292 0.0601040764 0.0
0.3762081528 0.1202081528 0.0
0.4363122292 0.1803122292 0.0
0.4363122292 0.2653122292 0.0
0.3762081528 0.3254163056 0.0
0.2912081528 0.3254163056 0.0
0.2311040764 0.2653122292 0.0
0.2311040764 0.1803122292 0.0
0.1461040764 0.2653122292 0.0
0.2311040764 0.3855203820 0.0
0.1461040764 0.3855203820 0.0
0.2311040764 0.4705203820 0.0
0.3762081528 0.4104163056 0.0
0.3161040764 0.4705203820 0.0
0.2311040764 0.4705203820 0.0
0.3161040764 0.5555203820 0.0
0.4363122292 0.4705203820 0.0
0.4363122292 0.5555203820 0.0
0.5213122292 0.4705203820 0.0
0.4964163056 0.3254163056 0.0
0.4964163056 0.4104163056 0.0
0.4363122292 0.4705203820 0.0
0.3513122292 0.4705203820 0.0
0.4363122292 0.5555203820 0.0
0.5565203820 0.4705203820 0.0
0.5565203820 0.5555203820 0.0
0.6415203820 0.4705203820 0.0
0.5814163056 0.3254163056 0.0
0.6415203820 0.3855203820 0.0
0.6415203820 0.4705203820 0.0
0.7265203820 0.3855203820 0.0
0.6415203820 0.2653122292 0.0
0.7265203820 0.2653122292 0.0
0.6415203820 0.1803122292 0.0
0.5213122292 0.1803122292 0.0
0.5814163056 0.2404163056 0.0
0.5814163056 0.3254163056 0.0
0.5213122292 0.3855203820 0.0
0.4363122292 0.3855203820 0.0
0.5213122292 0.4705203820 0.0
0.6415203820 0.3855203820 0.0
0.6415203820 0.4705203820 0.0
0.7265203820 0.3855203820 0.0
0.6664163056 0.2404163056 0.0
0.7265203820 0.3005203820 0.0
0.7265203820 0.3855203820 0.0
0.8115203820 0.3005203820 0.0
0.7265203820 0.1803122292 0.0
0.8115203820 0.1803122292 0.0
0.7265203820 0.0953122292 0.0
0.5814163056 0.1202081528 0.0
0.6664163056 0.1202081528 0.0
0.7265203820 0.1803122292 0.0
0.7265203820 0.2653122292 0.0
0.8115203820 0.1803122292 0.0
0.7265203820 0.0601040764 0.0
0.8115203820 0.0601040764 0.0
0.7265203820 -0.0248959236 0.0
0.5814163056 0.0352081528 0.0
0.6415203820 -0.0248959236 0.0
0.7265203820 -0.0248959236 0.0
0.6415203820 -0.1098959236 0.0
0.5213122292 -0.0248959236 0.0
0.5213122292 -0.1098959236 0.0
0.4363122292 -0.0248959236 0.0
0.4363122292 0.0601040764 0.0
0.5213122292 0.0601040764 0.0
0.5814163056 0.1202081528 0.0
0.5814163056 0.2052081528 0.0
0.5213122292 0.2653122292 0.0
0.4363122292 0.2653122292 0.0
0.5213122292 0.3503122292 0.0
0.6415203820 0.2653122292 0.0
0.6415203820 0.3503122292 0.0
0.7265203820 0.2653122292 0.0
0.6664163056 0.1202081528 0.0
0.7265203820 0.1803122292 0.0
0.7265203820 0.2653122292 0.0
0.8115203820 0.1803122292 0.0
0.7265203820 0.0601040764 0.0
0.8115203820 0.0601040764 0.0
0.7265203820 -0.0248959236 0.0
0.5814163056 0.0000000000 0.0
0.6664163056 0.0000000000 0.0
0.7265203820 0.0601040764 0.0
0.7265203820 0.1451040764 0.0
0.8115203820 0.0601040764 0.0
0.7265203820 -0.0601040764 0.0
0.8115203820 -0.0601040764 0.0
0.7265203820 -0.1451040764 0.0
0.5814163056 -0.0850000000 0.0
0.6415203820 -0.1451040764 0.0
0.7265203820 -0.1451040764 0.0
0.6415203820 -0.2301040764 0.0
0.5213122292 -0.1451040764 0.0
0.5213122292 -0.2301040764 0.0
0.4363122292 -0.1451040764 0.0
0.4363122292 -0.0248959236 0.0
0.4964163056 -0.0850000000 0.0
0.5814163056 -0.0850000000 0.0
0.6415203820 -0.0248959236 0.0
0.6415203820 0.0601040764 0.0
0.7265203820 -0.0248959236 0.0
0.6415203820 -0.1451040764 0.0
0.7265203820 -0.1451040764 0.0
0.6415203820 -0.2301040764 0.0
0.4964163056 -0.1700000000 0.0
0.5565203820 -0.2301040764 0.0
0.6415203820 -0.2301040764 0.0
0.5565203820 -0.3151040764 0.0
0.4363122292 -0.2301040764 0.0
0.4363122292 -0.3151040764 0.0
0.3513122292 -0.2301040764 0.0
0.3762081528 -0.0850000000 0.0
0.3762081528 -0.1700000000 0.0
0.4363122292 -0.2301040764 0.0
0.5213122292 -0.2301040764 0.0
0.4363122292 -0.3151040764 0.0
0.3161040764 -0.2301040764 0.0
0.3161040764 -0.3151040764 0.0
0.2311040764 -0.2301040764 0.0
0.2912081528 -0.0850000000 0.0
0.2311040764 -0.1451040764 0.0
0.2311040764 -0.2301040764 0.0
0.1461040764 -0.1451040764 0.0
0.2311040764 -0.0248959236 0.0
0.1461040764 -0.0248959236 0.0
0.2311040764 0.0601040764 0.0
0.2912081528 0.0000000000 0.0
0.3762081528 0.0000000000 0.0
0.4363122292 0.0601040764 0.0
0.4363122292 0.1451040764 0.0
0.3762081528 0.2052081528 0.0
0.2912081528 0.2052081528 0.0
0.2311040764 0.1451040764 0.0
0.2311040764 0.0601040764 0.0
0.1461040764 0.1451040764 0.0
0.2311040764 0.2653122292 0.0
0.1461040764 0.2653122292 0.0
0.2311040764 0.3503122292 0.0
0.3762081528 0.2902081528 0.0
0.3161040764 0.3503122292 0.0
0.2311040764 0.3503122292 0.0
0.3161040764 0.4353122292 0.0
0.4363122292 0.3503122292 0.0
0.4363122292 0.4353122292 0.0
0.5213122292 0.3503122292 0.0
0.4964163056 0.2052081528 0.0
0.4964163056 0.2902081528 0.0
0.4363122292 0.3503122292 0.0
0.3513122292 0.3503122292 0.0
0.4363122292 0.4353122292 0.0
0.5565203820 0.3503122292 0.0
0.5565203820 0.4353122292 0.0
0.6415203820 0.3503122292 0.0
0.5814163056 0.2052081528 0.0
0.6415203820 0.2653122292 0.0
0.6415203820 0.3503122292 0.0
0.7265203820 0.2653122292 0.0
0.6415203820 0.1451040764 0.0
0.7265203820 0.1451040764 0.0
0.6415203820 0.0601040764 0.0
0.5213122292 0.0601040764 0.0
0.5814163056 0.1202081528 0.0
0.5814163056 0.2052081528 0.0
0.5213122292 0.2653122292 0.0
0.4363122292 0.2653122292 0.0
0.5213122292 0.3503122292 0.0
0.6415203820 0.2653122292 0.0
0.6415203820 0.3503122292 0.0
0.7265203820 0.2653122292 0.0
0.6664163056 0.1202081528 0.0
0.7265203820 0.1803122292 0.0
0.7265203820 0.2653122292 0.0
0.8115203820 0.1803122292 0.0
0.7265203820 0.0601040764 0.0
0.8115203820 0.0601040764 0.0
0.7265203820 -0.0248959236 0.0
0.5814163056 0.0000000000 0.0
0.6664163056 0.0000000000 0.0
0.7265203820 0.0601040764 0.0
0.7265203820 0.1451040764 0.0
0.8115203820 0.0601040764 0.0
0.7265203820 -0.0601040764 0.0
0.8115203820 -0.0601040764 0.0
0.7265203820 -0.1451040764 0.0
0.5814163056 -0.0850000000 0.0
0.6415203820 -0.1451040764 0.0
0.7265203820 -0.1451040764 0.0
0.6415203820 -0.2301040764 0.0
0.5213122292 -0.1451040764 0.0
0.5213122292 -0.2301040764 0.0
0.4363122292 -0.1451040764 0.0
0.4363122292 -0.0601040764 0.0
0.5213122292 -0.0601040764 0.0
0.5814163056 0.0000000000 0.0
0.5814163056 0.0850000000 0.0
0.5213122292 0.1451040764 0.0
0.4363122292 0.1451040764 0.0
0.5213122292 0.2301040764 0.0
0.6415203820 0.1451040764 0.0
0.6415203820 0.2301040764 0.0
0.7265203820 0.1451040764 0.0
0.6664163056 0.0000000000 0.0
0.7265203820 0.0601040764 0.0
0.7265203820 0.1451040764 0.0
0.8115203820 0.0601040764 0.0
0.7265203820 -0.0601040764 0.0
0.8115203820 -0.0601040764 0.0
0.7265203820 -0.1451040764 0.0
0.5814163056 -0.1202081528 0.0
0.6664163056 -0.1202081528 0.0
0.7265203820 -0.0601040764 0.0
0.7265203820 0.0248959236 0.0
0.8115203820 -0.0601040764 0.0
0.7265203820 -0.1803122292 0.0
0.8115203820 -0.1803122292 0.0
0.7265203820 -0.2653122292 0.0
0.5814163056 -0.2052081528 0.0
0.6415203820 -0.2653122292 0.0
0.7265203820 -0.2653122292 0.0
0.6415203820 -0.3503122292 0.0
0.5213122292 -0.2653122292 0.0
0.5213122292 -0.3503122292 0.0
0.4363122292 -0.2653122292 0.0
0.4363122292 -0.1451040764 0.0
0.4964163056 -0.2052081528 0.0
0.5814163056 -0.2052081528 0.0
0.6415203820 -0.1451040764 0.0
0.6415203820 -0.0601040764 0.0
0.7265203820 -0.1451040764 0.0
0.6415203820 -0.2653122292 0.0
0.7265203820 -0.2653122292 0.0
0.6415203820 -0.3503122292 0.0
0.4964163056 -0.2902081528 0.0
0.5565203820 -0.3503122292 0.0
0.6415203820 -0.3503122292 0.0
0.5565203820 -0.4353122292 0.0
0.4363122292 -0.3503122292 0.0
0.4363122292 -0.4353122292 0.0
0.3513122292 -0.3503122292 0.0
0.3762081528 -0.2052081528 0.0
0.3762081528 -0.2902081528 0.0
0.4363122292 -0.3503122292 0.0
0.5213122292 -0.3503122292 0.0
0.4363122292 -0.4353122292 0.0
0.3161040764 -0.3503122292 0.0
0.3161040764 -0.4353122292 0.0
0.2311040764 -0.3503122292 0.0
0.2912081528 -0.2052081528 0.0
0.2311040764 -0.2653122292 0.0
0.2311040764 -0.3503122292 0.0
0.1461040764 -0.2653122292 0.0
0.2311040764 -0.1451040764 0.0
0.1461040764 -0.1451040764 0.0
0.2311040764 -0.0601040764 0.0
0.2912081528 -0.0850000000 0.0
0.3513122292 -0.1451040764 0.0
0.4363122292 -0.1451040764 0.0
0.4964163056 -0.0850000000 0.0
0.4964163056 0.0000000000 0.0
0.4363122292 0.0601040764 0.0
0.3513122292 0.0601040764 0.0
0.4363122292 0.1451040764 0.0
0.5565203820 0.0601040764 0.0
0.5565203820 0.1451040764 0.0
0.6415203820 0.0601040764 0.0
0.5814163056 -0.0850000000 0.0
0.6415203820 -0.0248959236 0.0
0.6415203820 0.0601040764 0.0
0.7265203820 -0.0248959236 0.0
0.6415203820 -0.1451040764 0.0
0.7265203820 -0.1451040764 0.0
0.6415203820 -0.2301040764 0.0
0.4964163056 -0.2052081528 0.0
0.5814163056 -0.2052081528 0.0
0.6415203820 -0.1451040764 0.0
0.6415203820 -0.0601040764 0.0
0.7265203820 -0.1451040764 0.0
0.6415203820 -0.2653122292 0.0
0.7265203820 -0.2653122292 0.0
0.6415203820 -0.3503122292 0.0
0.4964163056 -0.2902081528 0.0
0.5565203820 -0.3503122292 0.0
0.6415203820 -0.3503122292 0.0
0.5565203820 -0.4353122292 0.0
0.4363122292 -0.3503122292 0.0
0.4363122292 -0.4353122292 0.0
0.3513122292 -0.3503122292 0.0
0.3513122292 -0.2301040764 0.0
0.4114163056 -0.2902081528 0.0
0.4964163056 -0.2902081528 0.0
0.5565203820 -0.2301040764 0.0
0.5565203820 -0.1451040764 0.0
0.6415203820 -0.2301040764 0.0
0.5565203820 -0.3503122292 0.0
0.6415203820 -0.3503122292 0.0
0.5565203820 -0.4353122292 0.0
0.4114163056 -0.3752081528 0.0
0.4715203820 -0.4353122292 0.0
0.5565203820 -0.4353122292 0.0
0.4715203820 -0.5203122292 0.0
0.3513122292 -0.4353122292 0.0
0.3513122292 -0.5203122292 0.0
0.2663122292 -0.4353122292 0.0
0.2912081528 -0.2902081528 0.0
0.2912081528 -0.3752081528 0.0
0.3513122292 -0.4353122292 0.0
0.4363122292 -0.4353122292 0.0
0.3513122292 -0.5203122292 0.0
0.2311040764 -0.4353122292 0.0
0.2311040764 -0.5203122292 0.0
0.1461040764 -0.4353122292 0.0
0.2062081528 -0.2902081528 0.0
0.1461040764 -0.3503122292 0.0
0.1461040764 -0.4353122292 0.0
0.0611040764 -0.3503122292 0.0
0.1461040764 -0.2301040764 0.0
0.0611040764 -0.2301040764 0.0
0.1461040764 -0.1451040764 0.0
0.2311040764 -0.1451040764 0.0
0.2311040764 -0.2301040764 0.0
0.2912081528 -0.2902081528 0.0
0.3762081528 -0.2902081528 0.0
0.4363122292 -0.2301040764 0.0
0.4363122292 -0.1451040764 0.0
0.5213122292 -0.2301040764 0.0
0.4363122292 -0.3503122292 0.0
0.5213122292 -0.3503122292 0.0
0.4363122292 -0.4353122292 0.0
0.2912081528 -0.3752081528 0.0
0.3513122292 -0.4353122292 0.0
0.4363122292 -0.4353122292 0.0
0.3513122292 -0.5203122292 0.0
0.2311040764 -0.4353122292 0.0
0.2311040764 -0.5203122292 0.0
0.1461040764 -0.4353122292 0.0
0.1710000000 -0.2902081528 0.0
0.1710000000 -0.3752081528 0.0
0.2311040764 -0.4353122292 0.0
0.3161040764 -0.4353122292 0.0
0.2311040764 -0.5203122292 0.0
0.1108959236 -0.4353122292 0.0
0.1108959236 -0.5203122292 0.0
0.0258959236 -0.4353122292 0.0
0.0860000000 -0.2902081528 0.0
0.0258959236 -0.3503122292 0.0
0.0258959236 -0.4353122292 0.0
-0.0591040764 -0.3503122292 0.0
0.0258959236 -0.2301040764 0.0
-0.0591040764 -0.2301040764 0.0
0.0258959236 -0.1451040764 0.0
0.1461040764 -0.1451040764 0.0
0.0860000000 -0.2052081528 0.0
0.0860000000 -0.2902081528 0.0
0.1461040764 -0.3503122292 0.0
0.2311040764 -0.3503122292 0.0
0.1461040764 -0.4353122292 0.0
0.0258959236 -0.3503122292 0.0
0.0258959236 -0.4353122292 0.0
-0.0591040764 -0.3503122292 0.0
0.0010000000 -0.2052081528 0.0
-0.0591040764 -0.2653122292 0.0
-0.0591040764 -0.3503122292 0.0
-0.1441040764 -0.2653122292 0.0
-0.0591040764 -0.1451040764 0.0
-0.1441040764 -0.1451040764 0.0
-0.0591040764 -0.0601040764 0.0
0.0860000000 -0.0850000000 0.0
0.0010000000 -0.0850000000 0.0
-0.0591040764 -0.1451040764 0.0
-0.0591040764 -0.2301040764 0.0
-0.1441040764 -0.1451040764 0.0
-0.0591040764 -0.0248959236 0.0
-0.1441040764 -0.0248959236 0.0
-0.0591040764 0.0601040764 0.0
0.0860000000 0.0000000000 0.0
0.0258959236 0.0601040764 0.0
-0.0591040764 0.0601040764 0.0
0.0258959236 0.1451040764 0.0
0.1461040764 0.0601040764 0.0
0.1461040764 0.1451040764 0.0
0.2311040764 0.0601040764 0.0
0.1461040764 -0.0601040764 0.0
0.2311040764 -0.0601040764 0.0
0.2912081528 0.0000000000 0.0
0.2912081528 0.0850000000 0.0
0.2311040764 0.1451040764 0.0
0.1461040764 0.1451040764 0.0
0.0860000000 0.0850000000 0.0
0.0860000000 -0.0000000000 0.0
0.1461040764 -0.0601040764 0.0
0.2311040764 -0.0601040764 0.0
0.1461040764 -0.1451040764 0.0
0.0258959236 -0.0601040764 0.0
0.0258959236 -0.1451040764 0.0
-0.0591040764 -0.0601040764 0.0
0.0010000000 0.0850000000 0.0
-0.0591040764 0.0248959236 0.0
-0.0591040764 -0.0601040764 0.0
-0.1441040764 0.0248959236 0.0
-0.0591040764 0.1451040764 0.0
-0.1441040764 0.1451040764 0.0
-0.0591040764 0.2301040764 0.0
0.0860000000 0.2052081528 0.0
0.0010000000 0.2052081528 0.0
-0.0591040764 0.1451040764 0.0
-0.0591040764 0.0601040764 0.0
-0.1441040764 0.1451040764 0.0
-0.0591040764 0.2653122292 0.0
-0.1441040764 0.2653122292 0.0
-0.0591040764 0.3503122292 0.0
0.0860000000 0.2902081528 0.0
0.0258959236 0.3503122292 0.0
-0.0591040764 0.3503122292 0.0
0.0258959236 0.4353122292 0.0
0.1461040764 0.3503122292 0.0
0.1461040764 0.4353122292 0.0
0.2311040764 0.3503122292 0.0
0.2311040764 0.2301040764 0.0
0.1710000000 0.2902081528 0.0
0.0860000000 0.2902081528 0.0
0.0258959236 0.2301040764 0.0
0.0258959236 0.1451040764 0.0
-0.0591040764 0.2301040764 0.0
0.0258959236 0.3503122292 0.0
-0.0591040764 0.3503122292 0.0
0.0258959236 0.4353122292 0.0
0.1710000000 0.3752081528 0.0
0.1108959236 0.4353122292 0.0
0.0258959236 0.4353122292 0.0
0.1108959236 0.5203122292 0.0
0.2311040764 0.4353122292 0.0
0.2311040764 0.5203122292 0.0
0.3161040764 0.4353122292 0.0
0.2912081528 0.2902081528 0.0
0.2912081528 0.3752081528 0.0
0.2311040764 0.4353122292 0.0
0.1461040764 0.4353122292 0.0
0.2311040764 0.5203122292 0.0
0.3513122292 0.4353122292 0.0
0.3513122292 0.5203122292 0.0
0.4363122292 0.4353122292 0.0
0.3762081528 0.2902081528 0.0
0.4363122292 0.3503122292 0.0
0.4363122292 0.4353122292 0.0
0.5213122292 0.3503122292 0.0
0.4363122292 0.2301040764 0.0
0.5213122292 0.2301040764 0.0
0.4363122292 0.1451040764 0.0
0.3513122292 0.1451040764 0.0
0.3513122292 0.2301040764 0.0
0.2912081528 0.2902081528 0.0
0.2062081528 0.2902081528 0.0
0.1461040764 0.2301040764 0.0
0.1461040764 0.1451040764 0.0
0.0611040764 0.2301040764 0.0
0.1461040764 0.3503122292 0.0
0.0611040764 0.3503122292 0.0
0.1461040764 0.4353122292 0.0
0.2912081528 0.3752081528 0.0
0.2311040764 0.4353122292 0.0
0.1461040764 0.4353122292 0.0
0.2311040764 0.5203122292 0.0
0.3513122292 0.4353122292 0.0
0.3513122292 0.5203122292 0.0
0.4363122292 0.4353122292 0.0
0.4114163056 0.2902081528 0.0
0.4114163056 0.3752081528 0.0
0.3513122292 0.4353122292 0.0
0.2663122292 0.4353122292 0.0
0.3513122292 0.5203122292 0.0
0.4715203820 0.4353122292 0.0
0.4715203820 0.5203122292 0.0
0.5565203820 0.4353122292 0.0
0.4964163056 0.2902081528 0.0
0.5565203820 0.3503122292 0.0
0.5565203820 0.4353122292 0.0
0.6415203820 0.3503122292 0.0
0.5565203820 0.2301040764 0.0
0.6415203820 0.2301040764 0.0
0.5565203820 0.1451040764 0.0
0.4363122292 0.1451040764 0.0
0.4964163056 0.2052081528 0.0
0.4964163056 0.2902081528 0.0
0.4363122292 0.3503122292 0.0
0.3513122292 0.3503122292 0.0
0.4363122292 0.4353122292 0.0
0.5565203820 0.3503122292 0.0
0.5565203820 0.4353122292 0.0
0.6415203820 0.3503122292 0.0
0.5814163056 0.2052081528 0.0
0.6415203820 0.2653122292 0.0
0.6415203820 0.3503122292 0.0
0.7265203820 0.2653122292 0.0
0.6415203820 0.1451040764 0.0
0.7265203820 0.1451040764 0.0
0.6415203820 0.0601040764 0.0
0.4964163056 0.0850000000 0.0
0.5814163056 0.0850000000 0.0
0.6415203820 0.1451040764 0.0
0.6415203820 0.2301040764 0.0
0.7265203820 0.1451040764 0.0
0.6415203820 0.0248959236 0.0
0.7265203820 0.0248959236 0.0
0.6415203820 -0.0601040764 0.0
0.4964163056 -0.0000000000 0.0
0.5565203820 -0.0601040764 0.0
0.6415203820 -0.0601040764 0.0
0.5565203820 -0.1451040764 0.0
0.4363122292 -0.0601040764 0.0
0.4363122292 -0.1451040764 0.0
0.3513122292 -0.0601040764 0.0
0.3762081528 0.0000000000 0.0
0.4363122292 0.0601040764 0.0
0.4363122292 0.1451040764 0.0
0.3762081528 0.2052081528 0.0
0.2912081528 0.2052081528 0.0
0.2311040764 0.1451040764 0.0
0.2311040764 0.0601040764 0.0
0.1461040764 0.1451040764 0.0
0.2311040764 0.2653122292 0.0
0.1461040764 0.2653122292 0.0
0.2311040764 0.3503122292 0.0
0.3762081528 0.2902081528 0.0
0.3161040764 0.3503122292 0.0
0.2311040764 0.3503122292 0.0
0.3161040764 0.4353122292 0.0
0.4363122292 0.3503122292 0.0
0.4363122292 0.4353122292 0.0
0.5213122292 0.3503122292 0.0
0.4964163056 0.2052081528 0.0
0.4964163056 0.2902081528 0.0
0.4363122292 0.3503122292 0.0
0.3513122292 0.3503122292 0.0
0.4363122292 0.4353122292 0.0
0.5565203820 0.3503122292 0.0
0.5565203820 0.4353122292 0.0
0.6415203820 0.3503122292 0.0
0.5814163056 0.2052081528 0.0
0.6415203820 0.2653122292 0.0
0.6415203820 0.3503122292 0.0
0.7265203820 0.2653122292 0.0
0.6415203820 0.1451040764 0.0
0.7265203820 0.1451040764 0.0
0.6415203820 0.0601040764 0.0
0.5213122292 0.0601040764 0.0
0.5814163056 0.1202081528 0.0
0.5814163056 0.2052081528 0.0
0.5213122292 0.2653122292 0.0
0.4363122292 0.2653122292 0.0
0.5213122292 0.3503122292 0.0
0.6415203820 0.2653122292 0.0
0.6415203820 0.3503122292 0.0
0.7265203820 0.2653122292 0.0
0.6664163056 0.1202081528 0.0
0.7265203820 0.1803122292 0.0
0.7265203820 0.2653122292 0.0
0.8115203820 0.1803122292 0.0
0.7265203820 0.0601040764 0.0
0.8115203820 0.0601040764 0.0
0.7265203820 -0.0248959236 0.0
0.5814163056 0.0000000000 0.0
0.6664163056 0.0000000000 0.0
0.7265203820 0.0601040764 0.0
0.7265203820 0.1451040764 0.0
0.8115203820 0.0601040764 0.0
0.7265203820 -0.0601040764 0.0
0.8115203820 -0.0601040764 0.0
0.7265203820 -0.1451040764 0.0
0.5814163056 -0.0850000000 0.0
0.6415203820 -0.1451040764 0.0
0.7265203820 -0.1451040764 0.0
0.6415203820 -0.2301040764 0.0
0.5213122292 -0.1451040764 0.0
0.5213122292 -0.2301040764 0.0
0.4363122292 -0.1451040764 0.0
0.4363122292 -0.0601040764 0.0
0.5213122292 -0.0601040764 0.0
0.5814163056 0.0000000000 0.0
0.5814163056 0.0850000000 0.0
0.5213122292 0.1451040764 0.0
0.4363122292 0.1451040764 0.0
0.5213122292 0.2301040764 0.0
0.6415203820 0.1451040764 0.0
0.6415203820 0.2301040764 0.0
0.7265203820 0.1451040764 0.0
0.6664163056 0.0000000000 0.0
0.7265203820 0.0601040764 0.0
0.7265203820 0.1451040764 0.0
0.8115203820 0.0601040764 0.0
0.7265203820 -0.0601040764 0.0
0.8115203820 -0.0601040764 0.0
0.7265203820 -0.1451040764 0.0
0.5814163056 -0.1202081528 0.0
0.6664163056 -0.1202081528 0.0
0.7265203820 -0.0601040764 0.0
0.7265203820 0.0248959236 0.0
0.8115203820 -0.0601040764 0.0
0.7265203820 -0.1803122292 0.0
0.8115203820 -0.1803122292 0.0
0.7265203820 -0.2653122292 0.0
0.5814163056 -0.2052081528 0.0
0.6415203820 -0.2653122292 0.0
0.7265203820 -0.2653122292 0.0
0.6415203820 -0.3503122292 0.0
0.5213122292 -0.2653122292 0.0
0.5213122292 -0.3503122292 0.0
0.4363122292 -0.2653122292 0.0
0.4363122292 -0.1451040764 0.0
0.4964163056 -0.2052081528 0.0
0.5814163056 -0.2052081528 0.0
0.6415203820 -0.1451040764 0.0
0.6415203820 -0.0601040764 0.0
0.7265203820 -0.1451040764 0.0
0.6415203820 -0.2653122292 0.0
0.7265203820 -0.2653122292 0.0
0.6415203820 -0.3503122292 0.0
0.4964163056 -0.2902081528 0.0
0.5565203820 -0.3503122292 0.0
0.6415203820 -0.3503122292 0.0
0.5565203820 -0.4353122292 0.0
0.4363122292 -0.3503122292 0.0
0.4363122292 -0.4353122292 0.0
0.3513122292 -0.3503122292 0.0
0.3762081528 -0.2052081528 0.0
0.3762081528 -0.2902081528 0.0
0.4363122292 -0.3503122292 0.0
0.5213122292 -0.3503122292 0.0
0.4363122292 -0.4353122292 0.0
0.3161040764 -0.3503122292 0.0
0.3161040764 -0.4353122292 0.0
0.2311040764 -0.3503122292 0.0
0.2912081528 -0.2052081528 0.0
0.2311040764 -0.2653122292 0.0
0.2311040764 -0.3503122292 0.0
0.1461040764 -0.2653122292 0.0
0.2311040764 -0.1451040764 0.0
0.1461040764 -0.1451040764 0.0
0.2311040764 -0.0601040764 0.0
0.2912081528 -0.1202081528 0.0
0.3762081528 -0.1202081528 0.0
0.4363122292 -0.0601040764 0.0
0.4363122292 0.0248959236 0.0
0.3762081528 0.0850000000 0.0
0.2912081528 0.0850000000 0.0
0.2311040764 0.0248959236 0.0
0.2311040764 -0.0601040764 0.0
0.1461040764 0.0248959236 0.0
0.2311040764 0.1451040764 0.0
0.1461040764 0.1451040764 0.0
0.2311040764 0.2301040764 0.0
0.3762081528 0.1700000000 0.0
0.3161040764 0.2301040764 0.0
0.2311040764 0.2301040764 0.0
0.3161040764 0.3151040764 0.0
0.4363122292 0.2301040764 0.0
0.4363122292 0.3151040764 0.0
0.5213122292 0.2301040764 0.0
0.4964163056 0.0850000000 0.0
0.4964163056 0.1700000000 0.0
0.4363122292 0.2301040764 0.0
0.3513122292 0.2301040764 0.0
0.4363122292 0.3151040764 0.0
0.5565203820 0.2301040764 0.0
0.5565203820 0.3151040764 0.0
0.6415203820 0.2301040764 0.0
0.5814163056 0.0850000000 0.0
0.6415203820 0.1451040764 0.0
0.6415203820 0.2301040764 0.0
0.7265203820 0.1451040764 0.0
0.6415203820 0.0248959236 0.0
0.7265203820 0.0248959236 0.0
0.6415203820 -0.0601040764 0.0
0.5213122292 -0.0601040764 0.0
0.5814163056 0.0000000000 0.0
0.5814163056 0.0850000000 0.0
0.5213122292 0.1451040764 0.0
0.4363122292 0.1451040764 0.0
0.5213122292 0.2301040764 0.0
0.6415203820 0.1451040764 0.0
0.6415203820 0.2301040764 0.0
0.7265203820 0.1451040764 0.0
0.6664163056 0.0000000000 0.0
0.7265203820 0.0601040764 0.0
0.7265203820 0.1451040764 0.0
0.8115203820 0.0601040764 0.0
0.7265203820 -0.0601040764 0.0
0.8115203820 -0.0601040764 0.0
0.7265203820 -0.1451040764 0.0
0.5814163056 -0.1202081528 0.0
0.6664163056 -0.1202081528 0.0
0.7265203820 -0.0601040764 0.0
0.7265203820 0.0248959236 0.0
0.8115203820 -0.0601040764 0.0
0.7265203820 -0.1803122292 0.0
0.8115203820 -0.1803122292 0.0
0.7265203820 -0.2653122292 0.0
0.5814163056 -0.2052081528 0.0
0.6415203820 -0.2653122292 0.0
0.7265203820 -0.2653122292 0.0
0.6415203820 -0.3503122292 0.0
0.5213122292 -0.2653122292 0.0
0.5213122292 -0.3503122292 0.0
0.4363122292 -0.2653122292 0.0
0.4363122292 -0.1803122292 0.0
0.5213122292 -0.1803122292 0.0
0.5814163056 -0.1202081528 0.0
0.5814163056 -0.0352081528 0.0
0.5213122292 0.0248959236 0.0
0.4363122292 0.0248959236 0.0
0.5213122292 0.1098959236 0.0
0.6415203820 0.0248959236 0.0
0.6415203820 0.1098959236 0.0
0.7265203820 0.0248959236 0.0
0.6664163056 -0.1202081528 0.0
0.7265203820 -0.0601040764 0.0
0.7265203820 0.0248959236 0.0
0.8115203820 -0.0601040764 0.0
0.7265203820 -0.1803122292 0.0
0.8115203820 -0.1803122292 0.0
0.7265203820 -0.2653122292 0.0
0.5814163056 -0.2404163056 0.0
0.6664163056 -0.2404163056 0.0
0.7265203820 -0.1803122292 0.0
0.7265203820 -0.0953122292 0.0
0.8115203820 -0.1803122292 0.0
0.7265203820 -0.3005203820 0.0
0.8115203820 -0.3005203820 0.0
0.7265203820 -0.3855203820 0.0
0.5814163056 -0.3254163056 0.0
0.6415203820 -0.3855203820 0.0
0.7265203820 -0.3855203820 0.0
0.6415203820 -0.4705203820 0.0
0.5213122292 -0.3855203820 0.0
0.5213122292 -0.4705203820 0.0
0.4363122292 -0.3855203820 0.0
0.4363122292 -0.2653122292 0.0
0.4964163056 -0.3254163056 0.0
0.5814163056 -0.3254163056 0.0
0.6415203820 -0.2653122292 0.0
0.6415203820 -0.1803122292 0.0
0.7265203820 -0.2653122292 0.0
0.6415203820 -0.3855203820 0.0
0.7265203820 -0.3855203820 0.0
0.6415203820 -0.4705203820 0.0
0.4964163056 -0.4104163056 0.0
0.5565203820 -0.4705203820 0.0
0.6415203820 -0.4705203820 0.0
0.5565203820 -0.5555203820 0.0
0.4363122292 -0.4705203820 0.0
0.4363122292 -0.5555203820 0.0
0.3513122292 -0.4705203820 0.0
0.3762081528 -0.3254163056 0.0
0.3762081528 -0.4104163056 0.0
0.4363122292 -0.4705203820 0.0
0.5213122292 -0.4705203820 0.0
0.4363122292 -0.5555203820 0.0
0.3161040764 -0.4705203820 0.0
0.3161040764 -0.5555203820 0.0
0.2311040764 -0.4705203820 0.0
0.2912081528 -0.3254163056 0.0
0.2311040764 -0.3855203820 0.0
0.2311040764 -0.4705203820 0.0
0.1461040764 -0.3855203820 0.0
0.2311040764 -0.2653122292 0.0
0.1461040764 -0.2653122292 0.0
0.2311040764 -0.1803122292 0.0
0.2912081528 -0.2052081528 0.0
0.3513122292 -0.2653122292 0.0
0.4363122292 -0.2653122292 0.0
0.4964163056 -0.2052081528 0.0
0.4964163056 -0.1202081528 0.0
0.4363122292 -0.0601040764 0.0
0.3513122292 -0.0601040764 0.0
0.4363122292 0.0248959236 0.0
0.5565203820 -0.0601040764 0.0
0.5565203820 0.0248959236 0.0
0.6415203820 -0.0601040764 0.0
0.5814163056 -0.2052081528 0.0
0.6415203820 -0.1451040764 0.0
0.6415203820 -0.0601040764 0.0
0.7265203820 -0.1451040764 0.0
0.6415203820 -0.2653122292 0.0
0.7265203820 -0.2653122292 0.0
0.6415203820 -0.3503122292 0.0
0.4964163056 -0.3254163056 0.0
0.5814163056 -0.3254163056 0.0
0.6415203820 -0.2653122292 0.0
0.6415203820 -0.1803122292 0.0
0.7265203820 -0.2653122292 0.0
0.6415203820 -0.3855203820 0.0
0.7265203820 -0.3855203820 0.0
0.6415203820 -0.4705203820 0.0
0.4964163056 -0.4104163056 0.0
0.5565203820 -0.4705203820 0.0
0.6415203820 -0.4705203820 0.0
0.5565203820 -0.5555203820 0.0
0.4363122292 -0.4705203820 0.0
0.4363122292 -0.5555203820 0.0
0.3513122292 -0.4705203820 0.0
0.3513122292 -0.3503122292 0.0
0.4114163056 -0.4104163056 0.0
0.4964163056 -0.4104163056 0.0
0.5565203820 -0.3503122292 0.0
0.5565203820 -0.2653122292 0.0
0.6415203820 -0.3503122292 0.0
0.5565203820 -0.4705203820 0.0
0.6415203820 -0.4705203820 0.0
0.5565203820 -0.5555203820 0.0
0.4114163056 -0.4954163056 0.0
0.4715203820 -0.5555203820 0.0
0.5565203820 -0.5555203820 0.0
0.4715203820 -0.6405203820 0.0
0.3513122292 -0.5555203820 0.0
0.3513122292 -0.6405203820 0.0
0.2663122292 -0.5555203820 0.0
0.2912081528 -0.4104163056 0.0
0.2912081528 -0.4954163056 0.0
0.3513122292 -0.5555203820 0.0
0.4363122292 -0.5555203820 0.0
0.3513122292 -0.6405203820 0.0
0.2311040764 -0.5555203820 0.0
0.2311040764 -0.6405203820 0.0
0.1461040764 -0.5555203820 0.0
0.2062081528 -0.4104163056 0.0
0.1461040764 -0.4705203820 0.0
0.1461040764 -0.5555203820 0.0
0.0611040764 -0.4705203820 0.0
0.1461040764 -0.3503122292 0.0
0.0611040764 -0.3503122292 0.0
0.1461040764 -0.2653122292 0.0
0.2311040764 -0.2653122292 0.0
0.2311040764 -0.3503122292 0.0
0.2912081528 -0.4104163056 0.0
0.3762081528 -0.4104163056 0.0
0.4363122292 -0.3503122292 0.0
0.4363122292 -0.2653122292 0.0
0.5213122292 -0.3503122292 0.0
0.4363122292 -0.4705203820 0.0
0.5213122292 -0.4705203820 0.0
0.4363122292 -0.5555203820 0.0
0.2912081528 -0.4954163056 0.0
0.3513122292 -0.5555203820 0.0
0.4363122292 -0.5555203820 0.0
0.3513122292 -0.6405203820 0.0
0.2311040764 -0.5555203820 0.0
0.2311040764 -0.6405203820 0.0
0.1461040764 -0.5555203820 0.0
0.1710000000 -0.4104163056 0.0
0.1710000000 -0.4954163056 0.0
0.2311040764 -0.5555203820 0.0
0.3161040764 -0.5555203820 0.0
0.2311040764 -0.6405203820 0.0
0.1108959236 -0.5555203820 0.0
0.1108959236 -0.6405203820 0.0
0.0258959236 -0.5555203820 0.0
0.0860000000 -0.4104163056 0.0
0.0258959236 -0.4705203820 0.0
0.0258959236 -0.5555203820 0.0
-0.0591040764 -0.4705203820 0.0
0.0258959236 -0.3503122292 0.0
-0.0591040764 -0.3503122292 0.0
0.0258959236 -0.2653122292 0.0
0.1461040764 -0.2653122292 0.0
0.0860000000 -0.3254163056 0.0
0.0860000000 -0.4104163056 0.0
0.1461040764 -0.4705203820 0.0
0.2311040764 -0.4705203820 0.0
0.1461040764 -0.5555203820 0.0
0.0258959236 -0.4705203820 0.0
0.0258959236 -0.5555203820 0.0
-0.0591040764 -0.4705203820 0.0
0.0010000000 -0.3254163056 0.0
-0.0591040764 -0.3855203820 0.0
-0.0591040764 -0.4705203820 0.0
-0.1441040764 -0.3855203820 0.0
-0.0591040764 -0.2653122292 0.0
-0.1441040764 -0.2653122292 0.0
-0.0591040764 -0.1803122292 0.0
0.0860000000 -0.2052081528 0.0
0.0010000000 -0.2052081528 0.0
-0.0591040764 -0.2653122292 0.0
-0.0591040764 -0.3503122292 0.0
-0.1441040764 -0.2653122292 0.0
-0.0591040764 -0.1451040764 0.0
-0.1441040764 -0.1451040764 0.0
-0.0591040764 -0.0601040764 0.0
0.0860000000 -0.1202081528 0.0
0.0258959236 -0.0601040764 0.0
-0.0591040764 -0.0601040764 0.0
0.0258959236 0.0248959236 0.0
0.1461040764 -0.0601040764 0.0
0.1461040764 0.0248959236 0.0
0.2311040764 -0.0601040764 0.0
0.1461040764 -0.1451040764 0.0
0.2062081528 -0.2052081528 0.0
0.2912081528 -0.2052081528 0.0
0.3513122292 -0.1451040764 0.0
0.3513122292 -0.0601040764 0.0
0.2912081528 0.0000000000 0.0
0.2062081528 0.0000000000 0.0
0.1461040764 -0.0601040764 0.0
0.1461040764 -0.1451040764 0.0
0.0611040764 -0.0601040764 0.0
0.1461040764 0.0601040764 0.0
0.0611040764 0.0601040764 0.0
0.1461040764 0.1451040764 0.0
0.2912081528 0.0850000000 0.0
0.2311040764 0.1451040764 0.0
0.1461040764 0.1451040764 0.0
0.2311040764 0.2301040764 0.0
0.3513122292 0.1451040764 0.0
0.3513122292 0.2301040764 0.0
0.4363122292 0.1451040764 0.0
0.4114163056 0.0000000000 0.0
0.4114163056 0.0850000000 0.0
0.3513122292 0.1451040764 0.0
0.2663122292 0.1451040764 0.0
0.3513122292 0.2301040764 0.0
0.4715203820 0.1451040764 0.0
0.4715203820 0.2301040764 0.0
0.5565203820 0.1451040764 0.0
0.4964163056 0.0000000000 0.0
0.5565203820 0.0601040764 0.0
0.5565203820 0.1451040764 0.0
0.6415203820 0.0601040764 0.0
0.5565203820 -0.0601040764 0.0
0.6415203820 -0.0601040764 0.0
0.5565203820 -0.1451040764 0.0
0.4363122292 -0.1451040764 0.0
0.4964163056 -0.0850000000 0.0
0.4964163056 0.0000000000 0.0
0.4363122292 0.0601040764 0.0
0.3513122292 0.0601040764 0.0
0.4363122292 0.1451040764 0.0
0.5565203820 0.0601040764 0.0
0.5565203820 0.1451040764 0.0
0.6415203820 0.0601040764 0.0
0.5814163056 -0.0850000000 0.0
0.6415203820 -0.0248959236 0.0
0.6415203820 0.0601040764 0.0
0.7265203820 -0.0248959236 0.0
0.6415203820 -0.1451040764 0.0
0.7265203820 -0.1451040764 0.0
0.6415203820 -0.2301040764 0.0
0.4964163056 -0.2052081528 0.0
0.5814163056 -0.2052081528 0.0
0.6415203820 -0.1451040764 0.0
0.6415203820 -0.0601040764 0.0
0.7265203820 -0.1451040764 0.0
0.6415203820 -0.2653122292 0.0
0.7265203820 -0.2653122292 0.0
0.6415203820 -0.3503122292 0.0
0.4964163056 -0.2902081528 0.0
0.5565203820 -0.3503122292 0.0
0.6415203820 -0.3503122292 0.0
0.5565203820 -0.4353122292 0.0
0.4363122292 -0.3503122292 0.0
0.4363122292 -0.4353122292 0.0
0.3513122292 -0.3503122292 0.0
0.3513122292 -0.2653122292 0.0
0.4363122292 -0.2653122292 0.0
0.4964163056 -0.2052081528 0.0
0.4964163056 -0.1202081528 0.0
0.4363122292 -0.0601040764 0.0
0.3513122292 -0.0601040764 0.0
0.4363122292 0.0248959236 0.0
0.5565203820 -0.0601040764 0.0
0.5565203820 0.0248959236 0.0
0.6415203820 -0.0601040764 0.0
0.5814163056 -0.2052081528 0.0
0.6415203820 -0.1451040764 0.0
0.6415203820 -0.0601040764 0.0
0.7265203820 -0.1451040764 0.0
0.6415203820 -0.2653122292 0.0
0.7265203820 -0.2653122292 0.0
0.6415203820 -0.3503122292 0.0
0.4964163056 -0.3254163056 0.0
0.5814163056 -0.3254163056 0.0
0.6415203820 -0.2653122292 0.0
0.6415203820 -0.1803122292 0.0
0.7265203820 -0.2653122292 0.0
0.6415203820 -0.3855203820 0.0
0.7265203820 -0.3855203820 0.0
0.6415203820 -0.4705203820 0.0
0.4964163056 -0.4104163056 0.0
0.5565203820 -0.4705203820 0.0
0.6415203820 -0.4705203820 0.0
0.5565203820 -0.5555203820 0.0
0.4363122292 -0.4705203820 0.0
0.4363122292 -0.5555203820 0.0
0.3513122292 -0.4705203820 0.0
0.3513122292 -0.3503122292 0.0
0.4114163056 -0.4104163056 0.0
0.4964163056 -0.4104163056 0.0
0.5565203820 -0.3503122292 0.0
0.5565203820 -0.2653122292 0.0
0.6415203820 -0.3503122292 0.0
0.5565203820 -0.4705203820 0.0
0.6415203820 -0.4705203820 0.0
0.5565203820 -0.5555203820 0.0
0.4114163056 -0.4954163056 0.0
0.4715203820 -0.5555203820 0.0
0.5565203820 -0.5555203820 0.0
0.4715203820 -0.6405203820 0.0
0.3513122292 -0.5555203820 0.0
0.3513122292 -0.6405203820 0.0
0.2663122292 -0.5555203820 0.0
0.2912081528 -0.4104163056 0.0
0.2912081528 -0.4954163056 0.0
0.3513122292 -0.5555203820 0.0
0.4363122292 -0.5555203820 0.0
0.3513122292 -0.6405203820 0.0
0.2311040764 -0.5555203820 0.0
0.2311040764 -0.6405203820 0.0
0.1461040764 -0.5555203820 0.0
0.2062081528 -0.4104163056 0.0
0.1461040764 -0.4705203820 0.0
0.1461040764 -0.5555203820 0.0
0.0611040764 -0.4705203820 0.0
0.1461040764 -0.3503122292 0.0
0.0611040764 -0.3503122292 0.0
0.1461040764 -0.2653122292 0.0
0.2062081528 -0.2902081528 0.0
0.2663122292 -0.3503122292 0.0
0.3513122292 -0.3503122292 0.0
0.4114163056 -0.2902081528 0.0
0.4114163056 -0.2052081528 0.0
0.3513122292 -0.1451040764 0.0
0.2663122292 -0.1451040764 0.0
0.3513122292 -0.0601040764 0.0
0.4715203820 -0.1451040764 0.0
0.4715203820 -0.0601040764 0.0
0.5565203820 -0.1451040764 0.0
0.4964163056 -0.2902081528 0.0
0.5565203820 -0.2301040764 0.0
0.5565203820 -0.1451040764 0.0
0.6415203820 -0.2301040764 0.0
0.5565203820 -0.3503122292 0.0
0.6415203820 -0.3503122292 0.0
0.5565203820 -0.4353122292 0.0
0.4114163056 -0.4104163056 0.0
0.4964163056 -0.4104163056 0.0
0.5565203820 -0.3503122292 0.0
0.5565203820 -0.2653122292 0.0
0.6415203820 -0.3503122292 0.0
0.5565203820 -0.4705203820 0.0
0.6415203820 -0.4705203820 0.0
0.5565203820 -0.5555203820 0.0
0.4114163056 -0.4954163056 0.0
0.4715203820 -0.5555203820 0.0
0.5565203820 -0.5555203820 0.0
0.4715203820 -0.6405203820 0.0
0.3513122292 -0.5555203820 0.0
0.3513122292 -0.6405203820 0.0
0.2663122292 -0.5555203820 0.0
0.2663122292 -0.4353122292 0.0
0.3264163056 -0.4954163056 0.0
0.4114163056 -0.4954163056 0.0
0.4715203820 -0.4353122292 0.0
0.4715203820 -0.3503122292 0.0
0.5565203820 -0.4353122292 0.0
0.4715203820 -0.5555203820 0.0
0.5565203820 -0.5555203820 0.0
0.4715203820 -0.6405203820 0.0
0.3264163056 -0.5804163056 0.0
0.3865203820 -0.6405203820 0.0
0.4715203820 -0.6405203820 0.0
0.3865203820 -0.7255203820 0.0
0.2663122292 -0.6405203820 0.0
0.2663122292 -0.7255203820 0.0
0.1813122292 -0.6405203820 0.0
0.2062081528 -0.4954163056 0.0
0.2062081528 -0.5804163056 0.0
0.2663122292 -0.6405203820 0.0
0.3513122292 -0.6405203820 0.0
0.2663122292 -0.7255203820 0.0
0.1461040764 -0.6405203820 0.0
0.1461040764 -0.7255203820 0.0
0.0611040764 -0.6405203820 0.0
0.1212081528 -0.4954163056 0.0
0.0611040764 -0.5555203820 0.0
0.0611040764 -0.6405203820 0.0
-0.0238959236 -0.5555203820 0.0
0.0611040764 -0.4353122292 0.0
-0.0238959236 -0.4353122292 0.0
0.0611040764 -0.3503122292 0.0
0.1461040764 -0.3503122292 0.0
0.1461040764 -0.4353122292 0.0
0.2062081528 -0.4954163056 0.0
0.2912081528 -0.4954163056 0.0
0.3513122292 -0.4353122292 0.0
0.3513122292 -0.3503122292 0.0
0.4363122292 -0.4353122292 0.0
0.3513122292 -0.5555203820 0.0
0.4363122292 -0.5555203820 0.0
0.3513122292 -0.6405203820 0.0
0.2062081528 -0.5804163056 0.0
0.2663122292 -0.6405203820 0.0
0.3513122292 -0.6405203820 0.0
0.2663122292 -0.7255203820 0.0
0.1461040764 -0.6405203820 0.0
0.1461040764 -0.7255203820 0.0
0.0611040764 -0.6405203820 0.0
0.0860000000 -0.4954163056 0.0
0.0860000000 -0.5804163056 0.0
0.1461040764 -0.6405203820 0.0
0.2311040764 -0.6405203820 0.0
0.1461040764 -0.7255203820 0.0
0.0258959236 -0.6405203820 0.0
0.0258959236 -0.7255203820 0.0
-0.0591040764 -0.6405203820 0.0
0.0010000000 -0.4954163056 0.0
-0.0591040764 -0.5555203820 0.0
-0.0591040764 -0.6405203820 0.0
-0.1441040764 -0.5555203820 0.0
-0.0591040764 -0.4353122292 0.0
-0.1441040764 -0.4353122292 0.0
-0.0591040764 -0.3503122292 0.0
0.0611040764 -0.3503122292 0.0
0.0010000000 -0.4104163056 0.0
0.0010000000 -0.4954163056 0.0
0.0611040764 -0.5555203820 0.0
0.1461040764 -0.5555203820 0.0
0.0611040764 -0.6405203820 0.0
-0.0591040764 -0.5555203820 0.0
-0.0591040764 -0.6405203820 0.0
-0.1441040764 -0.5555203820 0.0
-0.0840000000 -0.4104163056 0.0
-0.1441040764 -0.4705203820 0.0
-0.1441040764 -0.5555203820 0.0
-0.2291040764 -0.4705203820 0.0
-0.1441040764 -0.3503122292 0.0
-0.2291040764 -0.3503122292 0.0
-0.1441040764 -0.2653122292 0.0
0.0010000000 -0.2902081528 0.0
-0.0840000000 -0.2902081528 0.0
-0.1441040764 -0.3503122292 0.0
-0.1441040764 -0.4353122292 0.0
-0.2291040764 -0.3503122292 0.0
-0.1441040764 -0.2301040764 0.0
-0.2291040764 -0.2301040764 0.0
-0.1441040764 -0.1451040764 0.0
0.0010000000 -0.2052081528 0.0
-0.0591040764 -0.1451040764 0.0
-0.1441040764 -0.1451040764 0.0
-0.0591040764 -0.0601040764 0.0
0.0611040764 -0.1451040764 0.0
0.0611040764 -0.0601040764 0.0
0.1461040764 -0.1451040764 0.0
0.0860000000 -0.2052081528 0.0
0.0860000000 -0.2902081528 0.0
0.1461040764 -0.3503122292 0.0
0.2311040764 -0.3503122292 0.0
0.2912081528 -0.2902081528 0.0
0.2912081528 -0.2052081528 0.0
0.2311040764 -0.1451040764 0.0
0.1461040764 -0.1451040764 0.0
0.2311040764 -0.0601040764 0.0
0.3513122292 -0.1451040764 0.0
0.3513122292 -0.0601040764 0.0
0.4363122292 -0.1451040764 0.0
0.3762081528 -0.2902081528 0.0
0.4363122292 -0.2301040764 0.0
0.4363122292 -0.1451040764 0.0
0.5213122292 -0.2301040764 0.0
0.4363122292 -0.3503122292 0.0
0.5213122292 -0.3503122292 0.0
0.4363122292 -0.4353122292 0.0
0.2912081528 -0.4104163056 0.0
0.3762081528 -0.4104163056 0.0
0.4363122292 -0.3503122292 0.0
0.4363122292 -0.2653122292 0.0
0.5213122292 -0.3503122292 0.0
0.4363122292 -0.4705203820 0.0
0.5213122292 -0.4705203820 0.0
0.4363122292 -0.5555203820 0.0
0.2912081528 -0.4954163056 0.0
0.3513122292 -0.5555203820 0.0
0.4363122292 -0.5555203820 0.0
0.3513122292 -0.6405203820 0.0
0.2311040764 -0.5555203820 0.0
0.2311040764 -0.6405203820 0.0
0.1461040764 -0.5555203820 0.0
0.1461040764 -0.4353122292 0.0
0.2062081528 -0.4954163056 0.0
0.2912081528 -0.4954163056 0.0
0.3513122292 -0.4353122292 0.0
0.3513122292 -0.3503122292 0.0
0.4363122292 -0.4353122292 0.0
0.3513122292 -0.5555203820 0.0
0.4363122292 -0.5555203820 0.0
0.3513122292 -0.6405203820 0.0
0.2062081528 -0.5804163056 0.0
0.2663122292 -0.6405203820 0.0
0.3513122292 -0.6405203820 0.0
0.2663122292 -0.7255203820 0.0
0.1461040764 -0.6405203820 0.0
0.1461040764 -0.7255203820 0.0
0.0611040764 -0.6405203820 0.0
0.0860000000 -0.4954163056 0.0
0.0860000000 -0.5804163056 0.0
0.1461040764 -0.6405203820 0.0
0.2311040764 -0.6405203820 0.0
0.1461040764 -0.7255203820 0.0
0.0258959236 -0.6405203820 0.0
0.0258959236 -0.7255203820 0.0
-0.0591040764 -0.6405203820 0.0
0.0010000000 -0.4954163056 0.0
-0.0591040764 -0.5555203820 0.0
-0.0591040764 -0.6405203820 0.0
-0.1441040764 -0.5555203820 0.0
-0.0591040764 -0.4353122292 0.0
-0.1441040764 -0.4353122292 0.0
-0.0591040764 -0.3503122292 0.0
0.0258959236 -0.3503122292 0.0
0.0258959236 -0.4353122292 0.0
0.0860000000 -0.4954163056 0.0
0.1710000000 -0.4954163056 0.0
0.2311040764 -0.4353122292 0.0
0.2311040764 -0.3503122292 0.0
0.3161040764 -0.4353122292 0.0
0.2311040764 -0.5555203820 0.0
0.3161040764 -0.5555203820 0.0
0.2311040764 -0.6405203820 0.0
0.0860000000 -0.5804163056 0.0
0.1461040764 -0.6405203820 0.0
0.2311040764 -0.6405203820 0.0
0.1461040764 -0.7255203820 0.0
0.0258959236 -0.6405203820 0.0
0.0258959236 -0.7255203820 0.0
-0.0591040764 -0.6405203820 0.0
-0.0342081528 -0.4954163056 0.0
-0.0342081528 -0.5804163056 0.0
0.0258959236 -0.6405203820 0.0
0.1108959236 -0.6405203820 0.0
0.0258959236 -0.7255203820 0.0
-0.0943122292 -0.6405203820 0.0
-0.0943122292 -0.7255203820 0.0
-0.1793122292 -0.6405203820 0.0
-0.1192081528 -0.4954163056 0.0
-0.1793122292 -0.5555203820 0.0
-0.1793122292 -0.6405203820 0.0
-0.2643122292 -0.5555203820 0.0
-0.1793122292 -0.4353122292 0.0
-0.2643122292 -0.4353122292 0.0
-0.1793122292 -0.3503122292 0.0
-0.0591040764 -0.3503122292 0.0
-0.1192081528 -0.4104163056 0.0
-0.1192081528 -0.4954163056 0.0
-0.0591040764 -0.5555203820 0.0
0.0258959236 -0.5555203820 0.0
-0.0591040764 -0.6405203820 0.0
-0.1793122292 -0.5555203820 0.0
-0.1793122292 -0.6405203820 0.0
-0.2643122292 -0.5555203820 0.0
-0.2042081528 -0.4104163056 0.0
-0.2643122292 -0.4705203820 0.0
-0.2643122292 -0.5555203820 0.0
-0.3493122292 -0.4705203820 0.0
-0.2643122292 -0.3503122292 0.0
-0.3493122292 -0.3503122292 0.0
-0.2643122292 -0.2653122292 0.0
-0.1192081528 -0.2902081528 0.0
-0.2042081528 -0.2902081528 0.0
-0.2643122292 -0.3503122292 0.0
-0.2643122292 -0.4353122292 0.0
-0.3493122292 -0.3503122292 0.0
-0.2643122292 -0.2301040764 0.0
-0.3493122292 -0.2301040764 0.0
-0.2643122292 -0.1451040764 0.0
-0.1192081528 -0.2052081528 0.0
-0.1793122292 -0.1451040764 0.0
-0.2643122292 -0.1451040764 0.0
-0.1793122292 -0.0601040764 0.0
-0.0591040764 -0.1451040764 0.0
-0.0591040764 -0.0601040764 0.0
0.0258959236 -0.1451040764 0.0
0.0010000000 -0.2052081528 0.0
-0.0591040764 -0.2653122292 0.0
-0.0591040764 -0.3503122292 0.0
0.0010000000 -0.4104163056 0.0
0.0860000000 -0.4104163056 0.0
0.1461040764 -0.3503122292 0.0
0.1461040764 -0.2653122292 0.0
0.2311040764 -0.3503122292 0.0
0.1461040764 -0.4705203820 0.0
0.2311040764 -0.4705203820 0.0
0.1461040764 -0.5555203820 0.0
0.0010000000 -0.4954163056 0.0
0.0611040764 -0.5555203820 0.0
0.1461040764 -0.5555203820 0.0
0.0611040764 -0.6405203820 0.0
-0.0591040764 -0.5555203820 0.0
-0.0591040764 -0.6405203820 0.0
-0.1441040764 -0.5555203820 0.0
-0.1192081528 -0.4104163056 0.0
-0.1192081528 -0.4954163056 0.0
-0.0591040764 -0.5555203820 0.0
0.0258959236 -0.5555203820 0.0
-0.0591040764 -0.6405203820 0.0
-0.1793122292 -0.5555203820 0.0
-0.1793122292 -0.6405203820 0.0
-0.2643122292 -0.5555203820 0.0
-0.2042081528 -0.4104163056 0.0
-0.2643122292 -0.4705203820 0.0
-0.2643122292 -0.5555203820 0.0
-0.3493122292 -0.4705203820 0.0
-0.2643122292 -0.3503122292 0.0
-0.3493122292 -0.3503122292 0.0
-0.2643122292 -0.2653122292 0.0
-0.1441040764 -0.2653122292 0.0
-0.2042081528 -0.3254163056 0.0
-0.2042081528 -0.4104163056 0.0
-0.1441040764 -0.4705203820 0.0
-0.0591040764 -0.4705203820 0.0
-0.1441040764 -0.5555203820 0.0
-0.2643122292 -0.4705203820 0.0
-0.2643122292 -0.5555203820 0.0
-0.3493122292 -0.4705203820 0.0
-0.2892081528 -0.3254163056 0.0
-0.3493122292 -0.3855203820 0.0
-0.3493122292 -0.4705203820 0.0
-0.4343122292 -0.3855203820 0.0
-0.3493122292 -0.2653122292 0.0
-0.4343122292 -0.2653122292 0.0
-0.3493122292 -0.1803122292 0.0
-0.2042081528 -0.2052081528 0.0
-0.2892081528 -0.2052081528 0.0
-0.3493122292 -0.2653122292 0.0
-0.3493122292 -0.3503122292 0.0
-0.4343122292 -0.2653122292 0.0
-0.3493122292 -0.1451040764 0.0
-0.4343122292 -0.1451040764 0.0
-0.3493122292 -0.0601040764 0.0
-0.2042081528 -0.1202081528 0.0
-0.2643122292 -0.0601040764 0.0
-0.3493122292 -0.0601040764 0.0
-0.2643122292 0.0248959236 0.0
-0.1441040764 -0.0601040764 0.0
-0.1441040764 0.0248959236 0.0
-0.0591040764 -0.0601040764 0.0
-0.0591040764 -0.1451040764 0.0
-0.1441040764 -0.1451040764 0.0
-0.2042081528 -0.2052081528 0.0
-0.2042081528 -0.2902081528 0.0
-0.1441040764 -0.3503122292 0.0
-0.0591040764 -0.3503122292 0.0
-0.1441040764 -0.4353122292 0.0
-0.2643122292 -0.3503122292 0.0
-0.2643122292 -0.4353122292 0.0
-0.3493122292 -0.3503122292 0.0
-0.2892081528 -0.2052081528 0.0
-0.3493122292 -0.2653122292 0.0
-0.3493122292 -0.3503122292 0.0
-0.4343122292 -0.2653122292 0.0
-0.3493122292 -0.1451040764 0.0
-0.4343122292 -0.1451040764 0.0
-0.3493122292 -0.0601040764 0.0
-0.2042081528 -0.0850000000 0.0
-0.2892081528 -0.0850000000 0.0
-0.3493122292 -0.1451040764 0.0
-0.3493122292 -0.2301040764 0.0
-0.4343122292 -0.1451040764 0.0
-0.3493122292 -0.0248959236 0.0
-0.4343122292 -0.0248959236 0.0
-0.3493122292 0.0601040764 0.0
-0.2042081528 0.0000000000 0.0
-0.2643122292 0.0601040764 0.0
-0.3493122292 0.0601040764 0.0
-0.2643122292 0.1451040764 0.0
-0.1441040764 0.0601040764 0.0
-0.1441040764 0.1451040764 0.0
-0.0591040764 0.0601040764 0.0
-0.0591040764 -0.0601040764 0.0
-0.1192081528 0.0000000000 0.0
-0.2042081528 -0.0000000000 0.0
-0.2643122292 -0.0601040764 0.0
-0.2643122292 -0.1451040764 0.0
-0.3493122292 -0.0601040764 0.0
-0.2643122292 0.0601040764 0.0
-0.3493122292 0.0601040764 0.0
-0.2643122292 0.1451040764 0.0
-0.1192081528 0.0850000000 0.0
-0.1793122292 0.1451040764 0.0
-0.2643122292 0.1451040764 0.0
-0.1793122292 0.2301040764 0.0
-0.0591040764 0.1451040764 0.0
-0.0591040764 0.2301040764 0.0
0.0258959236 0.1451040764 0.0
0.0010000000 0.0000000000 0.0
0.0010000000 0.0850000000 0.0
-0.0591040764 0.1451040764 0.0
-0.1441040764 0.1451040764 0.0
-0.0591040764 0.2301040764 0.0
0.0611040764 0.1451040764 0.0
0.0611040764 0.2301040764 0.0
0.1461040764 0.1451040764 0.0
0.0860000000 0.0000000000 0.0
0.1461040764 0.0601040764 0.0
0.1461040764 0.1451040764 0.0
0.2311040764 0.0601040764 0.0
0.1461040764 -0.0601040764 0.0
0.2311040764 -0.0601040764 0.0
0.1461040764 -0.1451040764 0.0
CELLS 2047 6141
2 0 1
2 1 2
2 2 3
2 3 4
2 4 5
2 5 6
2 6 7
2 7 8
2 8 9
2 9 10
2 10 11
2 10 12
2 9 13
2 13 14
2 13 15
2 8 16
2 16 17
2 17 18
2 17 19
2 16 20
2 20 21
2 20 22
2 7 23
2 23 24
2 24 25
2 25 26
2 25 27
2 24 28
2 28 29
2 28 30
2 23 31
2 31 32
2 32 33
2 32 34
2 31 35
2 35 36
2 35 37
2 6 38
2 38 39
2 39 40
2 40 41
2 41 42
2 41 43
2 40 44
2 44 45
2 44 46
2 39 47
2 47 48
2 48 49
2 48 50
2 47 51
2 51 52
2 51 53
2 38 54
2 54 55
2 55 56
2 56 57
2 56 58
2 55 59
2 59 60
2 59 61
2 54 62
2 62 63
2 63 64
2 63 65
2 62 66
2 66 67
2 66 68
2 5 69
2 69 70
2 70 71
2 71 72
2 72 73
2 73 74
2 73 75
2 72 76
2 76 77
2 76 78
2 71 79
2 79 80
2 80 81
2 80 82
2 79 83
2 83 84
2 83 85
2 70 86
2 86 87
2 87 88
2 88 89
2 88 90
2 87 91
2 91 92
2 91 93
2 86 94
2 94 95
2 95 96
2 95 97
2 94 98
2 98 99
2 98 100
2 69 101
2 101 102
2 102 103
2 103 104
2 104 105
2 104 106
2 103 107
2 107 108
2 107 109
2 102 110
2 110 111
2 111 112
2 111 113
2 110 114
2 114 115
2 114 116
2 101 117
2 117 118
2 118 119
2 119 120
2 119 121
2 118 122
2 122 123
2 122 124
2 117 125
2 125 126
2 126 127
2 126 128
2 125 129
2 129 130
2 129 131
2 4 132
2 132 133
2 133 134
2 134 135
2 135 136
2 136 137
2 137 138
2 137 139
2 136 140
2 140 141
2 140 142
2 135 143
2 143 144
2 144 145
2 144 146
2 143 147
2 147 148
2 147 149
2 134 150
2 150 151
2 151 152
2 152 153
2 152 154
2 151 155
2 155 156
2 155 157
2 150 158
2 158 159
2 159 160
2 159 161
2 158 162
2 162 163
2 162 164
2 133 165
2 165 166
2 166 167
2 167 168
2 168 169
2 168 170
2 167 171
2 171 172
2 171 173
2 166 174
2 174 175
2 175 176
2 175 177
2 174 178
2 178 179
2 178 180
2 165 181
2 181 182
2 182 183
2 183 184
2 183 185
2 182 186
2 186 187
2 186 188
2 181 189
2 189 190
2 190 191
2 190 192
2 189 193
2 193 194
2 193 195
2 132 196
2 196 197
2 197 198
2 198 199
2 199 200
2 200 201
2 200 202
2 199 203
2 203 204
2 203 205
2 198 206
2 206 207
2 207 208
2 207 209
2 206 210
2 210 211
2 210 212
2 197 213
2 213 214
2 214 215
2 215 216
2 215 217
2 214 218
2 218 219
2 218 220
2 213 221
2 221 222
2 222 223
2 222 224
2 221 225
2 225 226
2 225 227
2 196 228
2 228 229
2 229 230
2 230 231
2 231 232
2 231 233
2 230 234
2 234 235
2 234 236
2 229 237
2 237 238
2 238 239
2 238 240
2 237 241
2 241 242
2 241 243
2 228 244
2 244 245
2 245 246
2 246 247
2 246 248
2 245 249
2 249 250
2 249 251
2 244 252
2 252 253
2 253 254
2 253 255
2 252 256
2 256 257
2 256 258
2 3 259
2 259 260
2 260 261
2 261 262
2 262 263
2 263 264
2 264 265
2 265 266
2 265 267
2 264 268
2 268 269
2 268 270
2 263 271
2 271 272
2 272 273
2 272 274
2 271 275
2 275 276
2 275 277
2 262 278
2 278 279
2 279 280
2 280 281
2 280 282
2 279 283
2 283 284
2 283 285
2 278 286
2 286 287
2 287 288
2 287 289
2 286 290
2 290 291
2 290 292
2 261 293
2 293 294
2 294 295
2 295 296
2 296 297
2 296 298
2 295 299
2 299 300
2 299 301
2 294 302
2 302 303
2 303 304
2 303 305
2 302 306
2 306 307
2 306 308
2 293 309
2 309 310
2 310 311
2 311 312
2 311 313
2 310 314
2 314 315
2 314 316
2 309 317
2 317 318
2 318 319
2 318 320
2 317 321
2 321 322
2 321 323
2 260 324
2 324 325
2 325 326
2 326 327
2 327 328
2 328 329
2 328 330
2 327 331
2 331 332
2 331 333
2 326 334
2 334 335
2 335 336
2 335 337
2 334 338
2 338 339
2 338 340
2 325 341
2 341 342
2 342 343
2 343 344
2 343 345
2 342 346
2 346 347
2 346 348
2 341 349
2 349 350
2 350 351
2 350 352
2 349 353
2 353 354
2 353 355
2 324 356
2 356 357
2 357 358
2 358 359
2 359 360
2 359 361
2 358 362
2 362 363
2 362 364
2 357 365
2 365 366
2 366 367
2 366 368
2 365 369
2 369 370
2 369 371
2 356 372
2 372 373
2 373 374
2 374 375
2 374 376
2 373 377
2 377 378
2 377 379
2 372 380
2 380 381
2 381 382
2 381 383
2 380 384
2 384 385
2 384 386
2 259 387
2 387 388
2 388 389
2 389 390
2 390 391
2 391 392
2 392 393
2 392 394
2 391 395
2 395 396
2 395 397
2 390 398
2 398 399
2 399 400
2 399 401
2 398 402
2 402 403
2 402 404
2 389 405
2 405 406
2 406 407
2 407 408
2 407 409
2 406 410
2 410 411
2 410 412
2 405 413
2 413 414
2 414 415
2 414 416
2 413 417
2 417 418
2 417 419
2 388 420
2 420 421
2 421 422
2 422 423
2 423 424
2 423 425
2 422 426
2 426 427
2 426 428
2 421 429
2 429 430
2 430 431
2 430 432
2 429 433
2 433 434
2 433 435
2 420 436
2 436 437
2 437 438
2 438 439
2 438 440
2 437 441
2 441 442
2 441 443
2 436 444
2 444 445
2 445 446
2 445 447
2 444 448
2 448 449
2 448 450
2 387 451
2 451 452
2 452 453
2 453 454
2 454 455
2 455 456
2 455 457
2 454 458
2 458 459
2 458 460
2 453 461
2 461 462
2 462 463
2 462 464
2 461 465
2 465 466
2 465 467
2 452 468
2 468 469
2 469 470
2 470 471
2 470 472
2 469 473
2 473 474
2 473 475
2 468 476
2 476 477
2 477 478
2 477 479
2 476 480
2 480 481
2 480 482
2 451 483
2 483 484
2 484 485
2 485 486
2 486 487
2 486 488
2 485 489
2 489 490
2 489 491
2 484 492
2 492 493
2 493 494
2 493 495
2 492 496
2 496 497
2 496 498
2 483 499
2 499 500
2 500 501
2 501 502
2 501 503
2 500 504
2 504 505
2 504 506
2 499 507
2 507 508
2 508 509
2 508 510
2 507 511
2 511 512
2 511 513
2 2 514
2 514 515
2 515 516
2 516 517
2 517 518
2 518 519
2 519 520
2 520 521
2 521 522
2 521 523
2 520 524
2 524 525
2 524 526
2 519 527
2 527 528
2 528 529
2 528 530
2 527 531
2 531 532
2 531 533
2 518 534
2 534 535
2 535 536
2 536 537
2 536 538
2 535 539
2 539 540
2 539 541
2 534 542
2 542 543
2 543 544
2 543 545
2 542 546
2 546 547
2 546 548
2 517 549
2 549 550
2 550 551
2 551 552
2 552 553
2 552 554
2 551 555
2 555 556
2 555 557
2 550 558
2 558 559
2 559 560
2 559 561
2 558 562
2 562 563
2 562 564
2 549 565
2 565 566
2 566 567
2 567 568
2 567 569
2 566 570
2 570 571
2 570 572
2 565 573
2 573 574
2 574 575
2 574 576
2 573 577
2 577 578
2 577 579
2 516 580
2 580 581
2 581 582
2 582 583
2 583 584
2 584 585
2 584 586
2 583 587
2 587 588
2 587 589
2 582 590
2 590 591
2 591 592
2 591 593
2 590 594
2 594 595
2 594 596
2 581 597
2 597 598
2 598 599
2 599 600
2 599 601
2 598 602
2 602 603
2 602 604
2 597 605
2 605 606
2 606 607
2 606 608
2 605 609
2 609 610
2 609 611
2 580 612
2 612 613
2 613 614
2 614 615
2 615 616
2 615 617
2 614 618
2 618 619
2 618 620
2 613 621
2 621 622
2 622 623
2 622 624
2 621 625
2 625 626
2 625 627
2 612 628
2 628 629
2 629 630
2 630 631
2 630 632
2 629 633
2 633 634
2 633 635
2 628 636
2 636 637
2 637 638
2 637 639
2 636 640
2 640 641
2 640 642
2 515 643
2 643 644
2 644 645
2 645 646
2 646 647
2 647 648
2 648 649
2 648 650
2 647 651
2 651 652
2 651 653
2 646 654
2 654 655
2 655 656
2 655 657
2 654 658
2 658 659
2 658 660
2 645 661
2 661 662
2 662 663
2 663 664
2 663 665
2 662 666
2 666 667
2 666 668
2 661 669
2 669 670
2 670 671
2 670 672
2 669 673
2 673 674
2 673 675
2 644 676
2 676 677
2 677 678
2 678 679
2 679 680
2 679 681
2 678 682
2 682 683
2 682 684
2 677 685
2 685 686
2 686 687
2 686 688
2 685 689
2 689 690
2 689 691
2 676 692
2 692 693
2 693 694
2 694 695
2 694 696
2 693 697
2 697 698
2 697 699
2 692 700
2 700 701
2 701 702
2 701 703
2 700 704
2 704 705
2 704 706
2 643 707
2 707 708
2 708 709
2 709 710
2 710 711
2 711 712
2 711 713
2 710 714
2 714 715
2 714 716
2 709 717
2 717 718
2 718 719
2 718 720
2 717 721
2 721 722
2 721 723
2 708 724
2 724 725
2 725 726
2 726 727
2 726 728
2 725 729
2 729 730
2 729 731
2 724 732
2 732 733
2 733 734
2 733 735
2 732 736
2 736 737
2 736 738
2 707 739
2 739 740
2 740 741
2 741 742
2 742 743
2 742 744
2 741 745
2 745 746
2 745 747
2 740 748
2 748 749
2 749 750
2 749 751
2 748 752
2 752 753
2 752 754
2 739 755
2 755 756
2 756 757
2 757 758
2 757 759
2 756 760
2 760 761
2 760 762
2 755 763
2 763 764
2 764 765
2 764 766
2 763 767
2 767 768
2 767 769
2 514 770
2 770 771
2 771 772
2 772 773
2 773 774
2 774 775
2 775 776
2 776 777
2 776 778
2 775 779
2 779 780
2 779 781
2 774 782
2 782 783
2 783 784
2 783 785
2 782 786
2 786 787
2 786 788
2 773 789
2 789 790
2 790 791
2 791 792
2 791 793
2 790 794
2 794 795
2 794 796
2 789 797
2 797 798
2 798 799
2 798 800
2 797 801
2 801 802
2 801 803
2 772 804
2 804 805
2 805 806
2 806 807
2 807 808
2 807 809
2 806 810
2 810 811
2 810 812
2 805 813
2 813 814
2 814 815
2 814 816
2 813 817
2 817 818
2 817 819
2 804 820
2 820 821
2 821 822
2 822 823
2 822 824
2 821 825
2 825 826
2 825 827
2 820 828
2 828 829
2 829 830
2 829 831
2 828 832
2 832 833
2 832 834
2 771 835
2 835 836
2 836 837
2 837 838
2 838 839
2 839 840
2 839 841
2 838 842
2 842 843
2 842 844
2 837 845
2 845 846
2 846 847
2 846 848
2 845 849
2 849 850
2 849 851
2 836 852
2 852 853
2 853 854
2 854 855
2 854 856
2 853 857
2 857 858
2 857 859
2 852 860
2 860 861
2 861 862
2 861 863
2 860 864
2 864 865
2 864 866
2 835 867
2 867 868
2 868 869
2 869 870
2 870 871
2 870 872
2 869 873
2 873 874
2 873 875
2 868 876
2 876 877
2 877 878
2 877 879
2 876 880
2 880 881
2 880 882
2 867 883
2 883 884
2 884 885
2 885 886
2 885 887
2 884 888
2 888 889
2 888 890
2 883 891
2 891 892
2 892 893
2 892 894
2 891 895
2 895 896
2 895 897
2 770 898
2 898 899
2 899 900
2 900 901
2 901 902
2 902 903
2 903 904
2 903 905
2 902 906
2 906 907
2 906 908
2 901 909
2 909 910
2 910 911
2 910 912
2 909 913
2 913 914
2 913 915
2 900 916
2 916 917
2 917 918
2 918 919
2 918 920
2 917 921
2 921 922
2 921 923
2 916 924
2 924 925
2 925 926
2 925 927
2 924 928
2 928 929
2 928 930
2 899 931
2 931 932
2 932 933
2 933 934
2 934 935
2 934 936
2 933 937
2 937 938
2 937 939
2 932 940
2 940 941
2 941 942
2 941 943
2 940 944
2 944 945
2 944 946
2 931 947
2 947 948
2 948 949
2 949 950
2 949 951
2 948 952
2 952 953
2 952 954
2 947 955
2 955 956
2 956 957
2 956 958
2 955 959
2 959 960
2 959 961
2 898 962
2 962 963
2 963 964
2 964 965
2 965 966
2 966 967
2 966 968
2 965 969
2 969 970
2 969 971
2 964 972
2 972 973
2 973 974
2 973 975
2 972 976
2 976 977
2 976 978
2 963 979
2 979 980
2 980 981
2 981 982
2 981 983
2 980 984
2 984 985
2 984 986
2 979 987
2 987 988
2 988 989
2 988 990
2 987 991
2 991 992
2 991 993
2 962 994
2 994 995
2 995 996
2 996 997
2 997 998
2 997 999
2 996 1000
2 1000 1001
2 1000 1002
2 995 1003
2 1003 1004
2 1004 1005
2 1004 1006
2 1003 1007
2 1007 1008
2 1007 1009
2 994 1010
2 1010 1011
2 1011 1012
2 1012 1013
2 1012 1014
2 1011 1015
2 1015 1016
2 1015 1017
2 1010 1018
2 1018 1019
2 1019 1020
2 1019 1021
2 1018 1022
2 1022 1023
2 1022 1024
2 1 1025
2 1025 1026
2 1026 1027
2 1027 1028
2 1028 1029
2 1029 1030
2 1030 1031
2 1031 1032
2 1032 1033
2 1033 1034
2 1033 1035
2 1032 1036
2 1036 1037
2 1036 1038
2 1031 1039
2 1039 1040
2 1040 1041
2 1040 1042
2 1039 1043
2 1043 1044
2 1043 1045
2 1030 1046
2 1046 1047
2 1047 1048
2 1048 1049
2 1048 1050
2 1047 1051
2 1051 1052
2 1051 1053
2 1046 1054
2 1054 1055
2 1055 1056
2 1055 1057
2 1054 1058
2 1058 1059
2 1058 1060
2 1029 1061
2 1061 1062
2 1062 1063
2 1063 1064
2 1064 1065
2 1064 1066
2 1063 1067
2 1067 1068
2 1067 1069
2 1062 1070
2 1070 1071
2 1071 1072
2 1071 1073
2 1070 1074
2 1074 1075
2 1074 1076
2 1061 1077
2 1077 1078
2 1078 1079
2 1079 1080
2 1079 1081
2 1078 1082
2 1082 1083
2 1082 1084
2 1077 1085
2 1085 1086
2 1086 1087
2 1086 1088
2 1085 1089
2 1089 1090
2 1089 1091
2 1028 1092
2 1092 1093
2 1093 1094
2 1094 1095
2 1095 1096
2 1096 1097
2 1096 1098
2 1095 1099
2 1099 1100
2 1099 1101
2 1094 1102
2 1102 1103
2 1103 1104
2 1103 1105
2 1102 1106
2 1106 1107
2 1106 1108
2 1093 1109
2 1109 1110
2 1110 1111
2 1111 1112
2 1111 1113
2 1110 1114
2 1114 1115
2 1114 1116
2 1109 1117
2 1117 1118
2 1118 1119
2 1118 1120
2 1117 1121
2 1121 1122
2 1121 1123
2 1092 1124
2 1124 1125
2 1125 1126
2 1126 1127
2 1127 1128
2 1127 1129
2 1126 1130
2 1130 1131
2 1130 1132
2 1125 1133
2 1133 1134
2 1134 1135
2 1134 1136
2 1133 1137
2 1137 1138
2 1137 1139
2 1124 1140
2 1140 1141
2 1141 1142
2 1142 1143
2 1142 1144
2 1141 1145
2 1145 1146
2 1145 1147
2 1140 1148
2 1148 1149
2 1149 1150
2 1149 1151
2 1148 1152
2 1152 1153
2 1152 1154
2 1027 1155
2 1155 1156
2 1156 1157
2 1157 1158
2 1158 1159
2 1159 1160
2 1160 1161
2 1160 1162
2 1159 1163
2 1163 1164
2 1163 1165
2 1158 1166
2 1166 1167
2 1167 1168
2 1167 1169
2 1166 1170
2 1170 1171
2 1170 1172
2 1157 1173
2 1173 1174
2 1174 1175
2 1175 1176
2 1175 1177
2 1174 1178
2 1178 1179
2 1178 1180
2 1173 1181
2 1181 1182
2 1182 1183
2 1182 1184
2 1181 1185
2 1185 1186
2 1185 1187
2 1156 1188
2 1188 1189
2 1189 1190
2 1190 1191
2 1191 1192
2 1191 1193
2 1190 1194
2 1194 1195
2 1194 1196
2 1189 1197
2 1197 1198
2 1198 1199
2 1198 1200
2 1197 1201
2 1201 1202
2 1201 1203
2 1188 1204
2 1204 1205
2 1205 1206
2 1206 1207
2 1206 1208
2 1205 1209
2 1209 1210
2 1209 1211
2 1204 1212
2 1212 1213
2 1213 1214
2 1213 1215
2 1212 1216
2 1216 1217
2 1216 1218
2 1155 1219
2 1219 1220
2 1220 1221
2 1221 1222
2 1222 1223
2 1223 1224
2 1223 1225
2 1222 1226
2 1226 1227
2 1226 1228
2 1221 1229
2 1229 1230
2 1230 1231
2 1230 1232
2 1229 1233
2 1233 1234
2 1233 1235
2 1220 1236
2 1236 1237
2 1237 1238
2 1238 1239
2 1238 1240
2 1237 1241
2 1241 1242
2 1241 1243
2 1236 1244
2 1244 1245
2 1245 1246
2 1245 1247
2 1244 1248
2 1248 1249
2 1248 1250
2 1219 1251
2 1251 1252
2 1252 1253
2 1253 1254
2 1254 1255
2 1254 1256
2 1253 1257
2 1257 1258
2 1257 1259
2 1252 1260
2 1260 1261
2 1261 1262
2 1261 1263
2 1260 1264
2 1264 1265
2 1264 1266
2 1251 1267
2 1267 1268
2 1268 1269
2 1269 1270
2 1269 1271
2 1268 1272
2 1272 1273
2 1272 1274
2 1267 1275
2 1275 1276
2 1276 1277
2 1276 1278
2 1275 1279
2 1279 1280
2 1279 1281
2 1026 1282
2 1282 1283
2 1283 1284
2 1284 1285
2 1285 1286
2 1286 1287
2 1287 1288
2 1288 1289
2 1288 1290
2 1287 1291
2 1291 1292
2 1291 1293
2 1286 1294
2 1294 1295
2 1295 1296
2 1295 1297
2 1294 1298
2 1298 1299
2 1298 1300
2 1285 1301
2 1301 1302
2 1302 1303
2 1303 1304
2 1303 1305
2 1302 1306
2 1306 1307
2 1306 1308
2 1301 1309
2 1309 1310
2 1310 1311
2 1310 1312
2 1309 1313
2 1313 1314
2 1313 1315
2 1284 1316
2 1316 1317
2 1317 1318
2 1318 1319
2 1319 1320
2 1319 1321
2 1318 1322
2 1322 1323
2 1322 1324
2 1317 1325
2 1325 1326
2 1326 1327
2 1326 1328
2 1325 1329
2 1329 1330
2 1329 1331
2 1316 1332
2 1332 1333
2 1333 1334
2 1334 1335
2 1334 1336
2 1333 1337
2 1337 1338
2 1337 1339
2 1332 1340
2 1340 1341
2 1341 1342
2 1341 1343
2 1340 1344
2 1344 1345
2 1344 1346
2 1283 1347
2 1347 1348
2 1348 1349
2 1349 1350
2 1350 1351
2 1351 1352
2 1351 1353
2 1350 1354
2 1354 1355
2 1354 1356
2 1349 1357
2 1357 1358
2 1358 1359
2 1358 1360
2 1357 1361
2 1361 1362
2 1361 1363
2 1348 1364
2 1364 1365
2 1365 1366
2 1366 1367
2 1366 1368
2 1365 1369
2 1369 1370
2 1369 1371
2 1364 1372
2 1372 1373
2 1373 1374
2 1373 1375
2 1372 1376
2 1376 1377
2 1376 1378
2 1347 1379
2 1379 1380
2 1380 1381
2 1381 1382
2 1382 1383
2 1382 1384
2 1381 1385
2 1385 1386
2 1385 1387
2 1380 1388
2 1388 1389
2 1389 1390
2 1389 1391
2 1388 1392
2 1392 1393
2 1392 1394
2 1379 1395
2 1395 1396
2 1396 1397
2 1397 1398
2 1397 1399
2 1396 1400
2 1400 1401
2 1400 1402
2 1395 1403
2 1403 1404
2 1404 1405
2 1404 1406
2 1403 1407
2 1407 1408
2 1407 1409
2 1282 1410
2 1410 1411
2 1411 1412
2 1412 1413
2 1413 1414
2 1414 1415
2 1415 1416
2 1415 1417
2 1414 1418
2 1418 1419
2 1418 1420
2 1413 1421
2 1421 1422
2 1422 1423
2 1422 1424
2 1421 1425
2 1425 1426
2 1425 1427
2 1412 1428
2 1428 1429
2 1429 1430
2 1430 1431
2 1430 1432
2 1429 1433
2 1433 1434
2 1433 1435
2 1428 1436
2 1436 1437
2 1437 1438
2 1437 1439
2 1436 1440
2 1440 1441
2 1440 1442
2 1411 1443
2 1443 1444
2 1444 1445
2 1445 1446
2 1446 1447
2 1446 1448
2 1445 1449
2 1449 1450
2 1449 1451
2 1444 1452
2 1452 1453
2 1453 1454
2 1453 1455
2 1452 1456
2 1456 1457
2 1456 1458
2 1443 1459
2 1459 1460
2 1460 1461
2 1461 1462
2 1461 1463
2 1460 1464
2 1464 1465
2 1464 1466
2 1459 1467
2 1467 1468
2 1468 1469
2 1468 1470
2 1467 1471
2 1471 1472
2 1471 1473
2 1410 1474
2 1474 1475
2 1475 1476
2 1476 1477
2 1477 1478
2 1478 1479
2 1478 1480
2 1477 1481
2 1481 1482
2 1481 1483
2 1476 1484
2 1484 1485
2 1485 1486
2 1485 1487
2 1484 1488
2 1488 1489
2 1488 1490
2 1475 1491
2 1491 1492
2 1492 1493
2 1493 1494
2 1493 1495
2 1492 1496
2 1496 1497
2 1496 1498
2 1491 1499
2 1499 1500
2 1500 1501
2 1500 1502
2 1499 1503
2 1503 1504
2 1503 1505
2 1474 1506
2 1506 1507
2 1507 1508
2 1508 1509
2 1509 1510
2 1509 1511
2 1508 1512
2 1512 1513
2 1512 1514
2 1507 1515
2 1515 1516
2 1516 1517
2 1516 1518
2 1515 1519
2 1519 1520
2 1519 1521
2 1506 1522
2 1522 1523
2 1523 1524
2 1524 1525
2 1524 1526
2 1523 1527
2 1527 1528
2 1527 1529
2 1522 1530
2 1530 1531
2 1531 1532
2 1531 1533
2 1530 1534
2 1534 1535
2 1534 1536
2 1025 1537
2 1537 1538
2 1538 1539
2 1539 1540
2 1540 1541
2 1541 1542
2 1542 1543
2 1543 1544
2 1544 1545
2 1544 1546
2 1543 1547
2 1547 1548
2 1547 1549
2 1542 1550
2 1550 1551
2 1551 1552
2 1551 1553
2 1550 1554
2 1554 1555
2 1554 1556
2 1541 1557
2 1557 1558
2 1558 1559
2 1559 1560
2 1559 1561
2 1558 1562
2 1562 1563
2 1562 1564
2 1557 1565
2 1565 1566
2 1566 1567
2 1566 1568
2 1565 1569
2 1569 1570
2 1569 1571
2 1540 1572
2 1572 1573
2 1573 1574
2 1574 1575
2 1575 1576
2 1575 1577
2 1574 1578
2 1578 1579
2 1578 1580
2 1573 1581
2 1581 1582
2 1582 1583
2 1582 1584
2 1581 1585
2 1585 1586
2 1585 1587
2 1572 1588
2 1588 1589
2 1589 1590
2 1590 1591
2 1590 1592
2 1589 1593
2 1593 1594
2 1593 1595
2 1588 1596
2 1596 1597
2 1597 1598
2 1597 1599
2 1596 1600
2 1600 1601
2 1600 1602
2 1539 1603
2 1603 1604
2 1604 1605
2 1605 1606
2 1606 1607
2 1607 1608
2 1607 1609
2 1606 1610
2 1610 1611
2 1610 1612
2 1605 1613
2 1613 1614
2 1614 1615
2 1614 1616
2 1613 1617
2 1617 1618
2 1617 1619
2 1604 1620
2 1620 1621
2 1621 1622
2 1622 1623
2 1622 1624
2 1621 1625
2 1625 1626
2 1625 1627
2 1620 1628
2 1628 1629
2 1629 1630
2 1629 1631
2 1628 1632
2 1632 1633
2 1632 1634
2 1603 1635
2 1635 1636
2 1636 1637
2 1637 1638
2 1638 1639
2 1638 1640
2 1637 1641
2 1641 1642
2 1641 1643
2 1636 1644
2 1644 1645
2 1645 1646
2 1645 1647
2 1644 1648
2 1648 1649
2 1648 1650
2 1635 1651
2 1651 1652
2 1652 1653
2 1653 1654
2 1653 1655
2 1652 1656
2 1656 1657
2 1656 1658
2 1651 1659
2 1659 1660
2 1660 1661
2 1660 1662
2 1659 1663
2 1663 1664
2 1663 1665
2 1538 1666
2 1666 1667
2 1667 1668
2 1668 1669
2 1669 1670
2 1670 1671
2 1671 1672
2 1671 1673
2 1670 1674
2 1674 1675
2 1674 1676
2 1669 1677
2 1677 1678
2 1678 1679
2 1678 1680
2 1677 1681
2 1681 1682
2 1681 1683
2 1668 1684
2 1684 1685
2 1685 1686
2 1686 1687
2 1686 1688
2 1685 1689
2 1689 1690
2 1689 1691
2 1684 1692
2 1692 1693
2 1693 1694
2 1693 1695
2 1692 1696
2 1696 1697
2 1696 1698
2 1667 1699
2 1699 1700
2 1700 1701
2 1701 1702
2 1702 1703
2 1702 1704
2 1701 1705
2 1705 1706
2 1705 1707
2 1700 1708
2 1708 1709
2 1709 1710
2 1709 1711
2 1708 1712
2 1712 1713
2 1712 1714
2 1699 1715
2 1715 1716
2 1716 1717
2 1717 1718
2 1717 1719
2 1716 1720
2 1720 1721
2 1720 1722
2 1715 1723
2 1723 1724
2 1724 1725
2 1724 1726
2 1723 1727
2 1727 1728
2 1727 1729
2 1666 1730
2 1730 1731
2 1731 1732
2 1732 1733
2 1733 1734
2 1734 1735
2 1734 1736
2 1733 1737
2 1737 1738
2 1737 1739
2 1732 1740
2 1740 1741
2 1741 1742
2 1741 1743
2 1740 1744
2 1744 1745
2 1744 1746
2 1731 1747
2 1747 1748
2 1748 1749
2 1749 1750
2 1749 1751
2 1748 1752
2 1752 1753
2 1752 1754
2 1747 1755
2 1755 1756
2 1756 1757
2 1756 1758
2 1755 1759
2 1759 1760
2 1759 1761
2 1730 1762
2 1762 1763
2 1763 1764
2 1764 1765
2 1765 1766
2 1765 1767
2 1764 1768
2 1768 1769
2 1768 1770
2 1763 1771
2 1771 1772
2 1772 1773
2 1772 1774
2 1771 1775
2 1775 1776
2 1775 1777
2 1762 1778
2 1778 1779
2 1779 1780
2 1780 1781
2 1780 1782
2 1779 1783
2 1783 1784
2 1783 1785
2 1778 1786
2 1786 1787
2 1787 1788
2 1787 1789
2 1786 1790
2 1790 1791
2 1790 1792
2 1537 1793
2 1793 1794
2 1794 1795
2 1795 1796
2 1796 1797
2 1797 1798
2 1798 1799
2 1799 1800
2 1799 1801
2 1798 1802
2 1802 1803
2 1802 1804
2 1797 1805
2 1805 1806
2 1806 1807
2 1806 1808
2 1805 1809
2 1809 1810
2 1809 1811
2 1796 1812
2 1812 1813
2 1813 1814
2 1814 1815
2 1814 1816
2 1813 1817
2 1817 1818
2 1817 1819
2 1812 1820
2 1820 1821
2 1821 1822
2 1821 1823
2 1820 1824
2 1824 1825
2 1824 1826
2 1795 1827
2 1827 1828
2 1828 1829
2 1829 1830
2 1830 1831
2 1830 1832
2 1829 1833
2 1833 1834
2 1833 1835
2 1828 1836
2 1836 1837
2 1837 1838
2 1837 1839
2 1836 1840
2 1840 1841
2 1840 1842
2 1827 1843
2 1843 1844
2 1844 1845
2 1845 1846
2 1845 1847
2 1844 1848
2 1848 1849
2 1848 1850
2 1843 1851
2 1851 1852
2 1852 1853
2 1852 1854
2 1851 1855
2 1855 1856
2 1855 1857
2 1794 1858
2 1858 1859
2 1859 1860
2 1860 1861
2 1861 1862
2 1862 1863
2 1862 1864
2 1861 1865
2 1865 1866
2 1865 1867
2 1860 1868
2 1868 1869
2 1869 1870
2 1869 1871
2 1868 1872
2 1872 1873
2 1872 1874
2 1859 1875
2 1875 1876
2 1876 1877
2 1877 1878
2 1877 1879
2 1876 1880
2 1880 1881
2 1880 1882
2 1875 1883
2 1883 1884
2 1884 1885
2 1884 1886
2 1883 1887
2 1887 1888
2 1887 1889
2 1858 1890
2 1890 1891
2 1891 1892
2 1892 1893
2 1893 1894
2 1893 1895
2 1892 1896
2 1896 1897
2 1896 1898
2 1891 1899
2 1899 1900
2 1900 1901
2 1900 1902
2 1899 1903
2 1903 1904
2 1903 1905
2 1890 1906
2 1906 1907
2 1907 1908
2 1908 1909
2 1908 1910
2 1907 1911
2 1911 1912
2 1911 1913
2 1906 1914
2 1914 1915
2 1915 1916
2 1915 1917
2 1914 1918
2 1918 1919
2 1918 1920
2 1793 1921
2 1921 1922
2 1922 1923
2 1923 1924
2 1924 1925
2 1925 1926
2 1926 1927
2 1926 1928
2 1925 1929
2 1929 1930
2 1929 1931
2 1924 1932
2 1932 1933
2 1933 1934
2 1933 1935
2 1932 1936
2 1936 1937
2 1936 1938
2 1923 1939
2 1939 1940
2 1940 1941
2 1941 1942
2 1941 1943
2 1940 1944
2 1944 1945
2 1944 1946
2 1939 1947
2 1947 1948
2 1948 1949
2 1948 1950
2 1947 1951
2 1951 1952
2 1951 1953
2 1922 1954
2 1954 1955
2 1955 1956
2 1956 1957
2 1957 1958
2 1957 1959
2 1956 1960
2 1960 1961
2 1960 1962
2 1955 1963
2 1963 1964
2 1964 1965
2 1964 1966
2 1963 1967
2 1967 1968
2 1967 1969
2 1954 1970
2 1970 1971
2 1971 1972
2 1972 1973
2 1972 1974
2 1971 1975
2 1975 1976
2 1975 1977
2 1970 1978
2 1978 1979
2 1979 1980
2 1979 1981
2 1978 1982
2 1982 1983
2 1982 1984
2 1921 1985
2 1985 1986
2 1986 1987
2 1987 1988
2 1988 1989
2 1989 1990
2 1989 1991
2 1988 1992
2 1992 1993
2 1992 1994
2 1987 1995
2 1995 1996
2 1996 1997
2 1996 1998
2 1995 1999
2 1999 2000
2 1999 2001
2 1986 2002
2 2002 2003
2 2003 2004
2 2004 2005
2 2004 2006
2 2003 2007
2 2007 2008
2 2007 2009
2 2002 2010
2 2010 2011
2 2011 2012
2 2011 2013
2 2010 2014
2 2014 2015
2 2014 2016
2 1985 2017
2 2017 2018
2 2018 2019
2 2019 2020
2 2020 2021
2 2020 2022
2 2019 2023
2 2023 2024
2 2023 2025
2 2018 2026
2 2026 2027
2 2027 2028
2 2027 2029
2 2026 2030
2 2030 2031
2 2030 2032
2 2017 2033
2 2033 2034
2 2034 2035
2 2035 2036
2 2035 2037
2 2034 2038
2 2038 2039
2 2038 2040
2 2033 2041
2 2041 2042
2 2042 2043
2 2042 2044
2 2041 2045
2 2045 2046
2 2045 2047
CELL_TYPES 2047
3
3
3
3
3
3
3
3
3
3
3
3
3
3
3
3
3
3
3
3
3
3
3
3
3
3
3
3
3
3
3
3
3
3
3
3
3
3
3
3
3
3
3
3
3
3
3
3
3
3
3
3
3
3
3
3
3
3
3
3
3
3
3
3
3
3
3
3
3
3
3
3
3
3
3
3
3
3
3
3
3
3
3
3
3
3
3
3
3
3
3
3
3
3
3
3
3
3
3
3
3
3
3
3
3
3
3
3
3
3
3
3
3
3
3
3
3
3
3
3
3
3
3
3
3
3
3
3
3
3
3
3
3
3
3
3
3
3
3
3
3
3
3
3
3
3
3
3
3
3
3
3
3
3
3
3
3
3
3
3
3
3
3
3
3
3
3
3
3
3
3
3
3
3
3
3
3
3
3
3
3
3
3
3
3
3
3
3
3
3
3
3
3
3
3
3
3
3
3
3
3
3
3
3
3
3
3
3
3
3
3
3
3
3
3
3
3
3
3
3
3
3
3
3
3
3
3
3
3
3
3
3
3
3
3
3
3
3
3
3
3
3
3
3
3
3
3
3
3
3
3
3
3
3
3
3
3
3
3
3
3
3
3
3
3
3
3
3
3
3
3
3
3
3
3
3
3
3
3
3
3
3
3
3
3
3
3
3
3
3
3
3
3
3
3
3
3
3
3
3
3
3
3
3
3
3
3
3
3
3
3
3
3
3
3
3
3
3
3
3
3
3
3
3
3
3
3
3
3
3
3
3
3
3
3
3
3
3
3
3
3
3
3
3
3
3
3
3
3
3
3
3
3
3
3
3
3
3
3
3
3
3
3
3
3
3
3
3
3
3
3
3
3
3
3
3
3
3
3
3
3
3
3
3
3
3
3
3
3
3
3
3
3
3
3
3
3
3
3
3
3
3
3
3
3
3
3
3
3
3
3
3
3
3
3
3
3
3
3
3
3
3
3
3
3
3
3
3
3
3
3
3
3
3
3
3
3
3
3
3
3
3
3
3
3
3
3
3
3
3
3
3
3
3
3
3
3
3
3
3
3
3
3
3
3
3
3
3
3
3
3
3
3
3
3
3
3
3
3
3
3
3
3
3
3
3
3
3
3
3
3
3
3
3
3
3
3
3
3
3
3
3
3
3
3
3
3
3
3
3
3
3
3
3
3
3
3
3
3
3
3
3
3
3
3
3
3
3
3
3
3
3
3
3
3
3
3
3
3
3
3
3
3
3
3
3
3
3
3
3
3
3
3
3
3
3
3
3
3
3
3
3
3
3
3
3
3
3
3
3
3
3
3
3
3
3
3
3
3
3
3
3
3
3
3
3
3
3
3
3
3
3
3
3
3
3
3
3
3
3
3
3
3
3
3
3
3
3
3
3
3
3
3
3
3
3
3
3
3
3
3
3
3
3
3
3
3
3
3
3
3
3
3
3
3
3
3
3
3
3
3
3
3
3
3
3
3
3
3
3
3
3
3
3
3
3
3
3
3
3
3
3
3
3
3
3
3
3
3
3
3
3
3
3
3
3
3
3
3
3
3
3
3
3
3
3
3
3
3
3
3
3
3
3
3
3
3
3
3
3
3
3
3
3
3
3
3
3
3
3
3
3
3
3
3
3
3
3
3
3
3
3
3
3
3
3
3
3
3
3
3
3
3
3
3
3
3
3
3
3
3
3
3
3
3
3
3
3
3
3
3
3
3
3
3
3
3
3
3
3
3
3
3
3
3
3
3
3
3
3
3
3
3
3
3
3
3
3
3
3
3
3
3
3
3
3
3
3
3
3
3
3
3
3
3
3
3
3
3
3
3
3
3
3
3
3
3
3
3
3
3
3
3
3
3
3
3
3
3
3
3
3
3
3
3
3
3
3
3
3
3
3
3
3
3
3
3
3
3
3
3
3
3
3
3
3
3
3
3
3
3
3
3
3
3
3
3
3
3
3
3
3
3
3
3
3
3
3
3
3
3
3
3
3
3
3
3
3
3
3
3
3
3
3
3
3
3
3
3
3
3
3
3
3
3
3
3
3
3
3
3
3
3
3
3
3
3
3
3
3
3
3
3
3
3
3
3
3
3
3
3
3
3
3
3
3
3
3
3
3
3
3
3
3
3
3
3
3
3
3
3
3
3
3
3
3
3
3
3
3
3
3
3
3
3
3
3
3
3
3
3
3
3
3
3
3
3
3
3
3
3
3
3
3
3
3
3
3
3
3
3
3
3
3
3
3
3
3
3
3
3
3
3
3
3
3
3
3
3
3
3
3
3
3
3
3
3
3
3
3
3
3
3
3
3
3
3
3
3
3
3
3
3
3
3
3
3
3
3
3
3
3
3
3
3
3
3
3
3
3
3
3
3
3
3
3
3
3
3
3
3
3
3
3
3
3
3
3
3
3
3
3
3
3
3
3
3
3
3
3
3
3
3
3
3
3
3
3
3
3
3
3
3
3
3
3
3
3
3
3
3
3
3
3
3
3
3
3
3
3
3
3
3
3
3
3
3
3
3
3
3
3
3
3
3
3
3
3
3
3
3
3
3
3
3
3
3
3
3
3
3
3
3
3
3
3
3
3
3
3
3
3
3
3
3
3
3
3
3
3
3
3
3
3
3
3
3
3
3
3
3
3
3
3
3
3
3
3
3
3
3
3
3
3
3
3
3
3
3
3
3
3
3
3
3
3
3
3
3
3
3
3
3
3
3
3
3
3
3
3
3
3
3
3
3
3
3
3
3
3
3
3
3
3
3
3
3
3
3
3
3
3
3
3
3
3
3
3
3
3
3
3
3
3
3
3
3
3
3
3
3
3
3
3
3
3
3
3
3
3
3
3
3
3
3
3
3
3
3
3
3
3
3
3
3
3
3
3
3
3
3
3
3
3
3
3
3
3
3
3
3
3
3
3
3
3
3
3
3
3
3
3
3
3
3
3
3
3
3
3
3
3
3
3
3
3
3
3
3
3
3
3
3
3
3
3
3
3
3
3
3
3
3
3
3
3
3
3
3
3
3
3
3
3
3
3
3
3
3
3
3
3
3
3
3
3
3
3
3
3
3
3
3
3
3
3
3
3
3
3
3
3
3
3
3
3
3
3
3
3
3
3
3
3
3
3
3
3
3
3
3
3
3
3
3
3
3
3
3
3
3
3
3
3
3
3
3
3
3
3
3
3
3
3
3
3
3
3
3
3
3
3
3
3
3
3
3
3
3
3
3
3
3
3
3
3
3
3
3
3
3
3
3
3
3
3
3
3
3
3
3
3
3
3
3
3
3
3
3
3
3
3
3
3
3
3
3
3
3
3
3
3
3
3
3
3
3
3
3
3
3
3
3
3
3
3
3
3
3
3
3
3
3
3
3
3
3
3
3
3
3
3
3
3
3
3
3
3
3
3
3
3
3
3
3
3
3
3
3
3
3
3
3
3
3
3
3
3
3
3
3
3
3
3
3
3
3
3
3
3
3
3
3
3
3
3
3
3
3
3
3
3
3
3
3
3
3
3
3
3
3
3
3
3
3
3
3
3
3
3
3
3
3
3
3
3
3
3
3
3
3
3
3
3
3
3
3
3
3
3
3
3
3
3
3
3
3
3
3
3
3
3
3
3
3
3
3
3
3
3
3
3
3
3
3
3
3
3
3
3
3
3
3
3
3
3
3
3
3
3
3
3
3
3
3
3
3
3
3
3
3
3
3
3
3
3
3
3
3
3
3
3
3
3
3
3
3
3
3
3
3
3
3
3
3
3
3
3
3
3
3
3
3
3
3
3
3
3
3
3
3
3
3
3
3
3
3
3
3
3
3
3
3
3
3
3
3
3
3
3
3
3
3
3
3
3
3
3
3
3
3
3
3
3
3
3
3
3
3
3
3
3
3
3
3
3
3
3
3
3
3
3
3
3
3
3
3
3
3
3
3
3
3
3
3
3
3
3
3
3
3
3
3
3
3
3
3
3
3
3
3
3
3
3
3
3
3
3
3
3
3
3
3
3
3
3
3
3
3
3
3
3
3
3
3
3
3
3
3
3
3
3
3
3
3
3
3
3
3
3
3
3
3
3
3
3
3
3
3
3
3
3
3
3
3
3
3
3
3
3
3
3
3
3
3
3
3
3
3
3
3
3
3
3
3
3
3
3
3
3
3
3
3
3
3
3
3
3
3
3
3
3
3
3
3
3
3
3
3
3
3
3
3
3
3
3
3
3
3
3
3
3
3
3
3
3
3
3
3
3
3
3
3
3
3
3
3
3
3
3
3
3
3
3
3
3
3
3
3
3
3
3
3
3
3
3
3
3
3
3
3
3
3
3
3
3
3
3
3
3
3
3
3
3
3
3
3
3
3
3
3
3
3
3
3
3
3
3
3
3
3
3
3
3
3
3
3
3
3
3
3
3
3
3
3
3
3
3
3
3
3
3
3
3
3
3
3
3
3
3
3
3
3
3
3
3
3
3
3
3
3
3
3
3
3
3
3
3
3
3
3
3
3
3
3
3
3
3
3
3
3
3
3
3
3
3
3
3
3
3
3
3
3
3
3
3
3
3
3
3
3
3
3
3
3
3
3
3
3
3
3
3
3
3
3
3
3
3
3
3
3
3
3
3
3
3
3
3
3
3
3
3
3
3
3
3
3
CELL_DATA 2047
SCALARS vessel_id int 1
LOOKUP_TABLE default
0
1
2
3
4
5
6
7
8
9
10
11
12
13
14
15
16
17
18
19
20
21
22
23
24
25
26
27
28
29
30
31
32
33
34
35
36
37
38
39
40
41
42
43
44
45
46
47
48
49
50
51
52
53
54
55
56
57
58
59
60
61
62
63
64
65
66
67
68
69
70
71
72
73
74
75
76
77
78
79
80
81
82
83
84
85
86
87
88
89
90
91
92
93
94
95
96
97
98
99
100
101
102
103
104
105
106
107
108
109
110
111
112
113
114
115
116
117
118
119
120
121
122
123
124
125
126
127
128
129
130
131
132
133
134
135
136
137
138
139
140
141
142
143
144
145
146
147
148
149
150
151
152
153
154
155
156
157
158
159
160
161
162
163
164
165
166
167
168
169
170
171
172
173
174
175
176
177
178
179
180
181
182
183
184
185
186
187
188
189
190
191
192
193
194
195
196
197
198
199
200
201
202
203
204
205
206
207
208
209
210
211
212
213
214
215
216
217
218
219
220
221
222
223
224
225
226
227
228
229
230
231
232
233
234
235
236
237
238
239
240
241
242
243
244
245
246
247
248
249
250
251
252
253
254
255
256
257
258
259
260
261
262
263
264
265
266
267
268
269
270
271
272
273
274
275
276
277
278
279
280
281
282
283
284
285
286
287
288
289
290
291
292
293
294
295
296
297
298
299
300
301
302
303
304
305
306
307
308
309
310
311
312
313
314
315
316
317
318
319
320
321
322
323
324
325
326
327
328
329
330
331
332
333
334
335
336
337
338
339
340
341
342
343
344
345
346
347
348
349
350
351
352
353
354
355
356
357
358
359
360
361
362
363
364
365
366
367
368
369
370
371
372
373
374
375
376
377
378
379
380
381
382
383
384
385
386
387
388
389
390
391
392
393
394
395
396
397
398
399
400
401
402
403
404
405
406
407
408
409
410
411
412
413
414
415
416
417
418
419
420
421
422
423
424
425
426
427
428
429
430
431
432
433
434
435
436
437
438
439
440
441
442
443
444
445
446
447
448
449
450
451
452
453
454
455
456
457
458
459
460
461
462
463
464
465
466
467
468
469
470
471
472
473
474
475
476
477
478
479
480
481
482
483
484
485
486
487
488
489
490
491
492
493
494
495
496
497
498
499
500
501
502
503
504
505
506
507
508
509
510
511
512
513
514
515
516
517
518
519
520
521
522
523
524
525
526
527
528
529
530
531
532
533
534
535
536
537
538
539
540
541
542
543
544
545
546
547
548
549
550
551
552
553
554
555
556
557
558
559
560
561
562
563
564
565
566
567
568
569
570
571
572
573
574
575
576
577
578
579
580
581
582
583
584
585
586
587
588
589
590
591
592
593
594
595
596
597
598
599
600
601
602
603
604
605
606
607
608
609
610
611
612
613
614
615
616
617
618
619
620
621
622
623
624
625
626
627
628
629
630
631
632
633
634
635
636
637
638
639
640
641
642
643
644
645
646
647
648
649
650
651
652
653
654
655
656
657
658
659
660
661
662
663
664
665
666
667
668
669
670
671
672
673
674
675
676
677
678
679
680
681
682
683
684
685
686
687
688
689
690
691
692
693
694
695
696
697
698
699
700
701
702
703
704
705
706
707
708
709
710
711
712
713
714
715
716
717
718
719
720
721
722
723
724
725
726
727
728
729
730
731
732
733
734
735
736
737
738
739
740
741
742
743
744
745
746
747
748
749
750
751
752
753
754
755
756
757
758
759
760
761
762
763
764
765
766
767
768
769
770
771
772
773
774
775
776
777
778
779
780
781
782
783
784
785
786
787
788
789
790
791
792
793
794
795
796
797
798
799
800
801
802
803
804
805
806
807
808
809
810
811
812
813
814
815
816
817
818
819
820
821
822
823
824
825
826
827
828
829
830
831
832
833
834
835
836
837
838
839
840
841
842
843
844
845
846
847
848
849
850
851
852
853
854
855
856
857
858
859
860
861
862
863
864
865
866
867
868
869
870
871
872
873
874
875
876
877
878
879
880
881
882
883
884
885
886
887
888
889
890
891
892
893
894
895
896
897
898
899
900
901
902
903
904
905
906
907
908
909
910
911
912
913
914
915
916
917
918
919
920
921
922
923
924
925
926
927
928
929
930
931
932
933
934
935
936
937
938
939
940
941
942
943
944
945
946
947
948
949
950
951
952
953
954
955
956
957
958
959
960
961
962
963
964
965
966
967
968
969
970
971
972
973
974
975
976
977
978
979
980
981
982
983
984
985
986
987
988
989
990
991
992
993
994
995
996
997
998
999
1000
1001
1002
1003
1004
1005
1006
1007
1008
1009
1010
1011
1012
1013
1014
1015
1016
1017
1018
1019
1020
1021
1022
1023
1024
1025
1026
1027
1028
1029
1030
1031
1032
1033
1034
1035
1036
1037
1038
1039
1040
1041
1042
1043
1044
1045
1046
1047
1048
1049
1050
1051
1052
1053
1054
1055
1056
1057
1058
1059
1060
1061
1062
1063
1064
1065
1066
1067
1068
1069
1070
1071
1072
1073
1074
1075
1076
1077
1078
1079
1080
1081
1082
1083
1084
1085
1086
1087
1088
1089
1090
1091
1092
1093
1094
1095
1096
1097
1098
1099
1100
1101
1102
1103
1104
1105
1106
1107
1108
1109
1110
1111
1112
1113
1114
1115
1116
1117
1118
1119
1120
1121
1122
1123
1124
1125
1126
1127
1128
1129
1130
1131
1132
1133
1134
1135
1136
1137
1138
1139
1140
1141
1142
1143
1144
1145
1146
1147
1148
1149
1150
1151
1152
1153
1154
1155
1156
1157
1158
1159
1160
1161
1162
1163
1164
1165
1166
1167
1168
1169
1170
1171
1172
1173
1174
1175
1176
1177
1178
1179
1180
1181
1182
1183
1184
1185
1186
1187
1188
1189
1190
1191
1192
1193
1194
1195
1196
1197
1198
1199
1200
1201
1202
1203
1204
1205
1206
1207
1208
1209
1210
1211
1212
1213
1214
1215
1216
1217
1218
1219
1220
1221
1222
1223
1224
1225
1226
1227
1228
1229
1230
1231
1232
1233
1234
1235
1236
1237
1238
1239
1240
1241
1242
1243
1244
1245
1246
1247
1248
1249
1250
1251
1252
1253
1254
1255
1256
1257
1258
1259
1260
1261
1262
1263
1264
1265
1266
1267
1268
1269
1270
1271
1272
1273
1274
1275
1276
1277
1278
1279
1280
1281
1282
1283
1284
1285
1286
1287
1288
1289
1290
1291
1292
1293
1294
1295
1296
1297
1298
1299
1300
1301
1302
1303
1304
1305
1306
1307
1308
1309
1310
1311
1312
1313
1314
1315
1316
1317
1318
1319
1320
1321
1322
1323
1324
1325
1326
1327
1328
1329
1330
1331
1332
1333
1334
1335
1336
1337
1338
1339
1340
1341
1342
1343
1344
1345
1346
1347
1348
1349
1350
1351
1352
1353
1354
1355
1356
1357
1358
1359
1360
1361
1362
1363
1364
1365
1366
1367
1368
1369
1370
1371
1372
1373
1374
1375
1376
1377
1378
1379
1380
1381
1382
1383
1384
1385
1386
1387
1388
1389
1390
1391
1392
1393
1394
1395
1396
1397
1398
1399
1400
1401
1402
1403
1404
1405
1406
1407
1408
1409
1410
1411
1412
1413
1414
1415
1416
1417
1418
1419
1420
1421
1422
1423
1424
1425
1426
1427
1428
1429
1430
1431
1432
1433
1434
1435
1436
1437
1438
1439
1440
1441
1442
1443
1444
1445
1446
1447
1448
1449
1450
1451
1452
1453
1454
1455
1456
1457
1458
1459
1460
1461
1462
1463
1464
1465
1466
1467
1468
1469
1470
1471
1472
1473
1474
1475
1476
1477
1478
1479
1480
1481
1482
1483
1484
1485
1486
1487
1488
1489
1490
1491
1492
1493
1494
1495
1496
1497
1498
1499
1500
1501
1502
1503
1504
1505
1506
1507
1508
1509
1510
1511
1512
1513
1514
1515
1516
1517
1518
1519
1520
1521
1522
1523
1524
1525
1526
1527
1528
1529
1530
1531
1532
1533
1534
1535
1536
1537
1538
1539
1540
1541
1542
1543
1544
1545
1546
1547
1548
1549
1550
1551
1552
1553
1554
1555
1556
1557
1558
1559
1560
1561
1562
1563
1564
1565
1566
1567
1568
1569
1570
1571
1572
1573
1574
1575
1576
1577
1578
1579
1580
1581
1582
1583
1584
1585
1586
1587
1588
1589
1590
1591
1592
1593
1594
1595
1596
1597
1598
1599
1600
1601
1602
1603
1604
1605
1606
1607
1608
1609
1610
1611
1612
1613
1614
1615
1616
1617
1618
1619
1620
1621
1622
1623
1624
1625
1626
1627
1628
1629
1630
1631
1632
1633
1634
1635
1636
1637
1638
1639
1640
1641
1642
1643
1644
1645
1646
1647
1648
1649
1650
1651
1652
1653
1654
1655
1656
1657
1658
1659
1660
1661
1662
1663
1664
1665
1666
1667
1668
1669
1670
1671
1672
1673
1674
1675
1676
1677
1678
1679
1680
1681
1682
1683
1684
1685
1686
1687
1688
1689
1690
1691
1692
1693
1694
1695
1696
1697
1698
1699
1700
1701
1702
1703
1704
1705
1706
1707
1708
1709
1710
1711
1712
1713
1714
1715
1716
1717
1718
1719
1720
1721
1722
1723
1724
1725
1726
1727
1728
1729
1730
1731
1732
1733
1734
1735
1736
1737
1738
1739
1740
1741
1742
1743
1744
1745
1746
1747
1748
1749
1750
1751
1752
1753
1754
1755
1756
1757
1758
1759
1760
1761
1762
1763
1764
1765
1766
1767
1768
1769
1770
1771
1772
1773
1774
1775
1776
1777
1778
1779
1780
1781
1782
1783
1784
1785
1786
1787
1788
1789
1790
1791
1792
1793
1794
1795
1796
1797
1798
1799
1800
1801
1802
1803
1804
1805
1806
1807
1808
1809
1810
1811
1812
1813
1814
1815
1816
1817
1818
1819
1820
1821
1822
1823
1824
1825
1826
1827
1828
1829
1830
1831
1832
1833
1834
1835
1836
1837
1838
1839
1840
1841
1842
1843
1844
1845
1846
1847
1848
1849
1850
1851
1852
1853
1854
1855
1856
1857
1858
1859
1860
1861
1862
1863
1864
1865
1866
1867
1868
1869
1870
1871
1872
1873
1874
1875
1876
1877
1878
1879
1880
1881
1882
1883
1884
1885
1886
1887
1888
1889
1890
1891
1892
1893
1894
1895
1896
1897
1898
1899
1900
1901
1902
1903
1904
1905
1906
1907
1908
1909
1910
1911
1912
1913
1914
1915
1916
1917
1918
1919
1920
1921
1922
1923
1924
1925
1926
1927
1928
1929
1930
1931
1932
1933
1934
1935
1936
1937
1938
1939
1940
1941
1942
1943
1944
1945
1946
1947
1948
1949
1950
1951
1952
1953
1954
1955
1956
1957
1958
1959
1960
1961
1962
1963
1964
1965
1966
1967
1968
1969
1970
1971
1972
1973
1974
1975
1976
1977
1978
1979
1980
1981
1982
1983
1984
1985
1986
1987
1988
1989
1990
1991
1992
1993
1994
1995
1996
1997
1998
1999
2000
2001
2002
2003
2004
2005
2006
2007
2008
2009
2010
2011
2012
2013
2014
2015
2016
2017
2018
2019
2020
2021
2022
2023
2024
2025
2026
2027
2028
2029
2030
2031
2032
2033
2034
2035
2036
2037
2038
2039
2040
2041
2042
2043
2044
2045
2046
SCALARS a0 double 1
LOOKUP_TABLE default
0.0002323521926595011
0.00014637270926046723
9.220902876370244e-05
5.8088048164875256e-05
3.65931773151168e-05
2.30522571909256e-05
1.4522012041218814e-05
9.1482943287792e-06
5.7630642977314e-06
3.6305030103047035e-06
2.2870735821948e-06
2.2870735821948e-06
3.6305030103047035e-06
2.2870735821948e-06
2.2870735821948e-06
5.7630642977314e-06
3.6305030103047035e-06
2.2870735821948e-06
2.2870735821948e-06
3.6305030103047035e-06
2.2870735821948e-06
2.2870735821948e-06
9.1482943287792e-06
5.7630642977314e-06
3.6305030103047035e-06
2.2870735821948e-06
2.2870735821948e-06
3.6305030103047035e-06
2.2870735821948e-06
2.2870735821948e-06
5.7630642977314e-06
3.6305030103047035e-06
2.2870735821948e-06
2.2870735821948e-06
3.6305030103047035e-06
2.2870735821948e-06
2.2870735821948e-06
1.4522012041218814e-05
9.1482943287792e-06
5.7630642977314e-06
3.6305030103047035e-06
2.2870735821948e-06
2.2870735821948e-06
3.6305030103047035e-06
2.2870735821948e-06
2.2870735821948e-06
5.7630642977314e-06
3.6305030103047035e-06
2.2870735821948e-06
2.2870735821948e-06
3.6305030103047035e-06
2.2870735821948e-06
2.2870735821948e-06
9.1482943287792e-06
5.7630642977314e-06
3.6305030103047035e-06
2.2870735821948e-06
2.2870735821948e-06
3.6305030103047035e-06
2.2870735821948e-06
2.2870735821948e-06
5.7630642977314e-06
3.6305030103047035e-06
2.2870735821948e-06
2.2870735821948e-06
3.6305030103047035e-06
2.2870735821948e-06
2.2870735821948e-06
2.30522571909256e-05
1.4522012041218814e-05
9.1482943287792e-06
5.7630642977314e-06
3.6305030103047035e-06
2.2870735821948e-06
2.2870735821948e-06
3.6305030103047035e-06
2.2870735821948e-06
2.2870735821948e-06
5.7630642977314e-06
3.6305030103047035e-06
2.2870735821948e-06
2.2870735821948e-06
3.6305030103047035e-06
2.2870735821948e-06
2.2870735821948e-06
9.1482943287792e-06
5.7630642977314e-06
3.6305030103047035e-06
2.2870735821948e-06
2.2870735821948e-06
3.6305030103047035e-06
2.2870735821948e-06
2.2870735821948e-06
5.7630642977314e-06
3.6305030103047035e-06
2.2870735821948e-06
2.2870735821948e-06
3.6305030103047035e-06
2.2870735821948e-06
2.2870735821948e-06
1.4522012041218814e-05
9.1482943287792e-06
5.7630642977314e-06
3.6305030103047035e-06
2.2870735821948e-06
2.2870735821948e-06
3.6305030103047035e-06
2.2870735821948e-06
2.2870735821948e-06
5.7630642977314e-06
3.6305030103047035e-06
2.2870735821948e-06
2.2870735821948e-06
3.6305030103047035e-06
2.2870735821948e-06
2.2870735821948e-06
9.1482943287792e-06
5.7630642977314e-06
3.6305030103047035e-06
2.2870735821948e-06
2.2870735821948e-06
3.6305030103047035e-06
2.2870735821948e-06
2.2870735821948e-06
5.7630642977314e-06
3.6305030103047035e-06
2.2870735821948e-06
2.2870735821948e-06
3.6305030103047035e-06
2.2870735821948e-06
2.2870735821948e-06
3.65931773151168e-05
2.30522571909256e-05
1.4522012041218814e-05
9.1482943287792e-06
5.7630642977314e-06
3.6305030103047035e-06
2.2870735821948e-06
2.2870735821948e-06
3.6305030103047035e-06
2.2870735821948e-06
2.2870735821948e-06
5.7630642977314e-06
3.6305030103047035e-06
2.2870735821948e-06
2.2870735821948e-06
3.6305030103047035e-06
2.2870735821948e-06
2.2870735821948e-06
9.1482943287792e-06
5.7630642977314e-06
3.6305030103047035e-06
2.2870735821948e-06
2.2870735821948e-06
3.6305030103047035e-06
2.2870735821948e-06
2.2870735821948e-06
5.7630642977314e-06
3.6305030103047035e-06
2.2870735821948e-06
2.2870735821948e-06
3.6305030103047035e-06
2.2870735821948e-06
2.2870735821948e-06
1.4522012041218814e-05
9.1482943287792e-06
5.7630642977314e-06
3.6305030103047035e-06
2.2870735821948e-06
2.2870735821948e-06
3.6305030103047035e-06
2.2870735821948e-06
2.2870735821948e-06
5.7630642977314e-06
3.6305030103047035e-06
2.2870735821948e-06
2.2870735821948e-06
3.6305030103047035e-06
2.2870735821948e-06
2.2870735821948e-06
9.1482943287792e-06
5.7630642977314e-06
3.6305030103047035e-06
2.2870735821948e-06
2.2870735821948e-06
3.6305030103047035e-06
2.2870735821948e-06
2.2870735821948e-06
5.7630642977314e-06
3.6305030103047035e-06
2.2870735821948e-06
2.2870735821948e-06
3.6305030103047035e-06
2.2870735821948e-06
2.2870735821948e-06
2.30522571909256e-05
1.4522012041218814e-05
9.1482943287792e-06
5.7630642977314e-06
3.6305030103047035e-06
2.2870735821948e-06
2.2870735821948e-06
3.6305030103047035e-06
2.2870735821948e-06
2.2870735821948e-06
5.7630642977314e-06
3.6305030103047035e-06
2.2870735821948e-06
2.2870735821948e-06
3.6305030103047035e-06
2.2870735821948e-06
2.2870735821948e-06
9.1482943287792e-06
5.7630642977314e-06
3.6305030103047035e-06
2.2870735821948e-06
2.2870735821948e-06
3.6305030103047035e-06
2.2870735821948e-06
2.2870735821948e-06
5.7630642977314e-06
3.6305030103047035e-06
2.2870735821948e-06
2.2870735821948e-06
3.6305030103047035e-06
2.2870735821948e-06
2.2870735821948e-06
1.4522012041218814e-05
9.1482943287792e-06
5.7630642977314e-06
3.6305030103047035e-06
2.2870735821948e-06
2.2870735821948e-06
3.6305030103047035e-06
2.2870735821948e-06
2.2870735821948e-06
5.7630642977314e-06
3.6305030103047035e-06
2.2870735821948e-06
2.2870735821948e-06
3.6305030103047035e-06
2.2870735821948e-06
2.2870735821948e-06
9.1482943287792e-06
5.7630642977314e-06
3.6305030103047035e-06
2.2870735821948e-06
2.2870735821948e-06
3.6305030103047035e-06
2.2870735821948e-06
2.2870735821948e-06
5.7630642977314e-06
3.6305030103047035e-06
2.2870735821948e-06
2.2870735821948e-06
3.6305030103047035e-06
2.2870735821948e-06
2.2870735821948e-06
5.8088048164875256e-05
3.65931773151168e-05
2.30522571909256e-05
1.4522012041218814e-05
9.1482943287792e-06
5.7630642977314e-06
3.6305030103047035e-06
2.2870735821948e-06
2.2870735821948e-06
3.6305030103047035e-06
2.2870735821948e-06
2.2870735821948e-06
5.7630642977314e-06
3.6305030103047035e-06
2.2870735821948e-06
2.2870735821948e-06
3.6305030103047035e-06
2.2870735821948e-06
2.2870735821948e-06
9.1482943287792e-06
5.7630642977314e-06
3.6305030103047035e-06
2.2870735821948e-06
2.2870735821948e-06
3.6305030103047035e-06
2.2870735821948e-06
2.2870735821948e-06
5.7630642977314e-06
3.6305030103047035e-06
2.2870735821948e-06
2.2870735821948e-06
3.6305030103047035e-06
2.2870735821948e-06
2.2870735821948e-06
1.4522012041218814e-05
9.1482943287792e-06
5.7630642977314e-06
3.6305030103047035e-06
2.2870735821948e-06
2.2870735821948e-06
3.6305030103047035e-06
2.2870735821948e-06
2.2870735821948e-06
5.7630642977314e-06
3.6305030103047035e-06
2.2870735821948e-06
2.2870735821948e-06
3.6305030103047035e-06
2.2870735821948e-06
2.2870735821948e-06
9.1482943287792e-06
5.7630642977314e-06
3.6305030103047035e-06
2.2870735821948e-06
2.2870735821948e-06
3.6305030103047035e-06
2.2870735821948e-06
2.2870735821948e-06
5.7630642977314e-06
3.6305030103047035e-06
2.2870735821948e-06
2.2870735821948e-06
3.6305030103047035e-06
2.2870735821948e-06
2.2870735821948e-06
2.30522571909256e-05
1.4522012041218814e-05
9.1482943287792e-06
5.7630642977314e-06
3.6305030103047035e-06
2.2870735821948e-06
2.2870735821948e-06
3.6305030103047035e-06
2.2870735821948e-06
2.2870735821948e-06
5.7630642977314e-06
3.6305030103047035e-06
2.2870735821948e-06
2.2870735821948e-06
3.6305030103047035e-06
2.2870735821948e-06
2.2870735821948e-06
9.1482943287792e-06
5.7630642977314e-06
3.6305030103047035e-06
2.2870735821948e-06
2.2870735821948e-06
3.6305030103047035e-06
2.2870735821948e-06
2.2870735821948e-06
5.7630642977314e-06
3.6305030103047035e-06
2.2870735821948e-06
2.2870735821948e-06
3.6305030103047035e-06
2.2870735821948e-06
2.2870735821948e-06
1.4522012041218814e-05
9.1482943287792e-06
5.7630642977314e-06
3.6305030103047035e-06
2.2870735821948e-06
2.2870735821948e-06
3.6305030103047035e-06
2.2870735821948e-06
2.2870735821948e-06
5.7630642977314e-06
3.6305030103047035e-06
2.2870735821948e-06
2.2870735821948e-06
3.6305030103047035e-06
2.2870735821948e-06
2.2870735821948e-06
9.1482943287792e-06
5.7630642977314e-06
3.6305030103047035e-06
2.2870735821948e-06
2.2870735821948e-06
3.6305030103047035e-06
2.2870735821948e-06
2.2870735821948e-06
5.7630642977314e-06
3.6305030103047035e-06
2.2870735821948e-06
2.2870735821948e-06
3.6305030103047035e-06
2.2870735821948e-06
2.2870735821948e-06
3.65931773151168e-05
2.30522571909256e-05
1.4522012041218814e-05
9.1482943287792e-06
5.7630642977314e-06
3.6305030103047035e-06
2.2870735821948e-06
2.2870735821948e-06
3.6305030103047035e-06
2.2870735821948e-06
2.2870735821948e-06
5.7630642977314e-06
3.6305030103047035e-06
2.2870735821948e-06
2.2870735821948e-06
3.6305030103047035e-06
2.2870735821948e-06
2.2870735821948e-06
9.1482943287792e-06
5.7630642977314e-06
3.6305030103047035e-06
2.2870735821948e-06
2.2870735821948e-06
3.6305030103047035e-06
2.2870735821948e-06
2.2870735821948e-06
5.7630642977314e-06
3.6305030103047035e-06
2.2870735821948e-06
2.2870735821948e-06
3.6305030103047035e-06
2.2870735821948e-06
2.2870735821948e-06
1.4522012041218814e-05
9.1482943287792e-06
5.7630642977314e-06
3.6305030103047035e-06
2.2870735821948e-06
2.2870735821948e-06
3.6305030103047035e-06
2.2870735821948e-06
2.2870735821948e-06
5.7630642977314e-06
3.6305030103047035e-06
2.2870735821948e-06
2.2870735821948e-06
3.6305030103047035e-06
2.2870735821948e-06
2.2870735821948e-06
9.1482943287792e-06
5.7630642977314e-06
3.6305030103047035e-06
2.2870735821948e-06
2.2870735821948e-06
3.6305030103047035e-06
2.2870735821948e-06
2.2870735821948e-06
5.7630642977314e-06
3.6305030103047035e-06
2.2870735821948e-06
2.2870735821948e-06
3.6305030103047035e-06
2.2870735821948e-06
2.2870735821948e-06
2.30522571909256e-05
1.4522012041218814e-05
9.1482943287792e-06
5.7630642977314e-06
3.6305030103047035e-06
2.2870735821948e-06
2.2870735821948e-06
3.6305030103047035e-06
2.2870735821948e-06
2.2870735821948e-06
5.7630642977314e-06
3.6305030103047035e-06
2.2870735821948e-06
2.2870735821948e-06
3.6305030103047035e-06
2.2870735821948e-06
2.2870735821948e-06
9.1482943287792e-06
5.7630642977314e-06
3.6305030103047035e-06
2.2870735821948e-06
2.2870735821948e-06
3.6305030103047035e-06
2.2870735821948e-06
2.2870735821948e-06
5.7630642977314e-06
3.6305030103047035e-06
2.2870735821948e-06
2.2870735821948e-06
3.6305030103047035e-06
2.2870735821948e-06
2.2870735821948e-06
1.4522012041218814e-05
9.1482943287792e-06
5.7630642977314e-06
3.6305030103047035e-06
2.2870735821948e-06
2.2870735821948e-06
3.6305030103047035e-06
2.2870735821948e-06
2.2870735821948e-06
5.7630642977314e-06
3.6305030103047035e-06
2.2870735821948e-06
2.2870735821948e-06
3.6305030103047035e-06
2.2870735821948e-06
2.2870735821948e-06
9.1482943287792e-06
5.7630642977314e-06
3.6305030103047035e-06
2.2870735821948e-06
2.2870735821948e-06
3.6305030103047035e-06
2.2870735821948e-06
2.2870735821948e-06
5.7630642977314e-06
3.6305030103047035e-06
2.2870735821948e-06
2.2870735821948e-06
3.6305030103047035e-06
2.2870735821948e-06
2.2870735821948e-06
9.220902876370244e-05
5.8088048164875256e-05
3.65931773151168e-05
2.30522571909256e-05
1.4522012041218814e-05
9.1482943287792e-06
5.7630642977314e-06
3.6305030103047035e-06
2.2870735821948e-06
2.2870735821948e-06
3.6305030103047035e-06
2.2870735821948e-06
2.2870735821948e-06
5.7630642977314e-06
3.6305030103047035e-06
2.2870735821948e-06
2.2870735821948e-06
3.6305030103047035e-06
2.2870735821948e-06
2.2870735821948e-06
9.1482943287792e-06
5.7630642977314e-06
3.6305030103047035e-06
2.2870735821948e-06
2.2870735821948e-06
3.6305030103047035e-06
2.2870735821948e-06
2.2870735821948e-06
5.7630642977314e-06
3.6305030103047035e-06
2.2870735821948e-06
2.2870735821948e-06
3.6305030103047035e-06
2.2870735821948e-06
2.2870735821948e-06
1.4522012041218814e-05
9.1482943287792e-06
5.7630642977314e-06
3.6305030103047035e-06
2.2870735821948e-06
2.2870735821948e-06
3.6305030103047035e-06
2.2870735821948e-06
2.2870735821948e-06
5.7630642977314e-06
3.6305030103047035e-06
2.2870735821948e-06
2.2870735821948e-06
3.6305030103047035e-06
2.2870735821948e-06
2.2870735821948e-06
9.1482943287792e-06
5.7630642977314e-06
3.6305030103047035e-06
2.2870735821948e-06
2.2870735821948e-06
3.6305030103047035e-06
2.2870735821948e-06
2.2870735821948e-06
5.7630642977314e-06
3.6305030103047035e-06
2.2870735821948e-06
2.2870735821948e-06
3.6305030103047035e-06
2.2870735821948e-06
2.2870735821948e-06
2.30522571909256e-05
1.4522012041218814e-05
9.1482943287792e-06
5.7630642977314e-06
3.6305030103047035e-06
2.2870735821948e-06
2.2870735821948e-06
3.6305030103047035e-06
2.2870735821948e-06
2.2870735821948e-06
5.7630642977314e-06
3.6305030103047035e-06
2.2870735821948e-06
2.2870735821948e-06
3.6305030103047035e-06
2.2870735821948e-06
2.2870735821948e-06
9.1482943287792e-06
5.7630642977314e-06
3.6305030103047035e-06
2.2870735821948e-06
2.2870735821948e-06
3.6305030103047035e-06
2.2870735821948e-06
2.2870735821948e-06
5.7630642977314e-06
3.6305030103047035e-06
2.2870735821948e-06
2.2870735821948e-06
3.6305030103047035e-06
2.2870735821948e-06
2.2870735821948e-06
1.4522012041218814e-05
9.1482943287792e-06
5.7630642977314e-06
3.6305030103047035e-06
2.2870735821948e-06
2.2870735821948e-06
3.6305030103047035e-06
2.2870735821948e-06
2.2870735821948e-06
5.7630642977314e-06
3.6305030103047035e-06
2.2870735821948e-06
2.2870735821948e-06
3.6305030103047035e-06
2.2870735821948e-06
2.2870735821948e-06
9.1482943287792e-06
5.7630642977314e-06
3.6305030103047035e-06
2.2870735821948e-06
2.2870735821948e-06
3.6305030103047035e-06
2.2870735821948e-06
2.2870735821948e-06
5.7630642977314e-06
3.6305030103047035e-06
2.2870735821948e-06
2.2870735821948e-06
3.6305030103047035e-06
2.2870735821948e-06
2.2870735821948e-06
3.65931773151168e-05
2.30522571909256e-05
1.4522012041218814e-05
9.1482943287792e-06
5.7630642977314e-06
3.6305030103047035e-06
2.2870735821948e-06
2.2870735821948e-06
3.6305030103047035e-06
2.2870735821948e-06
2.2870735821948e-06
5.7630642977314e-06
3.6305030103047035e-06
2.2870735821948e-06
2.2870735821948e-06
3.6305030103047035e-06
2.2870735821948e-06
2.2870735821948e-06
9.1482943287792e-06
5.7630642977314e-06
3.6305030103047035e-06
2.2870735821948e-06
2.2870735821948e-06
3.6305030103047035e-06
2.2870735821948e-06
2.2870735821948e-06
5.7630642977314e-06
3.6305030103047035e-06
2.2870735821948e-06
2.2870735821948e-06
3.6305030103047035e-06
2.2870735821948e-06
2.2870735821948e-06
1.4522012041218814e-05
9.1482943287792e-06
5.7630642977314e-06
3.6305030103047035e-06
2.2870735821948e-06
2.2870735821948e-06
3.6305030103047035e-06
2.2870735821948e-06
2.2870735821948e-06
5.7630642977314e-06
3.6305030103047035e-06
2.2870735821948e-06
2.2870735821948e-06
3.6305030103047035e-06
2.2870735821948e-06
2.2870735821948e-06
9.1482943287792e-06
5.7630642977314e-06
3.6305030103047035e-06
2.2870735821948e-06
2.2870735821948e-06
3.6305030103047035e-06
2.2870735821948e-06
2.2870735821948e-06
5.7630642977314e-06
3.6305030103047035e-06
2.2870735821948e-06
2.2870735821948e-06
3.6305030103047035e-06
2.2870735821948e-06
2.2870735821948e-06
2.30522571909256e-05
1.4522012041218814e-05
9.1482943287792e-06
5.7630642977314e-06
3.6305030103047035e-06
2.2870735821948e-06
2.2870735821948e-06
3.6305030103047035e-06
2.2870735821948e-06
2.2870735821948e-06
5.7630642977314e-06
3.6305030103047035e-06
2.2870735821948e-06
2.2870735821948e-06
3.6305030103047035e-06
2.2870735821948e-06
2.2870735821948e-06
9.1482943287792e-06
5.7630642977314e-06
3.6305030103047035e-06
2.2870735821948e-06
2.2870735821948e-06
3.6305030103047035e-06
2.2870735821948e-06
2.2870735821948e-06
5.7630642977314e-06
3.6305030103047035e-06
2.2870735821948e-06
2.2870735821948e-06
3.6305030103047035e-06
2.2870735821948e-06
2.2870735821948e-06
1.4522012041218814e-05
9.1482943287792e-06
5.7630642977314e-06
3.6305030103047035e-06
2.2870735821948e-06
2.2870735821948e-06
3.6305030103047035e-06
2.2870735821948e-06
2.2870735821948e-06
5.7630642977314e-06
3.6305030103047035e-06
2.2870735821948e-06
2.2870735821948e-06
3.6305030103047035e-06
2.2870735821948e-06
2.2870735821948e-06
9.1482943287792e-06
5.7630642977314e-06
3.6305030103047035e-06
2.2870735821948e-06
2.2870735821948e-06
3.6305030103047035e-06
2.2870735821948e-06
2.2870735821948e-06
5.7630642977314e-06
3.6305030103047035e-06
2.2870735821948e-06
2.2870735821948e-06
3.6305030103047035e-06
2.2870735821948e-06
2.2870735821948e-06
5.8088048164875256e-05
3.65931773151168e-05
2.30522571909256e-05
1.4522012041218814e-05
9.1482943287792e-06
5.7630642977314e-06
3.6305030103047035e-06
2.2870735821948e-06
2.2870735821948e-06
3.6305030103047035e-06
2.2870735821948e-06
2.2870735821948e-06
5.7630642977314e-06
3.6305030103047035e-06
2.2870735821948e-06
2.2870735821948e-06
3.6305030103047035e-06
2.2870735821948e-06
2.2870735821948e-06
9.1482943287792e-06
5.7630642977314e-06
3.6305030103047035e-06
2.2870735821948e-06
2.2870735821948e-06
3.6305030103047035e-06
2.2870735821948e-06
2.2870735821948e-06
5.7630642977314e-06
3.6305030103047035e-06
2.2870735821948e-06
2.2870735821948e-06
3.6305030103047035e-06
2.2870735821948e-06
2.2870735821948e-06
1.4522012041218814e-05
9.1482943287792e-06
5.7630642977314e-06
3.6305030103047035e-06
2.2870735821948e-06
2.2870735821948e-06
3.6305030103047035e-06
2.2870735821948e-06
2.2870735821948e-06
5.7630642977314e-06
3.6305030103047035e-06
2.2870735821948e-06
2.2870735821948e-06
3.6305030103047035e-06
2.2870735821948e-06
2.2870735821948e-06
9.1482943287792e-06
5.7630642977314e-06
3.6305030103047035e-06
2.2870735821948e-06
2.2870735821948e-06
3.6305030103047035e-06
2.2870735821948e-06
2.2870735821948e-06
5.7630642977314e-06
3.6305030103047035e-06
2.2870735821948e-06
2.2870735821948e-06
3.6305030103047035e-06
2.2870735821948e-06
2.2870735821948e-06
2.30522571909256e-05
1.4522012041218814e-05
9.1482943287792e-06
5.7630642977314e-06
3.6305030103047035e-06
2.2870735821948e-06
2.2870735821948e-06
3.6305030103047035e-06
2.2870735821948e-06
2.2870735821948e-06
5.7630642977314e-06
3.6305030103047035e-06
2.2870735821948e-06
2.2870735821948e-06
3.6305030103047035e-06
2.2870735821948e-06
2.2870735821948e-06
9.1482943287792e-06
5.7630642977314e-06
3.6305030103047035e-06
2.2870735821948e-06
2.2870735821948e-06
3.6305030103047035e-06
2.2870735821948e-06
2.2870735821948e-06
5.7630642977314e-06
3.6305030103047035e-06
2.2870735821948e-06
2.2870735821948e-06
3.6305030103047035e-06
2.2870735821948e-06
2.2870735821948e-06
1.4522012041218814e-05
9.1482943287792e-06
5.7630642977314e-06
3.6305030103047035e-06
2.2870735821948e-06
2.2870735821948e-06
3.6305030103047035e-06
2.2870735821948e-06
2.2870735821948e-06
5.7630642977314e-06
3.6305030103047035e-06
2.2870735821948e-06
2.2870735821948e-06
3.6305030103047035e-06
2.2870735821948e-06
2.2870735821948e-06
9.1482943287792e-06
5.7630642977314e-06
3.6305030103047035e-06
2.2870735821948e-06
2.2870735821948e-06
3.6305030103047035e-06
2.2870735821948e-06
2.2870735821948e-06
5.7630642977314e-06
3.6305030103047035e-06
2.2870735821948e-06
2.2870735821948e-06
3.6305030103047035e-06
2.2870735821948e-06
2.2870735821948e-06
3.65931773151168e-05
2.30522571909256e-05
1.4522012041218814e-05
9.1482943287792e-06
5.7630642977314e-06
3.6305030103047035e-06
2.2870735821948e-06
2.2870735821948e-06
3.6305030103047035e-06
2.2870735821948e-06
2.2870735821948e-06
5.7630642977314e-06
3.6305030103047035e-06
2.2870735821948e-06
2.2870735821948e-06
3.6305030103047035e-06
2.2870735821948e-06
2.2870735821948e-06
9.1482943287792e-06
5.7630642977314e-06
3.6305030103047035e-06
2.2870735821948e-06
2.2870735821948e-06
3.6305030103047035e-06
2.2870735821948e-06
2.2870735821948e-06
5.7630642977314e-06
3.6305030103047035e-06
2.2870735821948e-06
2.2870735821948e-06
3.6305030103047035e-06
2.2870735821948e-06
2.2870735821948e-06
1.4522012041218814e-05
9.1482943287792e-06
5.7630642977314e-06
3.6305030103047035e-06
2.2870735821948e-06
2.2870735821948e-06
3.6305030103047035e-06
2.2870735821948e-06
2.2870735821948e-06
5.7630642977314e-06
3.6305030103047035e-06
2.2870735821948e-06
2.2870735821948e-06
3.6305030103047035e-06
2.2870735821948e-06
2.2870735821948e-06
9.1482943287792e-06
5.7630642977314e-06
3.6305030103047035e-06
2.2870735821948e-06
2.2870735821948e-06
3.6305030103047035e-06
2.2870735821948e-06
2.2870735821948e-06
5.7630642977314e-06
3.6305030103047035e-06
2.2870735821948e-06
2.2870735821948e-06
3.6305030103047035e-06
2.2870735821948e-06
2.2870735821948e-06
2.30522571909256e-05
1.4522012041218814e-05
9.1482943287792e-06
5.7630642977314e-06
3.6305030103047035e-06
2.2870735821948e-06
2.2870735821948e-06
3.6305030103047035e-06
2.2870735821948e-06
2.2870735821948e-06
5.7630642977314e-06
3.6305030103047035e-06
2.2870735821948e-06
2.2870735821948e-06
3.6305030103047035e-06
2.2870735821948e-06
2.2870735821948e-06
9.1482943287792e-06
5.7630642977314e-06
3.6305030103047035e-06
2.2870735821948e-06
2.2870735821948e-06
3.6305030103047035e-06
2.2870735821948e-06
2.2870735821948e-06
5.7630642977314e-06
3.6305030103047035e-06
2.2870735821948e-06
2.2870735821948e-06
3.6305030103047035e-06
2.2870735821948e-06
2.2870735821948e-06
1.4522012041218814e-05
9.1482943287792e-06
5.7630642977314e-06
3.6305030103047035e-06
2.2870735821948e-06
2.2870735821948e-06
3.6305030103047035e-06
2.2870735821948e-06
2.2870735821948e-06
5.7630642977314e-06
3.6305030103047035e-06
2.2870735821948e-06
2.2870735821948e-06
3.6305030103047035e-06
2.2870735821948e-06
2.2870735821948e-06
9.1482943287792e-06
5.7630642977314e-06
3.6305030103047035e-06
2.2870735821948e-06
2.2870735821948e-06
3.6305030103047035e-06
2.2870735821948e-06
2.2870735821948e-06
5.7630642977314e-06
3.6305030103047035e-06
2.2870735821948e-06
2.2870735821948e-06
3.6305030103047035e-06
2.2870735821948e-06
2.2870735821948e-06
0.00014637270926046723
9.220902876370244e-05
5.8088048164875256e-05
3.65931773151168e-05
2.30522571909256e-05
1.4522012041218814e-05
9.1482943287792e-06
5.7630642977314e-06
3.6305030103047035e-06
2.2870735821948e-06
2.2870735821948e-06
3.6305030103047035e-06
2.2870735821948e-06
2.2870735821948e-06
5.7630642977314e-06
3.6305030103047035e-06
2.2870735821948e-06
2.2870735821948e-06
3.6305030103047035e-06
2.2870735821948e-06
2.2870735821948e-06
9.1482943287792e-06
5.7630642977314e-06
3.6305030103047035e-06
2.2870735821948e-06
2.2870735821948e-06
3.6305030103047035e-06
2.2870735821948e-06
2.2870735821948e-06
5.7630642977314e-06
3.6305030103047035e-06
2.2870735821948e-06
2.2870735821948e-06
3.6305030103047035e-06
2.2870735821948e-06
2.2870735821948e-06
1.4522012041218814e-05
9.1482943287792e-06
5.7630642977314e-06
3.6305030103047035e-06
2.2870735821948e-06
2.2870735821948e-06
3.6305030103047035e-06
2.2870735821948e-06
2.2870735821948e-06
5.7630642977314e-06
3.6305030103047035e-06
2.2870735821948e-06
2.2870735821948e-06
3.6305030103047035e-06
2.2870735821948e-06
2.2870735821948e-06
9.1482943287792e-06
5.7630642977314e-06
3.6305030103047035e-06
2.2870735821948e-06
2.2870735821948e-06
3.6305030103047035e-06
2.2870735821948e-06
2.2870735821948e-06
5.7630642977314e-06
3.6305030103047035e-06
2.2870735821948e-06
2.2870735821948e-06
3.6305030103047035e-06
2.2870735821948e-06
2.2870735821948e-06
2.30522571909256e-05
1.4522012041218814e-05
9.1482943287792e-06
5.7630642977314e-06
3.6305030103047035e-06
2.2870735821948e-06
2.2870735821948e-06
3.6305030103047035e-06
2.2870735821948e-06
2.2870735821948e-06
5.7630642977314e-06
3.6305030103047035e-06
2.2870735821948e-06
2.2870735821948e-06
3.6305030103047035e-06
2.2870735821948e-06
2.2870735821948e-06
9.1482943287792e-06
5.7630642977314e-06
3.6305030103047035e-06
2.2870735821948e-06
2.2870735821948e-06
3.6305030103047035e-06
2.2870735821948e-06
2.2870735821948e-06
5.7630642977314e-06
3.6305030103047035e-06
2.2870735821948e-06
2.2870735821948e-06
3.6305030103047035e-06
2.2870735821948e-06
2.2870735821948e-06
1.4522012041218814e-05
9.1482943287792e-06
5.7630642977314e-06
3.6305030103047035e-06
2.2870735821948e-06
2.2870735821948e-06
3.6305030103047035e-06
2.2870735821948e-06
2.2870735821948e-06
5.7630642977314e-06
3.6305030103047035e-06
2.2870735821948e-06
2.2870735821948e-06
3.6305030103047035e-06
2.2870735821948e-06
2.2870735821948e-06
9.1482943287792e-06
5.7630642977314e-06
3.6305030103047035e-06
2.2870735821948e-06
2.2870735821948e-06
3.6305030103047035e-06
2.2870735821948e-06
2.2870735821948e-06
5.7630642977314e-06
3.6305030103047035e-06
2.2870735821948e-06
2.2870735821948e-06
3.6305030103047035e-06
2.2870735821948e-06
2.2870735821948e-06
3.65931773151168e-05
2.30522571909256e-05
1.4522012041218814e-05
9.1482943287792e-06
5.7630642977314e-06
3.6305030103047035e-06
2.2870735821948e-06
2.2870735821948e-06
3.6305030103047035e-06
2.2870735821948e-06
2.2870735821948e-06
5.7630642977314e-06
3.6305030103047035e-06
2.2870735821948e-06
2.2870735821948e-06
3.6305030103047035e-06
2.2870735821948e-06
2.2870735821948e-06
9.1482943287792e-06
5.7630642977314e-06
3.6305030103047035e-06
2.2870735821948e-06
2.2870735821948e-06
3.6305030103047035e-06
2.2870735821948e-06
2.2870735821948e-06
5.7630642977314e-06
3.6305030103047035e-06
2.2870735821948e-06
2.2870735821948e-06
3.6305030103047035e-06
2.2870735821948e-06
2.2870735821948e-06
1.4522012041218814e-05
9.1482943287792e-06
5.7630642977314e-06
3.6305030103047035e-06
2.2870735821948e-06
2.2870735821948e-06
3.6305030103047035e-06
2.2870735821948e-06
2.2870735821948e-06
5.7630642977314e-06
3.6305030103047035e-06
2.2870735821948e-06
2.2870735821948e-06
3.6305030103047035e-06
2.2870735821948e-06
2.2870735821948e-06
9.1482943287792e-06
5.7630642977314e-06
3.6305030103047035e-06
2.2870735821948e-06
2.2870735821948e-06
3.6305030103047035e-06
2.2870735821948e-06
2.2870735821948e-06
5.7630642977314e-06
3.6305030103047035e-06
2.2870735821948e-06
2.2870735821948e-06
3.6305030103047035e-06
2.2870735821948e-06
2.2870735821948e-06
2.30522571909256e-05
1.4522012041218814e-05
9.1482943287792e-06
5.7630642977314e-06
3.6305030103047035e-06
2.2870735821948e-06
2.2870735821948e-06
3.6305030103047035e-06
2.2870735821948e-06
2.2870735821948e-06
5.7630642977314e-06
3.6305030103047035e-06
2.2870735821948e-06
2.2870735821948e-06
3.6305030103047035e-06
2.2870735821948e-06
2.2870735821948e-06
9.1482943287792e-06
5.7630642977314e-06
3.6305030103047035e-06
2.2870735821948e-06
2.2870735821948e-06
3.6305030103047035e-06
2.2870735821948e-06
2.2870735821948e-06
5.7630642977314e-06
3.6305030103047035e-06
2.2870735821948e-06
2.2870735821948e-06
3.6305030103047035e-06
2.2870735821948e-06
2.2870735821948e-06
1.4522012041218814e-05
9.1482943287792e-06
5.7630642977314e-06
3.6305030103047035e-06
2.2870735821948e-06
2.2870735821948e-06
3.6305030103047035e-06
2.2870735821948e-06
2.2870735821948e-06
5.7630642977314e-06
3.6305030103047035e-06
2.2870735821948e-06
2.2870735821948e-06
3.6305030103047035e-06
2.2870735821948e-06
2.2870735821948e-06
9.1482943287792e-06
5.7630642977314e-06
3.6305030103047035e-06
2.2870735821948e-06
2.2870735821948e-06
3.6305030103047035e-06
2.2870735821948e-06
2.2870735821948e-06
5.7630642977314e-06
3.6305030103047035e-06
2.2870735821948e-06
2.2870735821948e-06
3.6305030103047035e-06
2.2870735821948e-06
2.2870735821948e-06
5.8088048164875256e-05
3.65931773151168e-05
2.30522571909256e-05
1.4522012041218814e-05
9.1482943287792e-06
5.7630642977314e-06
3.6305030103047035e-06
2.2870735821948e-06
2.2870735821948e-06
3.6305030103047035e-06
2.2870735821948e-06
2.2870735821948e-06
5.7630642977314e-06
3.6305030103047035e-06
2.2870735821948e-06
2.2870735821948e-06
3.6305030103047035e-06
2.2870735821948e-06
2.2870735821948e-06
9.1482943287792e-06
5.7630642977314e-06
3.6305030103047035e-06
2.2870735821948e-06
2.2870735821948e-06
3.6305030103047035e-06
2.2870735821948e-06
2.2870735821948e-06
5.7630642977314e-06
3.6305030103047035e-06
2.2870735821948e-06
2.2870735821948e-06
3.6305030103047035e-06
2.2870735821948e-06
2.2870735821948e-06
1.4522012041218814e-05
9.1482943287792e-06
5.7630642977314e-06
3.6305030103047035e-06
2.2870735821948e-06
2.2870735821948e-06
3.6305030103047035e-06
2.2870735821948e-06
2.2870735821948e-06
5.7630642977314e-06
3.6305030103047035e-06
2.2870735821948e-06
2.2870735821948e-06
3.6305030103047035e-06
2.2870735821948e-06
2.2870735821948e-06
9.1482943287792e-06
5.7630642977314e-06
3.6305030103047035e-06
2.2870735821948e-06
2.2870735821948e-06
3.6305030103047035e-06
2.2870735821948e-06
2.2870735821948e-06
5.7630642977314e-06
3.6305030103047035e-06
2.2870735821948e-06
2.2870735821948e-06
3.6305030103047035e-06
2.2870735821948e-06
2.2870735821948e-06
2.30522571909256e-05
1.4522012041218814e-05
9.1482943287792e-06
5.7630642977314e-06
3.6305030103047035e-06
2.2870735821948e-06
2.2870735821948e-06
3.6305030103047035e-06
2.2870735821948e-06
2.2870735821948e-06
5.7630642977314e-06
3.6305030103047035e-06
2.2870735821948e-06
2.2870735821948e-06
3.6305030103047035e-06
2.2870735821948e-06
2.2870735821948e-06
9.1482943287792e-06
5.7630642977314e-06
3.6305030103047035e-06
2.2870735821948e-06
2.2870735821948e-06
3.6305030103047035e-06
2.2870735821948e-06
2.2870735821948e-06
5.7630642977314e-06
3.6305030103047035e-06
2.2870735821948e-06
2.2870735821948e-06
3.6305030103047035e-06
2.2870735821948e-06
2.2870735821948e-06
1.4522012041218814e-05
9.1482943287792e-06
5.7630642977314e-06
3.6305030103047035e-06
2.2870735821948e-06
2.2870735821948e-06
3.6305030103047035e-06
2.2870735821948e-06
2.2870735821948e-06
5.7630642977314e-06
3.6305030103047035e-06
2.2870735821948e-06
2.2870735821948e-06
3.6305030103047035e-06
2.2870735821948e-06
2.2870735821948e-06
9.1482943287792e-06
5.7630642977314e-06
3.6305030103047035e-06
2.2870735821948e-06
2.2870735821948e-06
3.6305030103047035e-06
2.2870735821948e-06
2.2870735821948e-06
5.7630642977314e-06
3.6305030103047035e-06
2.2870735821948e-06
2.2870735821948e-06
3.6305030103047035e-06
2.2870735821948e-06
2.2870735821948e-06
3.65931773151168e-05
2.30522571909256e-05
1.4522012041218814e-05
9.1482943287792e-06
5.7630642977314e-06
3.6305030103047035e-06
2.2870735821948e-06
2.2870735821948e-06
3.6305030103047035e-06
2.2870735821948e-06
2.2870735821948e-06
5.7630642977314e-06
3.6305030103047035e-06
2.2870735821948e-06
2.2870735821948e-06
3.6305030103047035e-06
2.2870735821948e-06
2.2870735821948e-06
9.1482943287792e-06
5.7630642977314e-06
3.6305030103047035e-06
2.2870735821948e-06
2.2870735821948e-06
3.6305030103047035e-06
2.2870735821948e-06
2.2870735821948e-06
5.7630642977314e-06
3.6305030103047035e-06
2.2870735821948e-06
2.2870735821948e-06
3.6305030103047035e-06
2.2870735821948e-06
2.2870735821948e-06
1.4522012041218814e-05
9.1482943287792e-06
5.7630642977314e-06
3.6305030103047035e-06
2.2870735821948e-06
2.2870735821948e-06
3.6305030103047035e-06
2.2870735821948e-06
2.2870735821948e-06
5.7630642977314e-06
3.6305030103047035e-06
2.2870735821948e-06
2.2870735821948e-06
3.6305030103047035e-06
2.2870735821948e-06
2.2870735821948e-06
9.1482943287792e-06
5.7630642977314e-06
3.6305030103047035e-06
2.2870735821948e-06
2.2870735821948e-06
3.6305030103047035e-06
2.2870735821948e-06
2.2870735821948e-06
5.7630642977314e-06
3.6305030103047035e-06
2.2870735821948e-06
2.2870735821948e-06
3.6305030103047035e-06
2.2870735821948e-06
2.2870735821948e-06
2.30522571909256e-05
1.4522012041218814e-05
9.1482943287792e-06
5.7630642977314e-06
3.6305030103047035e-06
2.2870735821948e-06
2.2870735821948e-06
3.6305030103047035e-06
2.2870735821948e-06
2.2870735821948e-06
5.7630642977314e-06
3.6305030103047035e-06
2.2870735821948e-06
2.2870735821948e-06
3.6305030103047035e-06
2.2870735821948e-06
2.2870735821948e-06
9.1482943287792e-06
5.7630642977314e-06
3.6305030103047035e-06
2.2870735821948e-06
2.2870735821948e-06
3.6305030103047035e-06
2.2870735821948e-06
2.2870735821948e-06
5.7630642977314e-06
3.6305030103047035e-06
2.2870735821948e-06
2.2870735821948e-06
3.6305030103047035e-06
2.2870735821948e-06
2.2870735821948e-06
1.4522012041218814e-05
9.1482943287792e-06
5.7630642977314e-06
3.6305030103047035e-06
2.2870735821948e-06
2.2870735821948e-06
3.6305030103047035e-06
2.2870735821948e-06
2.2870735821948e-06
5.7630642977314e-06
3.6305030103047035e-06
2.2870735821948e-06
2.2870735821948e-06
3.6305030103047035e-06
2.2870735821948e-06
2.2870735821948e-06
9.1482943287792e-06
5.7630642977314e-06
3.6305030103047035e-06
2.2870735821948e-06
2.2870735821948e-06
3.6305030103047035e-06
2.2870735821948e-06
2.2870735821948e-06
5.7630642977314e-06
3.6305030103047035e-06
2.2870735821948e-06
2.2870735821948e-06
3.6305030103047035e-06
2.2870735821948e-06
2.2870735821948e-06
9.220902876370244e-05
5.8088048164875256e-05
3.65931773151168e-05
2.30522571909256e-05
1.4522012041218814e-05
9.1482943287792e-06
5.7630642977314e-06
3.6305030103047035e-06
2.2870735821948e-06
2.2870735821948e-06
3.6305030103047035e-06
2.2870735821948e-06
2.2870735821948e-06
5.7630642977314e-06
3.6305030103047035e-06
2.2870735821948e-06
2.2870735821948e-06
3.6305030103047035e-06
2.2870735821948e-06
2.2870735821948e-06
9.1482943287792e-06
5.7630642977314e-06
3.6305030103047035e-06
2.2870735821948e-06
2.2870735821948e-06
3.6305030103047035e-06
2.2870735821948e-06
2.2870735821948e-06
5.7630642977314e-06
3.6305030103047035e-06
2.2870735821948e-06
2.2870735821948e-06
3.6305030103047035e-06
2.2870735821948e-06
2.2870735821948e-06
1.4522012041218814e-05
9.1482943287792e-06
5.7630642977314e-06
3.6305030103047035e-06
2.2870735821948e-06
2.2870735821948e-06
3.6305030103047035e-06
2.2870735821948e-06
2.2870735821948e-06
5.7630642977314e-06
3.6305030103047035e-06
2.2870735821948e-06
2.2870735821948e-06
3.6305030103047035e-06
2.2870735821948e-06
2.2870735821948e-06
9.1482943287792e-06
5.7630642977314e-06
3.6305030103047035e-06
2.2870735821948e-06
2.2870735821948e-06
3.6305030103047035e-06
2.2870735821948e-06
2.2870735821948e-06
5.7630642977314e-06
3.6305030103047035e-06
2.2870735821948e-06
2.2870735821948e-06
3.6305030103047035e-06
2.2870735821948e-06
2.2870735821948e-06
2.30522571909256e-05
1.4522012041218814e-05
9.1482943287792e-06
5.7630642977314e-06
3.6305030103047035e-06
2.2870735821948e-06
2.2870735821948e-06
3.6305030103047035e-06
2.2870735821948e-06
2.2870735821948e-06
5.7630642977314e-06
3.6305030103047035e-06
2.2870735821948e-06
2.2870735821948e-06
3.6305030103047035e-06
2.2870735821948e-06
2.2870735821948e-06
9.1482943287792e-06
5.7630642977314e-06
3.6305030103047035e-06
2.2870735821948e-06
2.2870735821948e-06
3.6305030103047035e-06
2.2870735821948e-06
2.2870735821948e-06
5.7630642977314e-06
3.6305030103047035e-06
2.2870735821948e-06
2.2870735821948e-06
3.6305030103047035e-06
2.2870735821948e-06
2.2870735821948e-06
1.4522012041218814e-05
9.1482943287792e-06
5.7630642977314e-06
3.6305030103047035e-06
2.2870735821948e-06
2.2870735821948e-06
3.6305030103047035e-06
2.2870735821948e-06
2.2870735821948e-06
5.7630642977314e-06
3.6305030103047035e-06
2.2870735821948e-06
2.2870735821948e-06
3.6305030103047035e-06
2.2870735821948e-06
2.2870735821948e-06
9.1482943287792e-06
5.7630642977314e-06
3.6305030103047035e-06
2.2870735821948e-06
2.2870735821948e-06
3.6305030103047035e-06
2.2870735821948e-06
2.2870735821948e-06
5.7630642977314e-06
3.6305030103047035e-06
2.2870735821948e-06
2.2870735821948e-06
3.6305030103047035e-06
2.2870735821948e-06
2.2870735821948e-06
3.65931773151168e-05
2.30522571909256e-05
1.4522012041218814e-05
9.1482943287792e-06
5.7630642977314e-06
3.6305030103047035e-06
2.2870735821948e-06
2.2870735821948e-06
3.6305030103047035e-06
2.2870735821948e-06
2.2870735821948e-06
5.7630642977314e-06
3.6305030103047035e-06
2.2870735821948e-06
2.2870735821948e-06
3.6305030103047035e-06
2.2870735821948e-06
2.2870735821948e-06
9.1482943287792e-06
5.7630642977314e-06
3.6305030103047035e-06
2.2870735821948e-06
2.2870735821948e-06
3.6305030103047035e-06
2.2870735821948e-06
2.2870735821948e-06
5.7630642977314e-06
3.6305030103047035e-06
2.2870735821948e-06
2.2870735821948e-06
3.6305030103047035e-06
2.2870735821948e-06
2.2870735821948e-06
1.4522012041218814e-05
9.1482943287792e-06
5.7630642977314e-06
3.6305030103047035e-06
2.2870735821948e-06
2.2870735821948e-06
3.6305030103047035e-06
2.2870735821948e-06
2.2870735821948e-06
5.7630642977314e-06
3.6305030103047035e-06
2.2870735821948e-06
2.2870735821948e-06
3.6305030103047035e-06
2.2870735821948e-06
2.2870735821948e-06
9.1482943287792e-06
5.7630642977314e-06
3.6305030103047035e-06
2.2870735821948e-06
2.2870735821948e-06
3.6305030103047035e-06
2.2870735821948e-06
2.2870735821948e-06
5.7630642977314e-06
3.6305030103047035e-06
2.2870735821948e-06
2.2870735821948e-06
3.6305030103047035e-06
2.2870735821948e-06
2.2870735821948e-06
2.30522571909256e-05
1.4522012041218814e-05
9.1482943287792e-06
5.7630642977314e-06
3.6305030103047035e-06
2.2870735821948e-06
2.2870735821948e-06
3.6305030103047035e-06
2.2870735821948e-06
2.2870735821948e-06
5.7630642977314e-06
3.6305030103047035e-06
2.2870735821948e-06
2.2870735821948e-06
3.6305030103047035e-06
2.2870735821948e-06
2.2870735821948e-06
9.1482943287792e-06
5.7630642977314e-06
3.6305030103047035e-06
2.2870735821948e-06
2.2870735821948e-06
3.6305030103047035e-06
2.2870735821948e-06
2.2870735821948e-06
5.7630642977314e-06
3.6305030103047035e-06
2.2870735821948e-06
2.2870735821948e-06
3.6305030103047035e-06
2.2870735821948e-06
2.2870735821948e-06
1.4522012041218814e-05
9.1482943287792e-06
5.7630642977314e-06
3.6305030103047035e-06
2.2870735821948e-06
2.2870735821948e-06
3.6305030103047035e-06
2.2870735821948e-06
2.2870735821948e-06
5.7630642977314e-06
3.6305030103047035e-06
2.2870735821948e-06
2.2870735821948e-06
3.6305030103047035e-06
2.2870735821948e-06
2.2870735821948e-06
9.1482943287792e-06
5.7630642977314e-06
3.6305030103047035e-06
2.2870735821948e-06
2.2870735821948e-06
3.6305030103047035e-06
2.2870735821948e-06
2.2870735821948e-06
5.7630642977314e-06
3.6305030103047035e-06
2.2870735821948e-06
2.2870735821948e-06
3.6305030103047035e-06
2.2870735821948e-06
2.2870735821948e-06
5.8088048164875256e-05
3.65931773151168e-05
2.30522571909256e-05
1.4522012041218814e-05
9.1482943287792e-06
5.7630642977314e-06
3.6305030103047035e-06
2.2870735821948e-06
2.2870735821948e-06
3.6305030103047035e-06
2.2870735821948e-06
2.2870735821948e-06
5.7630642977314e-06
3.6305030103047035e-06
2.2870735821948e-06
2.2870735821948e-06
3.6305030103047035e-06
2.2870735821948e-06
2.2870735821948e-06
9.1482943287792e-06
5.7630642977314e-06
3.6305030103047035e-06
2.2870735821948e-06
2.2870735821948e-06
3.6305030103047035e-06
2.2870735821948e-06
2.2870735821948e-06
5.7630642977314e-06
3.6305030103047035e-06
2.2870735821948e-06
2.2870735821948e-06
3.6305030103047035e-06
2.2870735821948e-06
2.2870735821948e-06
1.4522012041218814e-05
9.1482943287792e-06
5.7630642977314e-06
3.6305030103047035e-06
2.2870735821948e-06
2.2870735821948e-06
3.6305030103047035e-06
2.2870735821948e-06
2.2870735821948e-06
5.7630642977314e-06
3.6305030103047035e-06
2.2870735821948e-06
2.2870735821948e-06
3.6305030103047035e-06
2.2870735821948e-06
2.2870735821948e-06
9.1482943287792e-06
5.7630642977314e-06
3.6305030103047035e-06
2.2870735821948e-06
2.2870735821948e-06
3.6305030103047035e-06
2.2870735821948e-06
2.2870735821948e-06
5.7630642977314e-06
3.6305030103047035e-06
2.2870735821948e-06
2.2870735821948e-06
3.6305030103047035e-06
2.2870735821948e-06
2.2870735821948e-06
2.30522571909256e-05
1.4522012041218814e-05
9.1482943287792e-06
5.7630642977314e-06
3.6305030103047035e-06
2.2870735821948e-06
2.2870735821948e-06
3.6305030103047035e-06
2.2870735821948e-06
2.2870735821948e-06
5.7630642977314e-06
3.6305030103047035e-06
2.2870735821948e-06
2.2870735821948e-06
3.6305030103047035e-06
2.2870735821948e-06
2.2870735821948e-06
9.1482943287792e-06
5.7630642977314e-06
3.6305030103047035e-06
2.2870735821948e-06
2.2870735821948e-06
3.6305030103047035e-06
2.2870735821948e-06
2.2870735821948e-06
5.7630642977314e-06
3.6305030103047035e-06
2.2870735821948e-06
2.2870735821948e-06
3.6305030103047035e-06
2.2870735821948e-06
2.2870735821948e-06
1.4522012041218814e-05
9.1482943287792e-06
5.7630642977314e-06
3.6305030103047035e-06
2.2870735821948e-06
2.2870735821948e-06
3.6305030103047035e-06
2.2870735821948e-06
2.2870735821948e-06
5.7630642977314e-06
3.6305030103047035e-06
2.2870735821948e-06
2.2870735821948e-06
3.6305030103047035e-06
2.2870735821948e-06
2.2870735821948e-06
9.1482943287792e-06
5.7630642977314e-06
3.6305030103047035e-06
2.2870735821948e-06
2.2870735821948e-06
3.6305030103047035e-06
2.2870735821948e-06
2.2870735821948e-06
5.7630642977314e-06
3.6305030103047035e-06
2.2870735821948e-06
2.2870735821948e-06
3.6305030103047035e-06
2.2870735821948e-06
2.2870735821948e-06
3.65931773151168e-05
2.30522571909256e-05
1.4522012041218814e-05
9.1482943287792e-06
5.7630642977314e-06
3.6305030103047035e-06
2.2870735821948e-06
2.2870735821948e-06
3.6305030103047035e-06
2.2870735821948e-06
2.2870735821948e-06
5.7630642977314e-06
3.6305030103047035e-06
2.2870735821948e-06
2.2870735821948e-06
3.6305030103047035e-06
2.2870735821948e-06
2.2870735821948e-06
9.1482943287792e-06
5.7630642977314e-06
3.6305030103047035e-06
2.2870735821948e-06
2.2870735821948e-06
3.6305030103047035e-06
2.2870735821948e-06
2.2870735821948e-06
5.7630642977314e-06
3.6305030103047035e-06
2.2870735821948e-06
2.2870735821948e-06
3.6305030103047035e-06
2.2870735821948e-06
2.2870735821948e-06
1.4522012041218814e-05
9.1482943287792e-06
5.7630642977314e-06
3.6305030103047035e-06
2.2870735821948e-06
2.2870735821948e-06
3.6305030103047035e-06
2.2870735821948e-06
2.2870735821948e-06
5.7630642977314e-06
3.6305030103047035e-06
2.2870735821948e-06
2.2870735821948e-06
3.6305030103047035e-06
2.2870735821948e-06
2.2870735821948e-06
9.1482943287792e-06
5.7630642977314e-06
3.6305030103047035e-06
2.2870735821948e-06
2.2870735821948e-06
3.6305030103047035e-06
2.2870735821948e-06
2.2870735821948e-06
5.7630642977314e-06
3.6305030103047035e-06
2.2870735821948e-06
2.2870735821948e-06
3.6305030103047035e-06
2.2870735821948e-06
2.2870735821948e-06
2.30522571909256e-05
1.4522012041218814e-05
9.1482943287792e-06
5.7630642977314e-06
3.6305030103047035e-06
2.2870735821948e-06
2.2870735821948e-06
3.6305030103047035e-06
2.2870735821948e-06
2.2870735821948e-06
5.7630642977314e-06
3.6305030103047035e-06
2.2870735821948e-06
2.2870735821948e-06
3.6305030103047035e-06
2.2870735821948e-06
2.2870735821948e-06
9.1482943287792e-06
5.7630642977314e-06
3.6305030103047035e-06
2.2870735821948e-06
2.2870735821948e-06
3.6305030103047035e-06
2.2870735821948e-06
2.2870735821948e-06
5.7630642977314e-06
3.6305030103047035e-06
2.2870735821948e-06
2.2870735821948e-06
3.6305030103047035e-06
2.2870735821948e-06
2.2870735821948e-06
1.4522012041218814e-05
9.1482943287792e-06
5.7630642977314e-06
3.6305030103047035e-06
2.2870735821948e-06
2.2870735821948e-06
3.6305030103047035e-06
2.2870735821948e-06
2.2870735821948e-06
5.7630642977314e-06
3.6305030103047035e-06
2.2870735821948e-06
2.2870735821948e-06
3.6305030103047035e-06
2.2870735821948e-06
2.2870735821948e-06
9.1482943287792e-06
5.7630642977314e-06
3.6305030103047035e-06
2.2870735821948e-06
2.2870735821948e-06
3.6305030103047035e-06
2.2870735821948e-06
2.2870735821948e-06
5.7630642977314e-06
3.6305030103047035e-06
2.2870735821948e-06
2.2870735821948e-06
3.6305030103047035e-06
2.2870735821948e-06
2.2870735821948e-06
SCALARS E double 1
LOOKUP_TABLE default
500000.0
700000.0
700000.0
700000.0
700000.0
700000.0
700000.0
700000.0
700000.0
700000.0
700000.0
700000.0
700000.0
700000.0
700000.0
700000.0
700000.0
700000.0
700000.0
700000.0
700000.0
700000.0
700000.0
700000.0
700000.0
700000.0
700000.0
700000.0
700000.0
700000.0
700000.0
700000.0
700000.0
700000.0
700000.0
700000.0
700000.0
700000.0
700000.0
700000.0
700000.0
700000.0
700000.0
700000.0
700000.0
700000.0
700000.0
700000.0
700000.0
700000.0
700000.0
700000.0
700000.0
700000.0
700000.0
700000.0
700000.0
700000.0
700000.0
700000.0
700000.0
700000.0
700000.0
700000.0
700000.0
700000.0
700000.0
700000.0
700000.0
700000.0
700000.0
700000.0
700000.0
700000.0
700000.0
700000.0
700000.0
700000.0
700000.0
700000.0
700000.0
700000.0
700000.0
700000.0
700000.0
700000.0
700000.0
700000.0
700000.0
700000.0
700000.0
700000.0
700000.0
700000.0
700000.0
700000.0
700000.0
700000.0
700000.0
700000.0
700000.0
700000.0
700000.0
700000.0
700000.0
700000.0
700000.0
700000.0
700000.0
700000.0
700000.0
700000.0
700000.0
700000.0
700000.0
700000.0
700000.0
700000.0
700000.0
700000.0
700000.0
700000.0
700000.0
700000.0
700000.0
700000.0
700000.0
700000.0
700000.0
700000.0
700000.0
700000.0
700000.0
700000.0
700000.0
700000.0
700000.0
700000.0
700000.0
700000.0
700000.0
700000.0
700000.0
700000.0
700000.0
700000.0
700000.0
700000.0
700000.0
700000.0
700000.0
700000.0
700000.0
700000.0
700000.0
700000.0
700000.0
700000.0
700000.0
700000.0
700000.0
700000.0
700000.0
700000.0
700000.0
700000.0
700000.0
700000.0
700000.0
700000.0
700000.0
700000.0
700000.0
700000.0
700000.0
700000.0
700000.0
700000.0
700000.0
700000.0
700000.0
700000.0
700000.0
700000.0
700000.0
700000.0
700000.0
700000.0
700000.0
700000.0
700000.0
700000.0
700000.0
700000.0
700000.0
700000.0
700000.0
700000.0
700000.0
700000.0
700000.0
700000.0
700000.0
700000.0
700000.0
700000.0
700000.0
700000.0
700000.0
700000.0
700000.0
700000.0
700000.0
700000.0
700000.0
700000.0
700000.0
700000.0
700000.0
700000.0
700000.0
700000.0
700000.0
700000.0
700000.0
700000.0
700000.0
700000.0
700000.0
700000.0
700000.0
700000.0
700000.0
700000.0
700000.0
700000.0
700000.0
700000.0
700000.0
700000.0
700000.0
700000.0
700000.0
700000.0
700000.0
700000.0
700000.0
700000.0
700000.0
700000.0
700000.0
700000.0
700000.0
700000.0
700000.0
700000.0
700000.0
700000.0
700000.0
700000.0
700000.0
700000.0
700000.0
700000.0
700000.0
700000.0
700000.0
700000.0
700000.0
700000.0
700000.0
700000.0
700000.0
700000.0
700000.0
700000.0
700000.0
700000.0
700000.0
700000.0
700000.0
700000.0
700000.0
700000.0
700000.0
700000.0
700000.0
700000.0
700000.0
700000.0
700000.0
700000.0
700000.0
700000.0
700000.0
700000.0
700000.0
700000.0
700000.0
700000.0
700000.0
700000.0
700000.0
700000.0
700000.0
700000.0
700000.0
700000.0
700000.0
700000.0
700000.0
700000.0
700000.0
700000.0
700000.0
700000.0
700000.0
700000.0
700000.0
700000.0
700000.0
700000.0
700000.0
700000.0
700000.0
700000.0
700000.0
700000.0
700000.0
700000.0
700000.0
700000.0
700000.0
700000.0
700000.0
700000.0
700000.0
700000.0
700000.0
700000.0
700000.0
700000.0
700000.0
700000.0
700000.0
700000.0
700000.0
700000.0
700000.0
700000.0
700000.0
700000.0
700000.0
700000.0
700000.0
700000.0
700000.0
700000.0
700000.0
700000.0
700000.0
700000.0
700000.0
700000.0
700000.0
700000.0
700000.0
700000.0
700000.0
700000.0
700000.0
700000.0
700000.0
700000.0
700000.0
700000.0
700000.0
700000.0
700000.0
700000.0
700000.0
700000.0
700000.0
700000.0
700000.0
700000.0
700000.0
700000.0
700000.0
700000.0
700000.0
700000.0
700000.0
700000.0
700000.0
700000.0
700000.0
700000.0
700000.0
700000.0
700000.0
700000.0
700000.0
700000.0
700000.0
700000.0
700000.0
700000.0
700000.0
700000.0
700000.0
700000.0
700000.0
700000.0
700000.0
700000.0
700000.0
700000.0
700000.0
700000.0
700000.0
700000.0
700000.0
700000.0
700000.0
700000.0
700000.0
700000.0
700000.0
700000.0
700000.0
700000.0
700000.0
700000.0
700000.0
700000.0
700000.0
700000.0
700000.0
700000.0
700000.0
700000.0
700000.0
700000.0
700000.0
700000.0
700000.0
700000.0
700000.0
700000.0
700000.0
700000.0
700000.0
700000.0
700000.0
700000.0
700000.0
700000.0
700000.0
700000.0
700000.0
700000.0
700000.0
700000.0
700000.0
700000.0
700000.0
700000.0
700000.0
700000.0
700000.0
700000.0
700000.0
700000.0
700000.0
700000.0
700000.0
700000.0
700000.0
700000.0
700000.0
700000.0
700000.0
700000.0
700000.0
700000.0
700000.0
700000.0
700000.0
700000.0
700000.0
700000.0
700000.0
700000.0
700000.0
700000.0
700000.0
700000.0
700000.0
700000.0
700000.0
700000.0
700000.0
700000.0
700000.0
700000.0
700000.0
700000.0
700000.0
700000.0
700000.0
700000.0
700000.0
700000.0
700000.0
700000.0
700000.0
700000.0
700000.0
700000.0
700000.0
700000.0
700000.0
700000.0
700000.0
700000.0
700000.0
700000.0
700000.0
700000.0
700000.0
700000.0
700000.0
700000.0
700000.0
700000.0
700000.0
700000.0
700000.0
700000.0
700000.0
700000.0
700000.0
700000.0
700000.0
700000.0
700000.0
700000.0
700000.0
700000.0
700000.0
700000.0
700000.0
700000.0
700000.0
700000.0
700000.0
700000.0
700000.0
700000.0
700000.0
700000.0
700000.0
700000.0
700000.0
700000.0
700000.0
700000.0
700000.0
700000.0
700000.0
700000.0
700000.0
700000.0
700000.0
700000.0
700000.0
700000.0
700000.0
700000.0
700000.0
700000.0
700000.0
700000.0
700000.0
700000.0
700000.0
700000.0
700000.0
700000.0
700000.0
700000.0
700000.0
700000.0
700000.0
700000.0
700000.0
700000.0
700000.0
700000.0
700000.0
700000.0
700000.0
700000.0
700000.0
700000.0
700000.0
700000.0
700000.0
700000.0
700000.0
700000.0
700000.0
700000.0
700000.0
700000.0
700000.0
700000.0
700000.0
700000.0
700000.0
700000.0
700000.0
700000.0
700000.0
700000.0
700000.0
700000.0
700000.0
700000.0
700000.0
700000.0
700000.0
700000.0
700000.0
700000.0
700000.0
700000.0
700000.0
700000.0
700000.0
700000.0
700000.0
700000.0
700000.0
700000.0
700000.0
700000.0
700000.0
700000.0
700000.0
700000.0
700000.0
700000.0
700000.0
700000.0
700000.0
700000.0
700000.0
700000.0
700000.0
700000.0
700000.0
700000.0
700000.0
700000.0
700000.0
700000.0
700000.0
700000.0
700000.0
700000.0
700000.0
700000.0
700000.0
700000.0
700000.0
700000.0
700000.0
700000.0
700000.0
700000.0
700000.0
700000.0
700000.0
700000.0
700000.0
700000.0
700000.0
700000.0
700000.0
700000.0
700000.0
700000.0
700000.0
700000.0
700000.0
700000.0
700000.0
700000.0
700000.0
700000.0
700000.0
700000.0
700000.0
700000.0
700000.0
700000.0
700000.0
700000.0
700000.0
700000.0
700000.0
700000.0
700000.0
700000.0
700000.0
700000.0
700000.0
700000.0
700000.0
700000.0
700000.0
700000.0
700000.0
700000.0
700000.0
700000.0
700000.0
700000.0
700000.0
700000.0
700000.0
700000.0
700000.0
700000.0
700000.0
700000.0
700000.0
700000.0
700000.0
700000.0
700000.0
700000.0
700000.0
700000.0
700000.0
700000.0
700000.0
700000.0
700000.0
700000.0
700000.0
700000.0
700000.0
700000.0
700000.0
700000.0
700000.0
700000.0
700000.0
700000.0
700000.0
700000.0
700000.0
700000.0
700000.0
700000.0
700000.0
700000.0
700000.0
700000.0
700000.0
700000.0
700000.0
700000.0
700000.0
700000.0
700000.0
700000.0
700000.0
700000.0
700000.0
700000.0
700000.0
700000.0
700000.0
700000.0
700000.0
700000.0
700000.0
700000.0
700000.0
700000.0
700000.0
700000.0
700000.0
700000.0
700000.0
700000.0
700000.0
700000.0
700000.0
700000.0
700000.0
700000.0
700000.0
700000.0
700000.0
700000.0
700000.0
700000.0
700000.0
700000.0
700000.0
700000.0
700000.0
700000.0
700000.0
700000.0
700000.0
700000.0
700000.0
700000.0
700000.0
700000.0
700000.0
700000.0
700000.0
700000.0
700000.0
700000.0
700000.0
700000.0
700000.0
700000.0
700000.0
700000.0
700000.0
700000.0
700000.0
700000.0
700000.0
700000.0
700000.0
700000.0
700000.0
700000.0
700000.0
700000.0
700000.0
700000.0
700000.0
700000.0
700000.0
700000.0
700000.0
700000.0
700000.0
700000.0
700000.0
700000.0
700000.0
700000.0
700000.0
700000.0
700000.0
700000.0
700000.0
700000.0
700000.0
700000.0
700000.0
700000.0
700000.0
700000.0
700000.0
700000.0
700000.0
700000.0
700000.0
700000.0
700000.0
700000.0
700000.0
700000.0
700000.0
700000.0
700000.0
700000.0
700000.0
700000.0
700000.0
700000.0
700000.0
700000.0
700000.0
700000.0
700000.0
700000.0
700000.0
700000.0
700000.0
700000.0
700000.0
700000.0
700000.0
700000.0
700000.0
700000.0
700000.0
700000.0
700000.0
700000.0
700000.0
700000.0
700000.0
700000.0
700000.0
700000.0
700000.0
700000.0
700000.0
700000.0
700000.0
700000.0
700000.0
700000.0
700000.0
700000.0
700000.0
700000.0
700000.0
700000.0
700000.0
700000.0
700000.0
700000.0
700000.0
700000.0
700000.0
700000.0
700000.0
700000.0
700000.0
700000.0
700000.0
700000.0
700000.0
700000.0
700000.0
700000.0
700000.0
700000.0
700000.0
700000.0
700000.0
700000.0
700000.0
700000.0
700000.0
700000.0
700000.0
700000.0
700000.0
700000.0
700000.0
700000.0
700000.0
700000.0
700000.0
700000.0
700000.0
700000.0
700000.0
700000.0
700000.0
700000.0
700000.0
700000.0
700000.0
700000.0
700000.0
700000.0
700000.0
700000.0
700000.0
700000.0
700000.0
700000.0
700000.0
700000.0
700000.0
700000.0
700000.0
700000.0
700000.0
700000.0
700000.0
700000.0
700000.0
700000.0
700000.0
700000.0
700000.0
700000.0
700000.0
700000.0
700000.0
700000.0
700000.0
700000.0
700000.0
700000.0
700000.0
700000.0
700000.0
700000.0
700000.0
700000.0
700000.0
700000.0
700000.0
700000.0
700000.0
700000.0
700000.0
700000.0
700000.0
700000.0
700000.0
700000.0
700000.0
700000.0
700000.0
700000.0
700000.0
700000.0
700000.0
700000.0
700000.0
700000.0
700000.0
700000.0
700000.0
700000.0
700000.0
700000.0
700000.0
700000.0
700000.0
700000.0
700000.0
700000.0
700000.0
700000.0
700000.0
700000.0
700000.0
700000.0
700000.0
700000.0
700000.0
700000.0
700000.0
700000.0
700000.0
700000.0
700000.0
700000.0
700000.0
700000.0
700000.0
700000.0
700000.0
700000.0
700000.0
700000.0
700000.0
700000.0
700000.0
700000.0
700000.0
700000.0
700000.0
700000.0
700000.0
700000.0
700000.0
700000.0
700000.0
700000.0
700000.0
700000.0
700000.0
700000.0
700000.0
700000.0
700000.0
700000.0
700000.0
700000.0
700000.0
700000.0
700000.0
700000.0
700000.0
700000.0
700000.0
700000.0
700000.0
700000.0
700000.0
700000.0
700000.0
700000.0
700000.0
700000.0
700000.0
700000.0
700000.0
700000.0
700000.0
700000.0
700000.0
700000.0
700000.0
700000.0
700000.0
700000.0
700000.0
700000.0
700000.0
700000.0
700000.0
700000.0
700000.0
700000.0
700000.0
700000.0
700000.0
700000.0
700000.0
700000.0
700000.0
700000.0
700000.0
700000.0
700000.0
700000.0
700000.0
700000.0
700000.0
700000.0
700000.0
700000.0
700000.0
700000.0
700000.0
700000.0
700000.0
700000.0
700000.0
700000.0
700000.0
700000.0
700000.0
700000.0
700000.0
700000.0
700000.0
700000.0
700000.0
700000.0
700000.0
700000.0
700000.0
700000.0
700000.0
700000.0
700000.0
700000.0
700000.0
700000.0
700000.0
700000.0
700000.0
700000.0
700000.0
700000.0
700000.0
700000.0
700000.0
700000.0
700000.0
700000.0
700000.0
700000.0
700000.0
700000.0
700000.0
700000.0
700000.0
700000.0
700000.0
700000.0
700000.0
700000.0
700000.0
700000.0
700000.0
700000.0
700000.0
700000.0
700000.0
700000.0
700000.0
700000.0
700000.0
700000.0
700000.0
700000.0
700000.0
700000.0
700000.0
700000.0
700000.0
700000.0
700000.0
700000.0
700000.0
700000.0
700000.0
700000.0
700000.0
700000.0
700000.0
700000.0
700000.0
700000.0
700000.0
700000.0
700000.0
700000.0
700000.0
700000.0
700000.0
700000.0
700000.0
700000.0
700000.0
700000.0
700000.0
700000.0
700000.0
700000.0
700000.0
700000.0
700000.0
700000.0
700000.0
700000.0
700000.0
700000.0
700000.0
700000.0
700000.0
700000.0
700000.0
700000.0
700000.0
700000.0
700000.0
700000.0
700000.0
700000.0
700000.0
700000.0
700000.0
700000.0
700000.0
700000.0
700000.0
700000.0
700000.0
700000.0
700000.0
700000.0
700000.0
700000.0
700000.0
700000.0
700000.0
700000.0
700000.0
700000.0
700000.0
700000.0
700000.0
700000.0
700000.0
700000.0
700000.0
700000.0
700000.0
700000.0
700000.0
700000.0
700000.0
700000.0
700000.0
700000.0
700000.0
700000.0
700000.0
700000.0
700000.0
700000.0
700000.0
700000.0
700000.0
700000.0
700000.0
700000.0
700000.0
700000.0
700000.0
700000.0
700000.0
700000.0
700000.0
700000.0
700000.0
700000.0
700000.0
700000.0
700000.0
700000.0
700000.0
700000.0
700000.0
700000.0
700000.0
700000.0
700000.0
700000.0
700000.0
700000.0
700000.0
700000.0
700000.0
700000.0
700000.0
700000.0
700000.0
700000.0
700000.0
700000.0
700000.0
700000.0
700000.0
700000.0
700000.0
700000.0
700000.0
700000.0
700000.0
700000.0
700000.0
700000.0
700000.0
700000.0
700000.0
700000.0
700000.0
700000.0
700000.0
700000.0
700000.0
700000.0
700000.0
700000.0
700000.0
700000.0
700000.0
700000.0
700000.0
700000.0
700000.0
700000.0
700000.0
700000.0
700000.0
700000.0
700000.0
700000.0
700000.0
700000.0
700000.0
700000.0
700000.0
700000.0
700000.0
700000.0
700000.0
700000.0
700000.0
700000.0
700000.0
700000.0
700000.0
700000.0
700000.0
700000.0
700000.0
700000.0
700000.0
700000.0
700000.0
700000.0
700000.0
700000.0
700000.0
700000.0
700000.0
700000.0
700000.0
700000.0
700000.0
700000.0
700000.0
700000.0
700000.0
700000.0
700000.0
700000.0
700000.0
700000.0
700000.0
700000.0
700000.0
700000.0
700000.0
700000.0
700000.0
700000.0
700000.0
700000.0
700000.0
700000.0
700000.0
700000.0
700000.0
700000.0
700000.0
700000.0
700000.0
700000.0
700000.0
700000.0
700000.0
700000.0
700000.0
700000.0
700000.0
700000.0
700000.0
700000.0
700000.0
700000.0
700000.0
700000.0
700000.0
700000.0
700000.0
700000.0
700000.0
700000.0
700000.0
700000.0
700000.0
700000.0
700000.0
700000.0
700000.0
700000.0
700000.0
700000.0
700000.0
700000.0
700000.0
700000.0
700000.0
700000.0
700000.0
700000.0
700000.0
700000.0
700000.0
700000.0
700000.0
700000.0
700000.0
700000.0
700000.0
700000.0
700000.0
700000.0
700000.0
700000.0
700000.0
700000.0
700000.0
700000.0
700000.0
700000.0
700000.0
700000.0
700000.0
700000.0
700000.0
700000.0
700000.0
700000.0
700000.0
700000.0
700000.0
700000.0
700000.0
700000.0
700000.0
700000.0
700000.0
700000.0
700000.0
700000.0
700000.0
700000.0
700000.0
700000.0
700000.0
700000.0
700000.0
700000.0
700000.0
700000.0
700000.0
700000.0
700000.0
700000.0
700000.0
700000.0
700000.0
700000.0
700000.0
700000.0
700000.0
700000.0
700000.0
700000.0
700000.0
700000.0
700000.0
700000.0
700000.0
700000.0
700000.0
700000.0
700000.0
700000.0
700000.0
700000.0
700000.0
700000.0
700000.0
700000.0
700000.0
700000.0
700000.0
700000.0
700000.0
700000.0
700000.0
700000.0
700000.0
700000.0
700000.0
700000.0
700000.0
700000.0
700000.0
700000.0
700000.0
700000.0
700000.0
700000.0
700000.0
700000.0
700000.0
700000.0
700000.0
700000.0
700000.0
700000.0
700000.0
700000.0
700000.0
700000.0
700000.0
700000.0
700000.0
700000.0
700000.0
700000.0
700000.0
700000.0
700000.0
700000.0
700000.0
700000.0
700000.0
700000.0
700000.0
700000.0
700000.0
700000.0
700000.0
700000.0
700000.0
700000.0
700000.0
700000.0
700000.0
700000.0
700000.0
700000.0
700000.0
700000.0
700000.0
700000.0
700000.0
700000.0
700000.0
700000.0
700000.0
700000.0
700000.0
700000.0
700000.0
700000.0
700000.0
700000.0
700000.0
700000.0
700000.0
700000.0
700000.0
700000.0
700000.0
700000.0
700000.0
700000.0
700000.0
700000.0
700000.0
700000.0
700000.0
700000.0
700000.0
700000.0
700000.0
700000.0
700000.0
700000.0
700000.0
700000.0
700000.0
700000.0
700000.0
700000.0
700000.0
700000.0
700000.0
700000.0
700000.0
700000.0
700000.0
700000.0
700000.0
700000.0
700000.0
700000.0
700000.0
700000.0
700000.0
700000.0
700000.0
700000.0
700000.0
700000.0
700000.0
700000.0
700000.0
700000.0
700000.0
700000.0
700000.0
700000.0
700000.0
700000.0
700000.0
700000.0
700000.0
700000.0
700000.0
700000.0
700000.0
700000.0
700000.0
700000.0
700000.0
700000.0
700000.0
700000.0
700000.0
700000.0
700000.0
700000.0
700000.0
700000.0
700000.0
700000.0
700000.0
700000.0
700000.0
700000.0
700000.0
700000.0
700000.0
700000.0
700000.0
700000.0
700000.0
700000.0
700000.0
700000.0
700000.0
700000.0
700000.0
700000.0
700000.0
700000.0
700000.0
700000.0
700000.0
700000.0
700000.0
700000.0
700000.0
700000.0
700000.0
700000.0
700000.0
700000.0
700000.0
700000.0
700000.0
700000.0
700000.0
700000.0
700000.0
700000.0
700000.0
700000.0
700000.0
700000.0
700000.0
700000.0
700000.0
700000.0
700000.0
700000.0
700000.0
700000.0
700000.0
700000.0
700000.0
700000.0
700000.0
700000.0
700000.0
700000.0
700000.0
700000.0
700000.0
700000.0
700000.0
700000.0
700000.0
700000.0
700000.0
700000.0
700000.0
700000.0
700000.0
700000.0
700000.0
700000.0
700000.0
700000.0
700000.0
700000.0
700000.0
700000.0
700000.0
700000.0
700000.0
700000.0
700000.0
700000.0
700000.0
700000.0
700000.0
700000.0
700000.0
700000.0
700000.0
700000.0
700000.0
700000.0
700000.0
700000.0
700000.0
700000.0
700000.0
700000.0
700000.0
700000.0
700000.0
700000.0
700000.0
700000.0
700000.0
700000.0
700000.0
700000.0
700000.0
700000.0
700000.0
700000.0
700000.0
700000.0
700000.0
700000.0
700000.0
700000.0
700000.0
700000.0
700000.0
700000.0
700000.0
700000.0
700000.0
700000.0
700000.0
700000.0
700000.0
700000.0
700000.0
700000.0
700000.0
700000.0
700000.0
700000.0
700000.0
700000.0
700000.0
700000.0
700000.0
700000.0
700000.0
700000.0
700000.0
700000.0
700000.0
700000.0
700000.0
700000.0
700000.0
700000.0
700000.0
700000.0
700000.0
700000.0
700000.0
700000.0
700000.0
700000.0
700000.0
700000.0
700000.0
700000.0
700000.0
700000.0
700000.0
700000.0
700000.0
700000.0
700000.0
700000.0
700000.0
700000.0
700000.0
700000.0
700000.0
700000.0
700000.0
700000.0
700000.0
700000.0
700000.0
700000.0
700000.0
700000.0
700000.0
700000.0
700000.0
700000.0
700000.0
700000.0
700000.0
700000.0
700000.0
700000.0
700000.0
700000.0
700000.0
700000.0
700000.0
700000.0
700000.0
700000.0
700000.0
700000.0
700000.0
700000.0
700000.0
700000.0
700000.0
700000.0
700000.0
700000.0
700000.0
700000.0
700000.0
700000.0
700000.0
700000.0
700000.0
700000.0
700000.0
700000.0
700000.0
700000.0
700000.0
700000.0
700000.0
700000.0
700000.0
700000.0
700000.0
700000.0
700000.0
700000.0
700000.0
700000.0
700000.0
700000.0
700000.0
700000.0
700000.0
700000.0
700000.0
700000.0
700000.0
700000.0
700000.0
700000.0
700000.0
700000.0
700000.0
700000.0
700000.0
700000.0
700000.0
700000.0
700000.0
700000.0
700000.0
700000.0
700000.0
700000.0
700000.0
700000.0
700000.0
700000.0
700000.0
700000.0
700000.0
700000.0
700000.0
700000.0
700000.0
700000.0
700000.0
700000.0
700000.0
700000.0
700000.0
700000.0
700000.0
700000.0
700000.0
700000.0
700000.0
700000.0
700000.0
700000.0
700000.0
700000.0
700000.0
700000.0
700000.0
700000.0
700000.0
700000.0
700000.0
700000.0
700000.0
700000.0
700000.0
700000.0
700000.0
700000.0
700000.0
700000.0
700000.0
SCALARS h_wall double 1
LOOKUP_TABLE default
0.001032
0.00072
0.00072
0.00072
0.00072
0.00072
0.00072
0.00072
0.00072
0.00072
0.00072
0.00072
0.00072
0.00072
0.00072
0.00072
0.00072
0.00072
0.00072
0.00072
0.00072
0.00072
0.00072
0.00072
0.00072
0.00072
0.00072
0.00072
0.00072
0.00072
0.00072
0.00072
0.00072
0.00072
0.00072
0.00072
0.00072
0.00072
0.00072
0.00072
0.00072
0.00072
0.00072
0.00072
0.00072
0.00072
0.00072
0.00072
0.00072
0.00072
0.00072
0.00072
0.00072
0.00072
0.00072
0.00072
0.00072
0.00072
0.00072
0.00072
0.00072
0.00072
0.00072
0.00072
0.00072
0.00072
0.00072
0.00072
0.00072
0.00072
0.00072
0.00072
0.00072
0.00072
0.00072
0.00072
0.00072
0.00072
0.00072
0.00072
0.00072
0.00072
0.00072
0.00072
0.00072
0.00072
0.00072
0.00072
0.00072
0.00072
0.00072
0.00072
0.00072
0.00072
0.00072
0.00072
0.00072
0.00072
0.00072
0.00072
0.00072
0.00072
0.00072
0.00072
0.00072
0.00072
0.00072
0.00072
0.00072
0.00072
0.00072
0.00072
0.00072
0.00072
0.00072
0.00072
0.00072
0.00072
0.00072
0.00072
0.00072
0.00072
0.00072
0.00072
0.00072
0.00072
0.00072
0.00072
0.00072
0.00072
0.00072
0.00072
0.00072
0.00072
0.00072
0.00072
0.00072
0.00072
0.00072
0.00072
0.00072
0.00072
0.00072
0.00072
0.00072
0.00072
0.00072
0.00072
0.00072
0.00072
0.00072
0.00072
0.00072
0.00072
0.00072
0.00072
0.00072
0.00072
0.00072
0.00072
0.00072
0.00072
0.00072
0.00072
0.00072
0.00072
0.00072
0.00072
0.00072
0.00072
0.00072
0.00072
0.00072
0.00072
0.00072
0.00072
0.00072
0.00072
0.00072
0.00072
0.00072
0.00072
0.00072
0.00072
0.00072
0.00072
0.00072
0.00072
0.00072
0.00072
0.00072
0.00072
0.00072
0.00072
0.00072
0.00072
0.00072
0.00072
0.00072
0.00072
0.00072
0.00072
0.00072
0.00072
0.00072
0.00072
0.00072
0.00072
0.00072
0.00072
0.00072
0.00072
0.00072
0.00072
0.00072
0.00072
0.00072
0.00072
0.00072
0.00072
0.00072
0.00072
0.00072
0.00072
0.00072
0.00072
0.00072
0.00072
0.00072
0.00072
0.00072
0.00072
0.00072
0.00072
0.00072
0.00072
0.00072
0.00072
0.00072
0.00072
0.00072
0.00072
0.00072
0.00072
0.00072
0.00072
0.00072
0.00072
0.00072
0.00072
0.00072
0.00072
0.00072
0.00072
0.00072
0.00072
0.00072
0.00072
0.00072
0.00072
0.00072
0.00072
0.00072
0.00072
0.00072
0.00072
0.00072
0.00072
0.00072
0.00072
0.00072
0.00072
0.00072
0.00072
0.00072
0.00072
0.00072
0.00072
0.00072
0.00072
0.00072
0.00072
0.00072
0.00072
0.00072
0.00072
0.00072
0.00072
0.00072
0.00072
0.00072
0.00072
0.00072
0.00072
0.00072
0.00072
0.00072
0.00072
0.00072
0.00072
0.00072
0.00072
0.00072
0.00072
0.00072
0.00072
0.00072
0.00072
0.00072
0.00072
0.00072
0.00072
0.00072
0.00072
0.00072
0.00072
0.00072
0.00072
0.00072
0.00072
0.00072
0.00072
0.00072
0.00072
0.00072
0.00072
0.00072
0.00072
0.00072
0.00072
0.00072
0.00072
0.00072
0.00072
0.00072
0.00072
0.00072
0.00072
0.00072
0.00072
0.00072
0.00072
0.00072
0.00072
0.00072
0.00072
0.00072
0.00072
0.00072
0.00072
0.00072
0.00072
0.00072
0.00072
0.00072
0.00072
0.00072
0.00072
0.00072
0.00072
0.00072
0.00072
0.00072
0.00072
0.00072
0.00072
0.00072
0.00072
0.00072
0.00072
0.00072
0.00072
0.00072
0.00072
0.00072
0.00072
0.00072
0.00072
0.00072
0.00072
0.00072
0.00072
0.00072
0.00072
0.00072
0.00072
0.00072
0.00072
0.00072
0.00072
0.00072
0.00072
0.00072
0.00072
0.00072
0.00072
0.00072
0.00072
0.00072
0.00072
0.00072
0.00072
0.00072
0.00072
0.00072
0.00072
0.00072
0.00072
0.00072
0.00072
0.00072
0.00072
0.00072
0.00072
0.00072
0.00072
0.00072
0.00072
0.00072
0.00072
0.00072
0.00072
0.00072
0.00072
0.00072
0.00072
0.00072
0.00072
0.00072
0.00072
0.00072
0.00072
0.00072
0.00072
0.00072
0.00072
0.00072
0.00072
0.00072
0.00072
0.00072
0.00072
0.00072
0.00072
0.00072
0.00072
0.00072
0.00072
0.00072
0.00072
0.00072
0.00072
0.00072
0.00072
0.00072
0.00072
0.00072
0.00072
0.00072
0.00072
0.00072
0.00072
0.00072
0.00072
0.00072
0.00072
0.00072
0.00072
0.00072
0.00072
0.00072
0.00072
0.00072
0.00072
0.00072
0.00072
0.00072
0.00072
0.00072
0.00072
0.00072
0.00072
0.00072
0.00072
0.00072
0.00072
0.00072
0.00072
0.00072
0.00072
0.00072
0.00072
0.00072
0.00072
0.00072
0.00072
0.00072
0.00072
0.00072
0.00072
0.00072
0.00072
0.00072
0.00072
0.00072
0.00072
0.00072
0.00072
0.00072
0.00072
0.00072
0.00072
0.00072
0.00072
0.00072
0.00072
0.00072
0.00072
0.00072
0.00072
0.00072
0.00072
0.00072
0.00072
0.00072
0.00072
0.00072
0.00072
0.00072
0.00072
0.00072
0.00072
0.00072
0.00072
0.00072
0.00072
0.00072
0.00072
0.00072
0.00072
0.00072
0.00072
0.00072
0.00072
0.00072
0.00072
0.00072
0.00072
0.00072
0.00072
0.00072
0.00072
0.00072
0.00072
0.00072
0.00072
0.00072
0.00072
0.00072
0.00072
0.00072
0.00072
0.00072
0.00072
0.00072
0.00072
0.00072
0.00072
0.00072
0.00072
0.00072
0.00072
0.00072
0.00072
0.00072
0.00072
0.00072
0.00072
0.00072
0.00072
0.00072
0.00072
0.00072
0.00072
0.00072
0.00072
0.00072
0.00072
0.00072
0.00072
0.00072
0.00072
0.00072
0.00072
0.00072
0.00072
0.00072
0.00072
0.00072
0.00072
0.00072
0.00072
0.00072
0.00072
0.00072
0.00072
0.00072
0.00072
0.00072
0.00072
0.00072
0.00072
0.00072
0.00072
0.00072
0.00072
0.00072
0.00072
0.00072
0.00072
0.00072
0.00072
0.00072
0.00072
0.00072
0.00072
0.00072
0.00072
0.00072
0.00072
0.00072
0.00072
0.00072
0.00072
0.00072
0.00072
0.00072
0.00072
0.00072
0.00072
0.00072
0.00072
0.00072
0.00072
0.00072
0.00072
0.00072
0.00072
0.00072
0.00072
0.00072
0.00072
0.00072
0.00072
0.00072
0.00072
0.00072
0.00072
0.00072
0.00072
0.00072
0.00072
0.00072
0.00072
0.00072
0.00072
0.00072
0.00072
0.00072
0.00072
0.00072
0.00072
0.00072
0.00072
0.00072
0.00072
0.00072
0.00072
0.00072
0.00072
0.00072
0.00072
0.00072
0.00072
0.00072
0.00072
0.00072
0.00072
0.00072
0.00072
0.00072
0.00072
0.00072
0.00072
0.00072
0.00072
0.00072
0.00072
0.00072
0.00072
0.00072
0.00072
0.00072
0.00072
0.00072
0.00072
0.00072
0.00072
0.00072
0.00072
0.00072
0.00072
0.00072
0.00072
0.00072
0.00072
0.00072
0.00072
0.00072
0.00072
0.00072
0.00072
0.00072
0.00072
0.00072
0.00072
0.00072
0.00072
0.00072
0.00072
0.00072
0.00072
0.00072
0.00072
0.00072
0.00072
0.00072
0.00072
0.00072
0.00072
0.00072
0.00072
0.00072
0.00072
0.00072
0.00072
0.00072
0.00072
0.00072
0.00072
0.00072
0.00072
0.00072
0.00072
0.00072
0.00072
0.00072
0.00072
0.00072
0.00072
0.00072
0.00072
0.00072
0.00072
0.00072
0.00072
0.00072
0.00072
0.00072
0.00072
0.00072
0.00072
0.00072
0.00072
0.00072
0.00072
0.00072
0.00072
0.00072
0.00072
0.00072
0.00072
0.00072
0.00072
0.00072
0.00072
0.00072
0.00072
0.00072
0.00072
0.00072
0.00072
0.00072
0.00072
0.00072
0.00072
0.00072
0.00072
0.00072
0.00072
0.00072
0.00072
0.00072
0.00072
0.00072
0.00072
0.00072
0.00072
0.00072
0.00072
0.00072
0.00072
0.00072
0.00072
0.00072
0.00072
0.00072
0.00072
0.00072
0.00072
0.00072
0.00072
0.00072
0.00072
0.00072
0.00072
0.00072
0.00072
0.00072
0.00072
0.00072
0.00072
0.00072
0.00072
0.00072
0.00072
0.00072
0.00072
0.00072
0.00072
0.00072
0.00072
0.00072
0.00072
0.00072
0.00072
0.00072
0.00072
0.00072
0.00072
0.00072
0.00072
0.00072
0.00072
0.00072
0.00072
0.00072
0.00072
0.00072
0.00072
0.00072
0.00072
0.00072
0.00072
0.00072
0.00072
0.00072
0.00072
0.00072
0.00072
0.00072
0.00072
0.00072
0.00072
0.00072
0.00072
0.00072
0.00072
0.00072
0.00072
0.00072
0.00072
0.00072
0.00072
0.00072
0.00072
0.00072
0.00072
0.00072
0.00072
0.00072
0.00072
0.00072
0.00072
0.00072
0.00072
0.00072
0.00072
0.00072
0.00072
0.00072
0.00072
0.00072
0.00072
0.00072
0.00072
0.00072
0.00072
0.00072
0.00072
0.00072
0.00072
0.00072
0.00072
0.00072
0.00072
0.00072
0.00072
0.00072
0.00072
0.00072
0.00072
0.00072
0.00072
0.00072
0.00072
0.00072
0.00072
0.00072
0.00072
0.00072
0.00072
0.00072
0.00072
0.00072
0.00072
0.00072
0.00072
0.00072
0.00072
0.00072
0.00072
0.00072
0.00072
0.00072
0.00072
0.00072
0.00072
0.00072
0.00072
0.00072
0.00072
0.00072
0.00072
0.00072
0.00072
0.00072
0.00072
0.00072
0.00072
0.00072
0.00072
0.00072
0.00072
0.00072
0.00072
0.00072
0.00072
0.00072
0.00072
0.00072
0.00072
0.00072
0.00072
0.00072
0.00072
0.00072
0.00072
0.00072
0.00072
0.00072
0.00072
0.00072
0.00072
0.00072
0.00072
0.00072
0.00072
0.00072
0.00072
0.00072
0.00072
0.00072
0.00072
0.00072
0.00072
0.00072
0.00072
0.00072
0.00072
0.00072
0.00072
0.00072
0.00072
0.00072
0.00072
0.00072
0.00072
0.00072
0.00072
0.00072
0.00072
0.00072
0.00072
0.00072
0.00072
0.00072
0.00072
0.00072
0.00072
0.00072
0.00072
0.00072
0.00072
0.00072
0.00072
0.00072
0.00072
0.00072
0.00072
0.00072
0.00072
0.00072
0.00072
0.00072
0.00072
0.00072
0.00072
0.00072
0.00072
0.00072
0.00072
0.00072
0.00072
0.00072
0.00072
0.00072
0.00072
0.00072
0.00072
0.00072
0.00072
0.00072
0.00072
0.00072
0.00072
0.00072
0.00072
0.00072
0.00072
0.00072
0.00072
0.00072
0.00072
0.00072
0.00072
0.00072
0.00072
0.00072
0.00072
0.00072
0.00072
0.00072
0.00072
0.00072
0.00072
0.00072
0.00072
0.00072
0.00072
0.00072
0.00072
0.00072
0.00072
0.00072
0.00072
0.00072
0.00072
0.00072
0.00072
0.00072
0.00072
0.00072
0.00072
0.00072
0.00072
0.00072
0.00072
0.00072
0.00072
0.00072
0.00072
0.00072
0.00072
0.00072
0.00072
0.00072
0.00072
0.00072
0.00072
0.00072
0.00072
0.00072
0.00072
0.00072
0.00072
0.00072
0.00072
0.00072
0.00072
0.00072
0.00072
0.00072
0.00072
0.00072
0.00072
0.00072
0.00072
0.00072
0.00072
0.00072
0.00072
0.00072
0.00072
0.00072
0.00072
0.00072
0.00072
0.00072
0.00072
0.00072
0.00072
0.00072
0.00072
0.00072
0.00072
0.00072
0.00072
0.00072
0.00072
0.00072
0.00072
0.00072
0.00072
0.00072
0.00072
0.00072
0.00072
0.00072
0.00072
0.00072
0.00072
0.00072
0.00072
0.00072
0.00072
0.00072
0.00072
0.00072
0.00072
0.00072
0.00072
0.00072
0.00072
0.00072
0.00072
0.00072
0.00072
0.00072
0.00072
0.00072
0.00072
0.00072
0.00072
0.00072
0.00072
0.00072
0.00072
0.00072
0.00072
0.00072
0.00072
0.00072
0.00072
0.00072
0.00072
0.00072
0.00072
0.00072
0.00072
0.00072
0.00072
0.00072
0.00072
0.00072
0.00072
0.00072
0.00072
0.00072
0.00072
0.00072
0.00072
0.00072
0.00072
0.00072
0.00072
0.00072
0.00072
0.00072
0.00072
0.00072
0.00072
0.00072
0.00072
0.00072
0.00072
0.00072
0.00072
0.00072
0.00072
0.00072
0.00072
0.00072
0.00072
0.00072
0.00072
0.00072
0.00072
0.00072
0.00072
0.00072
0.00072
0.00072
0.00072
0.00072
0.00072
0.00072
0.00072
0.00072
0.00072
0.00072
0.00072
0.00072
0.00072
0.00072
0.00072
0.00072
0.00072
0.00072
0.00072
0.00072
0.00072
0.00072
0.00072
0.00072
0.00072
0.00072
0.00072
0.00072
0.00072
0.00072
0.00072
0.00072
0.00072
0.00072
0.00072
0.00072
0.00072
0.00072
0.00072
0.00072
0.00072
0.00072
0.00072
0.00072
0.00072
0.00072
0.00072
0.00072
0.00072
0.00072
0.00072
0.00072
0.00072
0.00072
0.00072
0.00072
0.00072
0.00072
0.00072
0.00072
0.00072
0.00072
0.00072
0.00072
0.00072
0.00072
0.00072
0.00072
0.00072
0.00072
0.00072
0.00072
0.00072
0.00072
0.00072
0.00072
0.00072
0.00072
0.00072
0.00072
0.00072
0.00072
0.00072
0.00072
0.00072
0.00072
0.00072
0.00072
0.00072
0.00072
0.00072
0.00072
0.00072
0.00072
0.00072
0.00072
0.00072
0.00072
0.00072
0.00072
0.00072
0.00072
0.00072
0.00072
0.00072
0.00072
0.00072
0.00072
0.00072
0.00072
0.00072
0.00072
0.00072
0.00072
0.00072
0.00072
0.00072
0.00072
0.00072
0.00072
0.00072
0.00072
0.00072
0.00072
0.00072
0.00072
0.00072
0.00072
0.00072
0.00072
0.00072
0.00072
0.00072
0.00072
0.00072
0.00072
0.00072
0.00072
0.00072
0.00072
0.00072
0.00072
0.00072
0.00072
0.00072
0.00072
0.00072
0.00072
0.00072
0.00072
0.00072
0.00072
0.00072
0.00072
0.00072
0.00072
0.00072
0.00072
0.00072
0.00072
0.00072
0.00072
0.00072
0.00072
0.00072
0.00072
0.00072
0.00072
0.00072
0.00072
0.00072
0.00072
0.00072
0.00072
0.00072
0.00072
0.00072
0.00072
0.00072
0.00072
0.00072
0.00072
0.00072
0.00072
0.00072
0.00072
0.00072
0.00072
0.00072
0.00072
0.00072
0.00072
0.00072
0.00072
0.00072
0.00072
0.00072
0.00072
0.00072
0.00072
0.00072
0.00072
0.00072
0.00072
0.00072
0.00072
0.00072
0.00072
0.00072
0.00072
0.00072
0.00072
0.00072
0.00072
0.00072
0.00072
0.00072
0.00072
0.00072
0.00072
0.00072
0.00072
0.00072
0.00072
0.00072
0.00072
0.00072
0.00072
0.00072
0.00072
0.00072
0.00072
0.00072
0.00072
0.00072
0.00072
0.00072
0.00072
0.00072
0.00072
0.00072
0.00072
0.00072
0.00072
0.00072
0.00072
0.00072
0.00072
0.00072
0.00072
0.00072
0.00072
0.00072
0.00072
0.00072
0.00072
0.00072
0.00072
0.00072
0.00072
0.00072
0.00072
0.00072
0.00072
0.00072
0.00072
0.00072
0.00072
0.00072
0.00072
0.00072
0.00072
0.00072
0.00072
0.00072
0.00072
0.00072
0.00072
0.00072
0.00072
0.00072
0.00072
0.00072
0.00072
0.00072
0.00072
0.00072
0.00072
0.00072
0.00072
0.00072
0.00072
0.00072
0.00072
0.00072
0.00072
0.00072
0.00072
0.00072
0.00072
0.00072
0.00072
0.00072
0.00072
0.00072
0.00072
0.00072
0.00072
0.00072
0.00072
0.00072
0.00072
0.00072
0.00072
0.00072
0.00072
0.00072
0.00072
0.00072
0.00072
0.00072
0.00072
0.00072
0.00072
0.00072
0.00072
0.00072
0.00072
0.00072
0.00072
0.00072
0.00072
0.00072
0.00072
0.00072
0.00072
0.00072
0.00072
0.00072
0.00072
0.00072
0.00072
0.00072
0.00072
0.00072
0.00072
0.00072
0.00072
0.00072
0.00072
0.00072
0.00072
0.00072
0.00072
0.00072
0.00072
0.00072
0.00072
0.00072
0.00072
0.00072
0.00072
0.00072
0.00072
0.00072
0.00072
0.00072
0.00072
0.00072
0.00072
0.00072
0.00072
0.00072
0.00072
0.00072
0.00072
0.00072
0.00072
0.00072
0.00072
0.00072
0.00072
0.00072
0.00072
0.00072
0.00072
0.00072
0.00072
0.00072
0.00072
0.00072
0.00072
0.00072
0.00072
0.00072
0.00072
0.00072
0.00072
0.00072
0.00072
0.00072
0.00072
0.00072
0.00072
0.00072
0.00072
0.00072
0.00072
0.00072
0.00072
0.00072
0.00072
0.00072
0.00072
0.00072
0.00072
0.00072
0.00072
0.00072
0.00072
0.00072
0.00072
0.00072
0.00072
0.00072
0.00072
0.00072
0.00072
0.00072
0.00072
0.00072
0.00072
0.00072
0.00072
0.00072
0.00072
0.00072
0.00072
0.00072
0.00072
0.00072
0.00072
0.00072
0.00072
0.00072
0.00072
0.00072
0.00072
0.00072
0.00072
0.00072
0.00072
0.00072
0.00072
0.00072
0.00072
0.00072
0.00072
0.00072
0.00072
0.00072
0.00072
0.00072
0.00072
0.00072
0.00072
0.00072
0.00072
0.00072
0.00072
0.00072
0.00072
0.00072
0.00072
0.00072
0.00072
0.00072
0.00072
0.00072
0.00072
0.00072
0.00072
0.00072
0.00072
0.00072
0.00072
0.00072
0.00072
0.00072
0.00072
0.00072
0.00072
0.00072
0.00072
0.00072
0.00072
0.00072
0.00072
0.00072
0.00072
0.00072
0.00072
0.00072
0.00072
0.00072
0.00072
0.00072
0.00072
0.00072
0.00072
0.00072
0.00072
0.00072
0.00072
0.00072
0.00072
0.00072
0.00072
0.00072
0.00072
0.00072
0.00072
0.00072
0.00072
0.00072
0.00072
0.00072
0.00072
0.00072
0.00072
0.00072
0.00072
0.00072
0.00072
0.00072
0.00072
0.00072
0.00072
0.00072
0.00072
0.00072
0.00072
0.00072
0.00072
0.00072
0.00072
0.00072
0.00072
0.00072
0.00072
0.00072
0.00072
0.00072
0.00072
0.00072
0.00072
0.00072
0.00072
0.00072
0.00072
0.00072
0.00072
0.00072
0.00072
0.00072
0.00072
0.00072
0.00072
0.00072
0.00072
0.00072
0.00072
0.00072
0.00072
0.00072
0.00072
0.00072
0.00072
0.00072
0.00072
0.00072
0.00072
0.00072
0.00072
0.00072
0.00072
0.00072
0.00072
0.00072
0.00072
0.00072
0.00072
0.00072
0.00072
0.00072
0.00072
0.00072
0.00072
0.00072
0.00072
0.00072
0.00072
0.00072
0.00072
0.00072
0.00072
0.00072
0.00072
0.00072
0.00072
0.00072
0.00072
0.00072
0.00072
0.00072
0.00072
0.00072
0.00072
0.00072
0.00072
0.00072
0.00072
0.00072
0.00072
0.00072
0.00072
0.00072
0.00072
0.00072
0.00072
0.00072
0.00072
0.00072
0.00072
0.00072
0.00072
0.00072
0.00072
0.00072
0.00072
0.00072
0.00072
0.00072
0.00072
0.00072
0.00072
0.00072
0.00072
0.00072
0.00072
0.00072
0.00072
0.00072
0.00072
0.00072
0.00072
0.00072
0.00072
0.00072
0.00072
0.00072
0.00072
0.00072
0.00072
0.00072
0.00072
0.00072
0.00072
0.00072
0.00072
0.00072
0.00072
0.00072
0.00072
0.00072
0.00072
0.00072
0.00072
0.00072
0.00072
0.00072
0.00072
0.00072
0.00072
0.00072
0.00072
0.00072
0.00072
0.00072
0.00072
0.00072
0.00072
0.00072
0.00072
0.00072
0.00072
0.00072
0.00072
0.00072
0.00072
0.00072
0.00072
0.00072
0.00072
0.00072
0.00072
0.00072
0.00072
0.00072
0.00072
0.00072
0.00072
0.00072
0.00072
0.00072
0.00072
0.00072
0.00072
0.00072
0.00072
0.00072
0.00072
0.00072
0.00072
0.00072
0.00072
0.00072
0.00072
0.00072
0.00072
0.00072
0.00072
0.00072
0.00072
0.00072
0.00072
0.00072
0.00072
0.00072
0.00072
0.00072
0.00072
0.00072
0.00072
0.00072
0.00072
0.00072
0.00072
0.00072
0.00072
0.00072
0.00072
0.00072
0.00072
0.00072
0.00072
0.00072
0.00072
0.00072
0.00072
0.00072
0.00072
0.00072
0.00072
0.00072
0.00072
0.00072
0.00072
0.00072
0.00072
0.00072
0.00072
0.00072
0.00072
0.00072
0.00072
0.00072
0.00072
0.00072
0.00072
0.00072
0.00072
0.00072
0.00072
0.00072
0.00072
0.00072
0.00072
0.00072
0.00072
0.00072
0.00072
0.00072
0.00072
0.00072
0.00072
0.00072
0.00072
0.00072
0.00072
0.00072
0.00072
0.00072
0.00072
0.00072
0.00072
SCALARS p_d double 1
LOOKUP_TABLE default
9460.0
9460.0
9460.0
9460.0
9460.0
9460.0
9460.0
9460.0
9460.0
9460.0
9460.0
9460.0
9460.0
9460.0
9460.0
9460.0
9460.0
9460.0
9460.0
9460.0
9460.0
9460.0
9460.0
9460.0
9460.0
9460.0
9460.0
9460.0
9460.0
9460.0
9460.0
9460.0
9460.0
9460.0
9460.0
9460.0
9460.0
9460.0
9460.0
9460.0
9460.0
9460.0
9460.0
9460.0
9460.0
9460.0
9460.0
9460.0
9460.0
9460.0
9460.0
9460.0
9460.0
9460.0
9460.0
9460.0
9460.0
9460.0
9460.0
9460.0
9460.0
9460.0
9460.0
9460.0
9460.0
9460.0
9460.0
9460.0
9460.0
9460.0
9460.0
9460.0
9460.0
9460.0
9460.0
9460.0
9460.0
9460.0
9460.0
9460.0
9460.0
9460.0
9460.0
9460.0
9460.0
9460.0
9460.0
9460.0
9460.0
9460.0
9460.0
9460.0
9460.0
9460.0
9460.0
9460.0
9460.0
9460.0
9460.0
9460.0
9460.0
9460.0
9460.0
9460.0
9460.0
9460.0
9460.0
9460.0
9460.0
9460.0
9460.0
9460.0
9460.0
9460.0
9460.0
9460.0
9460.0
9460.0
9460.0
9460.0
9460.0
9460.0
9460.0
9460.0
9460.0
9460.0
9460.0
9460.0
9460.0
9460.0
9460.0
9460.0
9460.0
9460.0
9460.0
9460.0
9460.0
9460.0
9460.0
9460.0
9460.0
9460.0
9460.0
9460.0
9460.0
9460.0
9460.0
9460.0
9460.0
9460.0
9460.0
9460.0
9460.0
9460.0
9460.0
9460.0
9460.0
9460.0
9460.0
9460.0
9460.0
9460.0
9460.0
9460.0
9460.0
9460.0
9460.0
9460.0
9460.0
9460.0
9460.0
9460.0
9460.0
9460.0
9460.0
9460.0
9460.0
9460.0
9460.0
9460.0
9460.0
9460.0
9460.0
9460.0
9460.0
9460.0
9460.0
9460.0
9460.0
9460.0
9460.0
9460.0
9460.0
9460.0
9460.0
9460.0
9460.0
9460.0
9460.0
9460.0
9460.0
9460.0
9460.0
9460.0
9460.0
9460.0
9460.0
9460.0
9460.0
9460.0
9460.0
9460.0
9460.0
9460.0
9460.0
9460.0
9460.0
9460.0
9460.0
9460.0
9460.0
9460.0
9460.0
9460.0
9460.0
9460.0
9460.0
9460.0
9460.0
9460.0
9460.0
9460.0
9460.0
9460.0
9460.0
9460.0
9460.0
9460.0
9460.0
9460.0
9460.0
9460.0
9460.0
9460.0
9460.0
9460.0
9460.0
9460.0
9460.0
9460.0
9460.0
9460.0
9460.0
9460.0
9460.0
9460.0
9460.0
9460.0
9460.0
9460.0
9460.0
9460.0
9460.0
9460.0
9460.0
9460.0
9460.0
9460.0
9460.0
9460.0
9460.0
9460.0
9460.0
9460.0
9460.0
9460.0
9460.0
9460.0
9460.0
9460.0
9460.0
9460.0
9460.0
9460.0
9460.0
9460.0
9460.0
9460.0
9460.0
9460.0
9460.0
9460.0
9460.0
9460.0
9460.0
9460.0
9460.0
9460.0
9460.0
9460.0
9460.0
9460.0
9460.0
9460.0
9460.0
9460.0
9460.0
9460.0
9460.0
9460.0
9460.0
9460.0
9460.0
9460.0
9460.0
9460.0
9460.0
9460.0
9460.0
9460.0
9460.0
9460.0
9460.0
9460.0
9460.0
9460.0
9460.0
9460.0
9460.0
9460.0
9460.0
9460.0
9460.0
9460.0
9460.0
9460.0
9460.0
9460.0
9460.0
9460.0
9460.0
9460.0
9460.0
9460.0
9460.0
9460.0
9460.0
9460.0
9460.0
9460.0
9460.0
9460.0
9460.0
9460.0
9460.0
9460.0
9460.0
9460.0
9460.0
9460.0
9460.0
9460.0
9460.0
9460.0
9460.0
9460.0
9460.0
9460.0
9460.0
9460.0
9460.0
9460.0
9460.0
9460.0
9460.0
9460.0
9460.0
9460.0
9460.0
9460.0
9460.0
9460.0
9460.0
9460.0
9460.0
9460.0
9460.0
9460.0
9460.0
9460.0
9460.0
9460.0
9460.0
9460.0
9460.0
9460.0
9460.0
9460.0
9460.0
9460.0
9460.0
9460.0
9460.0
9460.0
9460.0
9460.0
9460.0
9460.0
9460.0
9460.0
9460.0
9460.0
9460.0
9460.0
9460.0
9460.0
9460.0
9460.0
9460.0
9460.0
9460.0
9460.0
9460.0
9460.0
9460.0
9460.0
9460.0
9460.0
9460.0
9460.0
9460.0
9460.0
9460.0
9460.0
9460.0
9460.0
9460.0
9460.0
9460.0
9460.0
9460.0
9460.0
9460.0
9460.0
9460.0
9460.0
9460.0
9460.0
9460.0
9460.0
9460.0
9460.0
9460.0
9460.0
9460.0
9460.0
9460.0
9460.0
9460.0
9460.0
9460.0
9460.0
9460.0
9460.0
9460.0
9460.0
9460.0
9460.0
9460.0
9460.0
9460.0
9460.0
9460.0
9460.0
9460.0
9460.0
9460.0
9460.0
9460.0
9460.0
9460.0
9460.0
9460.0
9460.0
9460.0
9460.0
9460.0
9460.0
9460.0
9460.0
9460.0
9460.0
9460.0
9460.0
9460.0
9460.0
9460.0
9460.0
9460.0
9460.0
9460.0
9460.0
9460.0
9460.0
9460.0
9460.0
9460.0
9460.0
9460.0
9460.0
9460.0
9460.0
9460.0
9460.0
9460.0
9460.0
9460.0
9460.0
9460.0
9460.0
9460.0
9460.0
9460.0
9460.0
9460.0
9460.0
9460.0
9460.0
9460.0
9460.0
9460.0
9460.0
9460.0
9460.0
9460.0
9460.0
9460.0
9460.0
9460.0
9460.0
9460.0
9460.0
9460.0
9460.0
9460.0
9460.0
9460.0
9460.0
9460.0
9460.0
9460.0
9460.0
9460.0
9460.0
9460.0
9460.0
9460.0
9460.0
9460.0
9460.0
9460.0
9460.0
9460.0
9460.0
9460.0
9460.0
9460.0
9460.0
9460.0
9460.0
9460.0
9460.0
9460.0
9460.0
9460.0
9460.0
9460.0
9460.0
9460.0
9460.0
9460.0
9460.0
9460.0
9460.0
9460.0
9460.0
9460.0
9460.0
9460.0
9460.0
9460.0
9460.0
9460.0
9460.0
9460.0
9460.0
9460.0
9460.0
9460.0
9460.0
9460.0
9460.0
9460.0
9460.0
9460.0
9460.0
9460.0
9460.0
9460.0
9460.0
9460.0
9460.0
9460.0
9460.0
9460.0
9460.0
9460.0
9460.0
9460.0
9460.0
9460.0
9460.0
9460.0
9460.0
9460.0
9460.0
9460.0
9460.0
9460.0
9460.0
9460.0
9460.0
9460.0
9460.0
9460.0
9460.0
9460.0
9460.0
9460.0
9460.0
9460.0
9460.0
9460.0
9460.0
9460.0
9460.0
9460.0
9460.0
9460.0
9460.0
9460.0
9460.0
9460.0
9460.0
9460.0
9460.0
9460.0
9460.0
9460.0
9460.0
9460.0
9460.0
9460.0
9460.0
9460.0
9460.0
9460.0
9460.0
9460.0
9460.0
9460.0
9460.0
9460.0
9460.0
9460.0
9460.0
9460.0
9460.0
9460.0
9460.0
9460.0
9460.0
9460.0
9460.0
9460.0
9460.0
9460.0
9460.0
9460.0
9460.0
9460.0
9460.0
9460.0
9460.0
9460.0
9460.0
9460.0
9460.0
9460.0
9460.0
9460.0
9460.0
9460.0
9460.0
9460.0
9460.0
9460.0
9460.0
9460.0
9460.0
9460.0
9460.0
9460.0
9460.0
9460.0
9460.0
9460.0
9460.0
9460.0
9460.0
9460.0
9460.0
9460.0
9460.0
9460.0
9460.0
9460.0
9460.0
9460.0
9460.0
9460.0
9460.0
9460.0
9460.0
9460.0
9460.0
9460.0
9460.0
9460.0
9460.0
9460.0
9460.0
9460.0
9460.0
9460.0
9460.0
9460.0
9460.0
9460.0
9460.0
9460.0
9460.0
9460.0
9460.0
9460.0
9460.0
9460.0
9460.0
9460.0
9460.0
9460.0
9460.0
9460.0
9460.0
9460.0
9460.0
9460.0
9460.0
9460.0
9460.0
9460.0
9460.0
9460.0
9460.0
9460.0
9460.0
9460.0
9460.0
9460.0
9460.0
9460.0
9460.0
9460.0
9460.0
9460.0
9460.0
9460.0
9460.0
9460.0
9460.0
9460.0
9460.0
9460.0
9460.0
9460.0
9460.0
9460.0
9460.0
9460.0
9460.0
9460.0
9460.0
9460.0
9460.0
9460.0
9460.0
9460.0
9460.0
9460.0
9460.0
9460.0
9460.0
9460.0
9460.0
9460.0
9460.0
9460.0
9460.0
9460.0
9460.0
9460.0
9460.0
9460.0
9460.0
9460.0
9460.0
9460.0
9460.0
9460.0
9460.0
9460.0
9460.0
9460.0
9460.0
9460.0
9460.0
9460.0
9460.0
9460.0
9460.0
9460.0
9460.0
9460.0
9460.0
9460.0
9460.0
9460.0
9460.0
9460.0
9460.0
9460.0
9460.0
9460.0
9460.0
9460.0
9460.0
9460.0
9460.0
9460.0
9460.0
9460.0
9460.0
9460.0
9460.0
9460.0
9460.0
9460.0
9460.0
9460.0
9460.0
9460.0
9460.0
9460.0
9460.0
9460.0
9460.0
9460.0
9460.0
9460.0
9460.0
9460.0
9460.0
9460.0
9460.0
9460.0
9460.0
9460.0
9460.0
9460.0
9460.0
9460.0
9460.0
9460.0
9460.0
9460.0
9460.0
9460.0
9460.0
9460.0
9460.0
9460.0
9460.0
9460.0
9460.0
9460.0
9460.0
9460.0
9460.0
9460.0
9460.0
9460.0
9460.0
9460.0
9460.0
9460.0
9460.0
9460.0
9460.0
9460.0
9460.0
9460.0
9460.0
9460.0
9460.0
9460.0
9460.0
9460.0
9460.0
9460.0
9460.0
9460.0
9460.0
9460.0
9460.0
9460.0
9460.0
9460.0
9460.0
9460.0
9460.0
9460.0
9460.0
9460.0
9460.0
9460.0
9460.0
9460.0
9460.0
9460.0
9460.0
9460.0
9460.0
9460.0
9460.0
9460.0
9460.0
9460.0
9460.0
9460.0
9460.0
9460.0
9460.0
9460.0
9460.0
9460.0
9460.0
9460.0
9460.0
9460.0
9460.0
9460.0
9460.0
9460.0
9460.0
9460.0
9460.0
9460.0
9460.0
9460.0
9460.0
9460.0
9460.0
9460.0
9460.0
9460.0
9460.0
9460.0
9460.0
9460.0
9460.0
9460.0
9460.0
9460.0
9460.0
9460.0
9460.0
9460.0
9460.0
9460.0
9460.0
9460.0
9460.0
9460.0
9460.0
9460.0
9460.0
9460.0
9460.0
9460.0
9460.0
9460.0
9460.0
9460.0
9460.0
9460.0
9460.0
9460.0
9460.0
9460.0
9460.0
9460.0
9460.0
9460.0
9460.0
9460.0
9460.0
9460.0
9460.0
9460.0
9460.0
9460.0
9460.0
9460.0
9460.0
9460.0
9460.0
9460.0
9460.0
9460.0
9460.0
9460.0
9460.0
9460.0
9460.0
9460.0
9460.0
9460.0
9460.0
9460.0
9460.0
9460.0
9460.0
9460.0
9460.0
9460.0
9460.0
9460.0
9460.0
9460.0
9460.0
9460.0
9460.0
9460.0
9460.0
9460.0
9460.0
9460.0
9460.0
9460.0
9460.0
9460.0
9460.0
9460.0
9460.0
9460.0
9460.0
9460.0
9460.0
9460.0
9460.0
9460.0
9460.0
9460.0
9460.0
9460.0
9460.0
9460.0
9460.0
9460.0
9460.0
9460.0
9460.0
9460.0
9460.0
9460.0
9460.0
9460.0
9460.0
9460.0
9460.0
9460.0
9460.0
9460.0
9460.0
9460.0
9460.0
9460.0
9460.0
9460.0
9460.0
9460.0
9460.0
9460.0
9460.0
9460.0
9460.0
9460.0
9460.0
9460.0
9460.0
9460.0
9460.0
9460.0
9460.0
9460.0
9460.0
9460.0
9460.0
9460.0
9460.0
9460.0
9460.0
9460.0
9460.0
9460.0
9460.0
9460.0
9460.0
9460.0
9460.0
9460.0
9460.0
9460.0
9460.0
9460.0
9460.0
9460.0
9460.0
9460.0
9460.0
9460.0
9460.0
9460.0
9460.0
9460.0
9460.0
9460.0
9460.0
9460.0
9460.0
9460.0
9460.0
9460.0
9460.0
9460.0
9460.0
9460.0
9460.0
9460.0
9460.0
9460.0
9460.0
9460.0
9460.0
9460.0
9460.0
9460.0
9460.0
9460.0
9460.0
9460.0
9460.0
9460.0
9460.0
9460.0
9460.0
9460.0
9460.0
9460.0
9460.0
9460.0
9460.0
9460.0
9460.0
9460.0
9460.0
9460.0
9460.0
9460.0
9460.0
9460.0
9460.0
9460.0
9460.0
9460.0
9460.0
9460.0
9460.0
9460.0
9460.0
9460.0
9460.0
9460.0
9460.0
9460.0
9460.0
9460.0
9460.0
9460.0
9460.0
9460.0
9460.0
9460.0
9460.0
9460.0
9460.0
9460.0
9460.0
9460.0
9460.0
9460.0
9460.0
9460.0
9460.0
9460.0
9460.0
9460.0
9460.0
9460.0
9460.0
9460.0
9460.0
9460.0
9460.0
9460.0
9460.0
9460.0
9460.0
9460.0
9460.0
9460.0
9460.0
9460.0
9460.0
9460.0
9460.0
9460.0
9460.0
9460.0
9460.0
9460.0
9460.0
9460.0
9460.0
9460.0
9460.0
9460.0
9460.0
9460.0
9460.0
9460.0
9460.0
9460.0
9460.0
9460.0
9460.0
9460.0
9460.0
9460.0
9460.0
9460.0
9460.0
9460.0
9460.0
9460.0
9460.0
9460.0
9460.0
9460.0
9460.0
9460.0
9460.0
9460.0
9460.0
9460.0
9460.0
9460.0
9460.0
9460.0
9460.0
9460.0
9460.0
9460.0
9460.0
9460.0
9460.0
9460.0
9460.0
9460.0
9460.0
9460.0
9460.0
9460.0
9460.0
9460.0
9460.0
9460.0
9460.0
9460.0
9460.0
9460.0
9460.0
9460.0
9460.0
9460.0
9460.0
9460.0
9460.0
9460.0
9460.0
9460.0
9460.0
9460.0
9460.0
9460.0
9460.0
9460.0
9460.0
9460.0
9460.0
9460.0
9460.0
9460.0
9460.0
9460.0
9460.0
9460.0
9460.0
9460.0
9460.0
9460.0
9460.0
9460.0
9460.0
9460.0
9460.0
9460.0
9460.0
9460.0
9460.0
9460.0
9460.0
9460.0
9460.0
9460.0
9460.0
9460.0
9460.0
9460.0
9460.0
9460.0
9460.0
9460.0
9460.0
9460.0
9460.0
9460.0
9460.0
9460.0
9460.0
9460.0
9460.0
9460.0
9460.0
9460.0
9460.0
9460.0
9460.0
9460.0
9460.0
9460.0
9460.0
9460.0
9460.0
9460.0
9460.0
9460.0
9460.0
9460.0
9460.0
9460.0
9460.0
9460.0
9460.0
9460.0
9460.0
9460.0
9460.0
9460.0
9460.0
9460.0
9460.0
9460.0
9460.0
9460.0
9460.0
9460.0
9460.0
9460.0
9460.0
9460.0
9460.0
9460.0
9460.0
9460.0
9460.0
9460.0
9460.0
9460.0
9460.0
9460.0
9460.0
9460.0
9460.0
9460.0
9460.0
9460.0
9460.0
9460.0
9460.0
9460.0
9460.0
9460.0
9460.0
9460.0
9460.0
9460.0
9460.0
9460.0
9460.0
9460.0
9460.0
9460.0
9460.0
9460.0
9460.0
9460.0
9460.0
9460.0
9460.0
9460.0
9460.0
9460.0
9460.0
9460.0
9460.0
9460.0
9460.0
9460.0
9460.0
9460.0
9460.0
9460.0
9460.0
9460.0
9460.0
9460.0
9460.0
9460.0
9460.0
9460.0
9460.0
9460.0
9460.0
9460.0
9460.0
9460.0
9460.0
9460.0
9460.0
9460.0
9460.0
9460.0
9460.0
9460.0
9460.0
9460.0
9460.0
9460.0
9460.0
9460.0
9460.0
9460.0
9460.0
9460.0
9460.0
9460.0
9460.0
9460.0
9460.0
9460.0
9460.0
9460.0
9460.0
9460.0
9460.0
9460.0
9460.0
9460.0
9460.0
9460.0
9460.0
9460.0
9460.0
9460.0
9460.0
9460.0
9460.0
9460.0
9460.0
9460.0
9460.0
9460.0
9460.0
9460.0
9460.0
9460.0
9460.0
9460.0
9460.0
9460.0
9460.0
9460.0
9460.0
9460.0
9460.0
9460.0
9460.0
9460.0
9460.0
9460.0
9460.0
9460.0
9460.0
9460.0
9460.0
9460.0
9460.0
9460.0
9460.0
9460.0
9460.0
9460.0
9460.0
9460.0
9460.0
9460.0
9460.0
9460.0
9460.0
9460.0
9460.0
9460.0
9460.0
9460.0
9460.0
9460.0
9460.0
9460.0
9460.0
9460.0
9460.0
9460.0
9460.0
9460.0
9460.0
9460.0
9460.0
9460.0
9460.0
9460.0
9460.0
9460.0
9460.0
9460.0
9460.0
9460.0
9460.0
9460.0
9460.0
9460.0
9460.0
9460.0
9460.0
9460.0
9460.0
9460.0
9460.0
9460.0
9460.0
9460.0
9460.0
9460.0
9460.0
9460.0
9460.0
9460.0
9460.0
9460.0
9460.0
9460.0
9460.0
9460.0
9460.0
9460.0
9460.0
9460.0
9460.0
9460.0
9460.0
9460.0
9460.0
9460.0
9460.0
9460.0
9460.0
9460.0
9460.0
9460.0
9460.0
9460.0
9460.0
9460.0
9460.0
9460.0
9460.0
9460.0
9460.0
9460.0
9460.0
9460.0
9460.0
9460.0
9460.0
9460.0
9460.0
9460.0
9460.0
9460.0
9460.0
9460.0
9460.0
9460.0
9460.0
9460.0
9460.0
9460.0
9460.0
9460.0
9460.0
9460.0
9460.0
9460.0
9460.0
9460.0
9460.0
9460.0
9460.0
9460.0
9460.0
9460.0
9460.0
9460.0
9460.0
9460.0
9460.0
9460.0
9460.0
9460.0
9460.0
9460.0
9460.0
9460.0
9460.0
9460.0
9460.0
9460.0
9460.0
9460.0
9460.0
9460.0
9460.0
9460.0
9460.0
9460.0
9460.0
9460.0
9460.0
9460.0
9460.0
9460.0
9460.0
9460.0
9460.0
9460.0
9460.0
9460.0
9460.0
9460.0
9460.0
9460.0
9460.0
9460.0
9460.0
9460.0
9460.0
9460.0
9460.0
9460.0
9460.0
9460.0
9460.0
9460.0
9460.0
9460.0
9460.0
9460.0
9460.0
9460.0
9460.0
9460.0
9460.0
9460.0
9460.0
9460.0
9460.0
9460.0
9460.0
9460.0
9460.0
9460.0
9460.0
9460.0
9460.0
9460.0
9460.0
9460.0
9460.0
9460.0
9460.0
9460.0
9460.0
9460.0
9460.0
9460.0
9460.0
9460.0
9460.0
9460.0
9460.0
9460.0
9460.0
9460.0
9460.0
9460.0
9460.0
9460.0
9460.0
9460.0
9460.0
9460.0
9460.0
9460.0
9460.0
9460.0
9460.0
9460.0
9460.0
9460.0
9460.0
9460.0
9460.0
9460.0
9460.0
9460.0
9460.0
9460.0
9460.0
9460.0
9460.0
9460.0
9460.0
9460.0
9460.0
9460.0
9460.0
9460.0
9460.0
9460.0
9460.0
9460.0
9460.0
9460.0
9460.0
9460.0
9460.0
9460.0
9460.0
9460.0
9460.0
9460.0
9460.0
9460.0
9460.0
9460.0
9460.0
9460.0
9460.0
9460.0
9460.0
9460.0
9460.0
9460.0
9460.0
9460.0
9460.0
9460.0
9460.0
9460.0
9460.0
9460.0
9460.0
9460.0
9460.0
9460.0
9460.0
9460.0
9460.0
9460.0
9460.0
9460.0
9460.0
9460.0
9460.0
9460.0
9460.0
9460.0
9460.0
9460.0
9460.0
9460.0
9460.0
9460.0
9460.0
9460.0
9460.0
9460.0
9460.0
9460.0
9460.0
9460.0
9460.0
9460.0
9460.0
9460.0
9460.0
9460.0
9460.0
9460.0
9460.0
9460.0
9460.0
9460.0
9460.0
9460.0
9460.0
9460.0
9460.0
9460.0
9460.0
9460.0
9460.0
9460.0
9460.0
9460.0
9460.0
9460.0
9460.0
9460.0
9460.0
9460.0
9460.0
9460.0
9460.0
9460.0
9460.0
9460.0
9460.0
9460.0
9460.0
9460.0
9460.0
9460.0
9460.0
9460.0
9460.0
9460.0
9460.0
9460.0
9460.0
9460.0
9460.0
9460.0
9460.0
9460.0
9460.0
9460.0
9460.0
9460.0
9460.0
9460.0
9460.0
9460.0
9460.0
9460.0
9460.0
9460.0
9460.0
9460.0
9460.0
9460.0
9460.0
9460.0
9460.0
9460.0
9460.0
9460.0
9460.0
9460.0
9460.0
9460.0
9460.0
9460.0
9460.0
9460.0
9460.0
9460.0
9460.0
9460.0
9460.0
9460.0
9460.0
9460.0
9460.0
9460.0
9460.0
9460.0
9460.0
9460.0
9460.0
9460.0
9460.0
9460.0
9460.0
9460.0
9460.0
9460.0
9460.0
9460.0
9460.0
9460.0
9460.0
9460.0
9460.0
9460.0
9460.0
9460.0
9460.0
9460.0
9460.0
9460.0
9460.0
9460.0
9460.0
9460.0
9460.0
9460.0
9460.0
9460.0
9460.0
9460.0
9460.0
9460.0
9460.0
9460.0
9460.0
9460.0
9460.0
9460.0
9460.0
9460.0
9460.0
9460.0
9460.0
9460.0
9460.0
9460.0
9460.0
9460.0
9460.0
9460.0
9460.0
9460.0
9460.0
9460.0
9460.0
9460.0
9460.0
9460.0
9460.0
9460.0
9460.0
9460.0
9460.0
9460.0
9460.0
9460.0
9460.0
9460.0
9460.0
9460.0
9460.0
9460.0
9460.0
9460.0
9460.0
9460.0
SCALARS p0 double 1
LOOKUP_TABLE default
0.0
0.0
0.0
0.0
0.0
0.0
0.0
0.0
0.0
0.0
0.0
0.0
0.0
0.0
0.0
0.0
0.0
0.0
0.0
0.0
0.0
0.0
0.0
0.0
0.0
0.0
0.0
0.0
0.0
0.0
0.0
0.0
0.0
0.0
0.0
0.0
0.0
0.0
0.0
0.0
0.0
0.0
0.0
0.0
0.0
0.0
0.0
0.0
0.0
0.0
0.0
0.0
0.0
0.0
0.0
0.0
0.0
0.0
0.0
0.0
0.0
0.0
0.0
0.0
0.0
0.0
0.0
0.0
0.0
0.0
0.0
0.0
0.0
0.0
0.0
0.0
0.0
0.0
0.0
0.0
0.0
0.0
0.0
0.0
0.0
0.0
0.0
0.0
0.0
0.0
0.0
0.0
0.0
0.0
0.0
0.0
0.0
0.0
0.0
0.0
0.0
0.0
0.0
0.0
0.0
0.0
0.0
0.0
0.0
0.0
0.0
0.0
0.0
0.0
0.0
0.0
0.0
0.0
0.0
0.0
0.0
0.0
0.0
0.0
0.0
0.0
0.0
0.0
0.0
0.0
0.0
0.0
0.0
0.0
0.0
0.0
0.0
0.0
0.0
0.0
0.0
0.0
0.0
0.0
0.0
0.0
0.0
0.0
0.0
0.0
0.0
0.0
0.0
0.0
0.0
0.0
0.0
0.0
0.0
0.0
0.0
0.0
0.0
0.0
0.0
0.0
0.0
0.0
0.0
0.0
0.0
0.0
0.0
0.0
0.0
0.0
0.0
0.0
0.0
0.0
0.0
0.0
0.0
0.0
0.0
0.0
0.0
0.0
0.0
0.0
0.0
0.0
0.0
0.0
0.0
0.0
0.0
0.0
0.0
0.0
0.0
0.0
0.0
0.0
0.0
0.0
0.0
0.0
0.0
0.0
0.0
0.0
0.0
0.0
0.0
0.0
0.0
0.0
0.0
0.0
0.0
0.0
0.0
0.0
0.0
0.0
0.0
0.0
0.0
0.0
0.0
0.0
0.0
0.0
0.0
0.0
0.0
0.0
0.0
0.0
0.0
0.0
0.0
0.0
0.0
0.0
0.0
0.0
0.0
0.0
0.0
0.0
0.0
0.0
0.0
0.0
0.0
0.0
0.0
0.0
0.0
0.0
0.0
0.0
0.0
0.0
0.0
0.0
0.0
0.0
0.0
0.0
0.0
0.0
0.0
0.0
0.0
0.0
0.0
0.0
0.0
0.0
0.0
0.0
0.0
0.0
0.0
0.0
0.0
0.0
0.0
0.0
0.0
0.0
0.0
0.0
0.0
0.0
0.0
0.0
0.0
0.0
0.0
0.0
0.0
0.0
0.0
0.0
0.0
0.0
0.0
0.0
0.0
0.0
0.0
0.0
0.0
0.0
0.0
0.0
0.0
0.0
0.0
0.0
0.0
0.0
0.0
0.0
0.0
0.0
0.0
0.0
0.0
0.0
0.0
0.0
0.0
0.0
0.0
0.0
0.0
0.0
0.0
0.0
0.0
0.0
0.0
0.0
0.0
0.0
0.0
0.0
0.0
0.0
0.0
0.0
0.0
0.0
0.0
0.0
0.0
0.0
0.0
0.0
0.0
0.0
0.0
0.0
0.0
0.0
0.0
0.0
0.0
0.0
0.0
0.0
0.0
0.0
0.0
0.0
0.0
0.0
0.0
0.0
0.0
0.0
0.0
0.0
0.0
0.0
0.0
0.0
0.0
0.0
0.0
0.0
0.0
0.0
0.0
0.0
0.0
0.0
0.0
0.0
0.0
0.0
0.0
0.0
0.0
0.0
0.0
0.0
0.0
0.0
0.0
0.0
0.0
0.0
0.0
0.0
0.0
0.0
0.0
0.0
0.0
0.0
0.0
0.0
0.0
0.0
0.0
0.0
0.0
0.0
0.0
0.0
0.0
0.0
0.0
0.0
0.0
0.0
0.0
0.0
0.0
0.0
0.0
0.0
0.0
0.0
0.0
0.0
0.0
0.0
0.0
0.0
0.0
0.0
0.0
0.0
0.0
0.0
0.0
0.0
0.0
0.0
0.0
0.0
0.0
0.0
0.0
0.0
0.0
0.0
0.0
0.0
0.0
0.0
0.0
0.0
0.0
0.0
0.0
0.0
0.0
0.0
0.0
0.0
0.0
0.0
0.0
0.0
0.0
0.0
0.0
0.0
0.0
0.0
0.0
0.0
0.0
0.0
0.0
0.0
0.0
0.0
0.0
0.0
0.0
0.0
0.0
0.0
0.0
0.0
0.0
0.0
0.0
0.0
0.0
0.0
0.0
0.0
0.0
0.0
0.0
0.0
0.0
0.0
0.0
0.0
0.0
0.0
0.0
0.0
0.0
0.0
0.0
0.0
0.0
0.0
0.0
0.0
0.0
0.0
0.0
0.0
0.0
0.0
0.0
0.0
0.0
0.0
0.0
0.0
0.0
0.0
0.0
0.0
0.0
0.0
0.0
0.0
0.0
0.0
0.0
0.0
0.0
0.0
0.0
0.0
0.0
0.0
0.0
0.0
0.0
0.0
0.0
0.0
0.0
0.0
0.0
0.0
0.0
0.0
0.0
0.0
0.0
0.0
0.0
0.0
0.0
0.0
0.0
0.0
0.0
0.0
0.0
0.0
0.0
0.0
0.0
0.0
0.0
0.0
0.0
0.0
0.0
0.0
0.0
0.0
0.0
0.0
0.0
0.0
0.0
0.0
0.0
0.0
0.0
0.0
0.0
0.0
0.0
0.0
0.0
0.0
0.0
0.0
0.0
0.0
0.0
0.0
0.0
0.0
0.0
0.0
0.0
0.0
0.0
0.0
0.0
0.0
0.0
0.0
0.0
0.0
0.0
0.0
0.0
0.0
0.0
0.0
0.0
0.0
0.0
0.0
0.0
0.0
0.0
0.0
0.0
0.0
0.0
0.0
0.0
0.0
0.0
0.0
0.0
0.0
0.0
0.0
0.0
0.0
0.0
0.0
0.0
0.0
0.0
0.0
0.0
0.0
0.0
0.0
0.0
0.0
0.0
0.0
0.0
0.0
0.0
0.0
0.0
0.0
0.0
0.0
0.0
0.0
0.0
0.0
0.0
0.0
0.0
0.0
0.0
0.0
0.0
0.0
0.0
0.0
0.0
0.0
0.0
0.0
0.0
0.0
0.0
0.0
0.0
0.0
0.0
0.0
0.0
0.0
0.0
0.0
0.0
0.0
0.0
0.0
0.0
0.0
0.0
0.0
0.0
0.0
0.0
0.0
0.0
0.0
0.0
0.0
0.0
0.0
0.0
0.0
0.0
0.0
0.0
0.0
0.0
0.0
0.0
0.0
0.0
0.0
0.0
0.0
0.0
0.0
0.0
0.0
0.0
0.0
0.0
0.0
0.0
0.0
0.0
0.0
0.0
0.0
0.0
0.0
0.0
0.0
0.0
0.0
0.0
0.0
0.0
0.0
0.0
0.0
0.0
0.0
0.0
0.0
0.0
0.0
0.0
0.0
0.0
0.0
0.0
0.0
0.0
0.0
0.0
0.0
0.0
0.0
0.0
0.0
0.0
0.0
0.0
0.0
0.0
0.0
0.0
0.0
0.0
0.0
0.0
0.0
0.0
0.0
0.0
0.0
0.0
0.0
0.0
0.0
0.0
0.0
0.0
0.0
0.0
0.0
0.0
0.0
0.0
0.0
0.0
0.0
0.0
0.0
0.0
0.0
0.0
0.0
0.0
0.0
0.0
0.0
0.0
0.0
0.0
0.0
0.0
0.0
0.0
0.0
0.0
0.0
0.0
0.0
0.0
0.0
0.0
0.0
0.0
0.0
0.0
0.0
0.0
0.0
0.0
0.0
0.0
0.0
0.0
0.0
0.0
0.0
0.0
0.0
0.0
0.0
0.0
0.0
0.0
0.0
0.0
0.0
0.0
0.0
0.0
0.0
0.0
0.0
0.0
0.0
0.0
0.0
0.0
0.0
0.0
0.0
0.0
0.0
0.0
0.0
0.0
0.0
0.0
0.0
0.0
0.0
0.0
0.0
0.0
0.0
0.0
0.0
0.0
0.0
0.0
0.0
0.0
0.0
0.0
0.0
0.0
0.0
0.0
0.0
0.0
0.0
0.0
0.0
0.0
0.0
0.0
0.0
0.0
0.0
0.0
0.0
0.0
0.0
0.0
0.0
0.0
0.0
0.0
0.0
0.0
0.0
0.0
0.0
0.0
0.0
0.0
0.0
0.0
0.0
0.0
0.0
0.0
0.0
0.0
0.0
0.0
0.0
0.0
0.0
0.0
0.0
0.0
0.0
0.0
0.0
0.0
0.0
0.0
0.0
0.0
0.0
0.0
0.0
0.0
0.0
0.0
0.0
0.0
0.0
0.0
0.0
0.0
0.0
0.0
0.0
0.0
0.0
0.0
0.0
0.0
0.0
0.0
0.0
0.0
0.0
0.0
0.0
0.0
0.0
0.0
0.0
0.0
0.0
0.0
0.0
0.0
0.0
0.0
0.0
0.0
0.0
0.0
0.0
0.0
0.0
0.0
0.0
0.0
0.0
0.0
0.0
0.0
0.0
0.0
0.0
0.0
0.0
0.0
0.0
0.0
0.0
0.0
0.0
0.0
0.0
0.0
0.0
0.0
0.0
0.0
0.0
0.0
0.0
0.0
0.0
0.0
0.0
0.0
0.0
0.0
0.0
0.0
0.0
0.0
0.0
0.0
0.0
0.0
0.0
0.0
0.0
0.0
0.0
0.0
0.0
0.0
0.0
0.0
0.0
0.0
0.0
0.0
0.0
0.0
0.0
0.0
0.0
0.0
0.0
0.0
0.0
0.0
0.0
0.0
0.0
0.0
0.0
0.0
0.0
0.0
0.0
0.0
0.0
0.0
0.0
0.0
0.0
0.0
0.0
0.0
0.0
0.0
0.0
0.0
0.0
0.0
0.0
0.0
0.0
0.0
0.0
0.0
0.0
0.0
0.0
0.0
0.0
0.0
0.0
0.0
0.0
0.0
0.0
0.0
0.0
0.0
0.0
0.0
0.0
0.0
0.0
0.0
0.0
0.0
0.0
0.0
0.0
0.0
0.0
0.0
0.0
0.0
0.0
0.0
0.0
0.0
0.0
0.0
0.0
0.0
0.0
0.0
0.0
0.0
0.0
0.0
0.0
0.0
0.0
0.0
0.0
0.0
0.0
0.0
0.0
0.0
0.0
0.0
0.0
0.0
0.0
0.0
0.0
0.0
0.0
0.0
0.0
0.0
0.0
0.0
0.0
0.0
0.0
0.0
0.0
0.0
0.0
0.0
0.0
0.0
0.0
0.0
0.0
0.0
0.0
0.0
0.0
0.0
0.0
0.0
0.0
0.0
0.0
0.0
0.0
0.0
0.0
0.0
0.0
0.0
0.0
0.0
0.0
0.0
0.0
0.0
0.0
0.0
0.0
0.0
0.0
0.0
0.0
0.0
0.0
0.0
0.0
0.0
0.0
0.0
0.0
0.0
0.0
0.0
0.0
0.0
0.0
0.0
0.0
0.0
0.0
0.0
0.0
0.0
0.0
0.0
0.0
0.0
0.0
0.0
0.0
0.0
0.0
0.0
0.0
0.0
0.0
0.0
0.0
0.0
0.0
0.0
0.0
0.0
0.0
0.0
0.0
0.0
0.0
0.0
0.0
0.0
0.0
0.0
0.0
0.0
0.0
0.0
0.0
0.0
0.0
0.0
0.0
0.0
0.0
0.0
0.0
0.0
0.0
0.0
0.0
0.0
0.0
0.0
0.0
0.0
0.0
0.0
0.0
0.0
0.0
0.0
0.0
0.0
0.0
0.0
0.0
0.0
0.0
0.0
0.0
0.0
0.0
0.0
0.0
0.0
0.0
0.0
0.0
0.0
0.0
0.0
0.0
0.0
0.0
0.0
0.0
0.0
0.0
0.0
0.0
0.0
0.0
0.0
0.0
0.0
0.0
0.0
0.0
0.0
0.0
0.0
0.0
0.0
0.0
0.0
0.0
0.0
0.0
0.0
0.0
0.0
0.0
0.0
0.0
0.0
0.0
0.0
0.0
0.0
0.0
0.0
0.0
0.0
0.0
0.0
0.0
0.0
0.0
0.0
0.0
0.0
0.0
0.0
0.0
0.0
0.0
0.0
0.0
0.0
0.0
0.0
0.0
0.0
0.0
0.0
0.0
0.0
0.0
0.0
0.0
0.0
0.0
0.0
0.0
0.0
0.0
0.0
0.0
0.0
0.0
0.0
0.0
0.0
0.0
0.0
0.0
0.0
0.0
0.0
0.0
0.0
0.0
0.0
0.0
0.0
0.0
0.0
0.0
0.0
0.0
0.0
0.0
0.0
0.0
0.0
0.0
0.0
0.0
0.0
0.0
0.0
0.0
0.0
0.0
0.0
0.0
0.0
0.0
0.0
0.0
0.0
0.0
0.0
0.0
0.0
0.0
0.0
0.0
0.0
0.0
0.0
0.0
0.0
0.0
0.0
0.0
0.0
0.0
0.0
0.0
0.0
0.0
0.0
0.0
0.0
0.0
0.0
0.0
0.0
0.0
0.0
0.0
0.0
0.0
0.0
0.0
0.0
0.0
0.0
0.0
0.0
0.0
0.0
0.0
0.0
0.0
0.0
0.0
0.0
0.0
0.0
0.0
0.0
0.0
0.0
0.0
0.0
0.0
0.0
0.0
0.0
0.0
0.0
0.0
0.0
0.0
0.0
0.0
0.0
0.0
0.0
0.0
0.0
0.0
0.0
0.0
0.0
0.0
0.0
0.0
0.0
0.0
0.0
0.0
0.0
0.0
0.0
0.0
0.0
0.0
0.0
0.0
0.0
0.0
0.0
0.0
0.0
0.0
0.0
0.0
0.0
0.0
0.0
0.0
0.0
0.0
0.0
0.0
0.0
0.0
0.0
0.0
0.0
0.0
0.0
0.0
0.0
0.0
0.0
0.0
0.0
0.0
0.0
0.0
0.0
0.0
0.0
0.0
0.0
0.0
0.0
0.0
0.0
0.0
0.0
0.0
0.0
0.0
0.0
0.0
0.0
0.0
0.0
0.0
0.0
0.0
0.0
0.0
0.0
0.0
0.0
0.0
0.0
0.0
0.0
0.0
0.0
0.0
0.0
0.0
0.0
0.0
0.0
0.0
0.0
0.0
0.0
0.0
0.0
0.0
0.0
0.0
0.0
0.0
0.0
0.0
0.0
0.0
0.0
0.0
0.0
0.0
0.0
0.0
0.0
0.0
0.0
0.0
0.0
0.0
0.0
0.0
0.0
0.0
0.0
0.0
0.0
0.0
0.0
0.0
0.0
0.0
0.0
0.0
0.0
0.0
0.0
0.0
0.0
0.0
0.0
0.0
0.0
0.0
0.0
0.0
0.0
0.0
0.0
0.0
0.0
0.0
0.0
0.0
0.0
0.0
0.0
0.0
0.0
0.0
0.0
0.0
0.0
0.0
0.0
0.0
0.0
0.0
0.0
0.0
0.0
0.0
0.0
0.0
0.0
0.0
0.0
0.0
0.0
0.0
0.0
0.0
0.0
0.0
0.0
0.0
0.0
0.0
0.0
0.0
0.0
0.0
0.0
0.0
0.0
0.0
0.0
0.0
0.0
0.0
0.0
0.0
0.0
0.0
0.0
0.0
0.0
0.0
0.0
0.0
0.0
0.0
0.0
0.0
0.0
0.0
0.0
0.0
0.0
0.0
0.0
0.0
0.0
0.0
0.0
0.0
0.0
0.0
0.0
0.0
0.0
0.0
0.0
0.0
0.0
0.0
0.0
0.0
0.0
0.0
0.0
0.0
0.0
0.0
0.0
0.0
0.0
0.0
0.0
0.0
0.0
0.0
0.0
0.0
0.0
0.0
0.0
0.0
0.0
0.0
0.0
0.0
0.0
0.0
0.0
0.0
0.0
0.0
0.0
0.0
0.0
0.0
0.0
0.0
0.0
0.0
0.0
0.0
0.0
0.0
0.0
0.0
0.0
0.0
0.0
0.0
0.0
0.0
0.0
0.0
0.0
0.0
0.0
0.0
0.0
0.0
0.0
0.0
0.0
0.0
0.0
0.0
0.0
0.0
0.0
0.0
0.0
0.0
0.0
0.0
0.0
0.0
0.0
0.0
0.0
0.0
0.0
0.0
0.0
0.0
0.0
0.0
0.0
0.0
0.0
0.0
0.0
0.0
0.0
0.0
0.0
0.0
0.0
0.0
0.0
0.0
0.0
0.0
0.0
0.0
0.0
0.0
0.0
0.0
0.0
0.0
0.0
0.0
0.0
0.0
0.0
0.0
0.0
0.0
0.0
0.0
0.0
0.0
0.0
0.0
0.0
0.0
0.0
0.0
0.0
0.0
0.0
0.0
0.0
0.0
0.0
0.0
0.0
0.0
0.0
0.0
0.0
0.0
0.0
0.0
0.0
0.0
0.0
0.0
0.0
0.0
0.0
0.0
0.0
0.0
0.0
0.0
0.0
0.0
0.0
0.0
0.0
0.0
0.0
0.0
0.0
0.0
0.0
0.0
0.0
0.0
0.0
0.0
0.0
0.0
0.0
0.0
0.0
0.0
0.0
0.0
0.0
0.0
0.0
0.0
0.0
0.0
0.0
0.0
0.0
0.0
0.0
0.0
0.0
0.0
0.0
0.0
0.0
0.0
0.0
0.0
0.0
0.0
0.0
0.0
0.0
0.0
0.0
0.0
0.0
0.0
0.0
0.0
0.0
0.0
0.0
0.0
0.0
0.0
0.0
0.0
0.0
0.0
0.0
0.0
0.0
0.0
0.0
0.0
0.0
0.0
0.0
0.0
0.0
0.0
0.0
0.0
0.0
0.0
0.0
0.0
0.0
0.0
0.0
0.0
0.0
0.0
0.0
0.0
0.0
0.0
0.0
0.0
0.0
0.0
0.0
0.0
0.0
0.0
0.0
0.0
0.0
0.0
0.0
0.0
0.0
0.0
0.0
0.0
0.0
0.0
0.0
0.0
0.0
0.0
0.0
0.0
0.0
0.0
0.0
0.0
0.0
0.0
0.0
0.0
0.0
0.0
0.0
0.0
0.0
0.0
0.0
SCALARS L double 1
LOOKUP_TABLE default
0.086
0.085
0.085
0.085
0.085
0.085
0.085
0.085
0.085
0.085
0.085
0.085
0.085
0.085
0.085
0.085
0.085
0.085
0.085
0.085
0.085
0.085
0.085
0.085
0.085
0.085
0.085
0.085
0.085
0.085
0.085
0.085
0.085
0.085
0.085
0.085
0.085
0.085
0.085
0.085
0.085
0.085
0.085
0.085
0.085
0.085
0.085
0.085
0.085
0.085
0.085
0.085
0.085
0.085
0.085
0.085
0.085
0.085
0.085
0.085
0.085
0.085
0.085
0.085
0.085
0.085
0.085
0.085
0.085
0.085
0.085
0.085
0.085
0.085
0.085
0.085
0.085
0.085
0.085
0.085
0.085
0.085
0.085
0.085
0.085
0.085
0.085
0.085
0.085
0.085
0.085
0.085
0.085
0.085
0.085
0.085
0.085
0.085
0.085
0.085
0.085
0.085
0.085
0.085
0.085
0.085
0.085
0.085
0.085
0.085
0.085
0.085
0.085
0.085
0.085
0.085
0.085
0.085
0.085
0.085
0.085
0.085
0.085
0.085
0.085
0.085
0.085
0.085
0.085
0.085
0.085
0.085
0.085
0.085
0.085
0.085
0.085
0.085
0.085
0.085
0.085
0.085
0.085
0.085
0.085
0.085
0.085
0.085
0.085
0.085
0.085
0.085
0.085
0.085
0.085
0.085
0.085
0.085
0.085
0.085
0.085
0.085
0.085
0.085
0.085
0.085
0.085
0.085
0.085
0.085
0.085
0.085
0.085
0.085
0.085
0.085
0.085
0.085
0.085
0.085
0.085
0.085
0.085
0.085
0.085
0.085
0.085
0.085
0.085
0.085
0.085
0.085
0.085
0.085
0.085
0.085
0.085
0.085
0.085
0.085
0.085
0.085
0.085
0.085
0.085
0.085
0.085
0.085
0.085
0.085
0.085
0.085
0.085
0.085
0.085
0.085
0.085
0.085
0.085
0.085
0.085
0.085
0.085
0.085
0.085
0.085
0.085
0.085
0.085
0.085
0.085
0.085
0.085
0.085
0.085
0.085
0.085
0.085
0.085
0.085
0.085
0.085
0.085
0.085
0.085
0.085
0.085
0.085
0.085
0.085
0.085
0.085
0.085
0.085
0.085
0.085
0.085
0.085
0.085
0.085
0.085
0.085
0.085
0.085
0.085
0.085
0.085
0.085
0.085
0.085
0.085
0.085
0.085
0.085
0.085
0.085
0.085
0.085
0.085
0.085
0.085
0.085
0.085
0.085
0.085
0.085
0.085
0.085
0.085
0.085
0.085
0.085
0.085
0.085
0.085
0.085
0.085
0.085
0.085
0.085
0.085
0.085
0.085
0.085
0.085
0.085
0.085
0.085
0.085
0.085
0.085
0.085
0.085
0.085
0.085
0.085
0.085
0.085
0.085
0.085
0.085
0.085
0.085
0.085
0.085
0.085
0.085
0.085
0.085
0.085
0.085
0.085
0.085
0.085
0.085
0.085
0.085
0.085
0.085
0.085
0.085
0.085
0.085
0.085
0.085
0.085
0.085
0.085
0.085
0.085
0.085
0.085
0.085
0.085
0.085
0.085
0.085
0.085
0.085
0.085
0.085
0.085
0.085
0.085
0.085
0.085
0.085
0.085
0.085
0.085
0.085
0.085
0.085
0.085
0.085
0.085
0.085
0.085
0.085
0.085
0.085
0.085
0.085
0.085
0.085
0.085
0.085
0.085
0.085
0.085
0.085
0.085
0.085
0.085
0.085
0.085
0.085
0.085
0.085
0.085
0.085
0.085
0.085
0.085
0.085
0.085
0.085
0.085
0.085
0.085
0.085
0.085
0.085
0.085
0.085
0.085
0.085
0.085
0.085
0.085
0.085
0.085
0.085
0.085
0.085
0.085
0.085
0.085
0.085
0.085
0.085
0.085
0.085
0.085
0.085
0.085
0.085
0.085
0.085
0.085
0.085
0.085
0.085
0.085
0.085
0.085
0.085
0.085
0.085
0.085
0.085
0.085
0.085
0.085
0.085
0.085
0.085
0.085
0.085
0.085
0.085
0.085
0.085
0.085
0.085
0.085
0.085
0.085
0.085
0.085
0.085
0.085
0.085
0.085
0.085
0.085
0.085
0.085
0.085
0.085
0.085
0.085
0.085
0.085
0.085
0.085
0.085
0.085
0.085
0.085
0.085
0.085
0.085
0.085
0.085
0.085
0.085
0.085
0.085
0.085
0.085
0.085
0.085
0.085
0.085
0.085
0.085
0.085
0.085
0.085
0.085
0.085
0.085
0.085
0.085
0.085
0.085
0.085
0.085
0.085
0.085
0.085
0.085
0.085
0.085
0.085
0.085
0.085
0.085
0.085
0.085
0.085
0.085
0.085
0.085
0.085
0.085
0.085
0.085
0.085
0.085
0.085
0.085
0.085
0.085
0.085
0.085
0.085
0.085
0.085
0.085
0.085
0.085
0.085
0.085
0.085
0.085
0.085
0.085
0.085
0.085
0.085
0.085
0.085
0.085
0.085
0.085
0.085
0.085
0.085
0.085
0.085
0.085
0.085
0.085
0.085
0.085
0.085
0.085
0.085
0.085
0.085
0.085
0.085
0.085
0.085
0.085
0.085
0.085
0.085
0.085
0.085
0.085
0.085
0.085
0.085
0.085
0.085
0.085
0.085
0.085
0.085
0.085
0.085
0.085
0.085
0.085
0.085
0.085
0.085
0.085
0.085
0.085
0.085
0.085
0.085
0.085
0.085
0.085
0.085
0.085
0.085
0.085
0.085
0.085
0.085
0.085
0.085
0.085
0.085
0.085
0.085
0.085
0.085
0.085
0.085
0.085
0.085
0.085
0.085
0.085
0.085
0.085
0.085
0.085
0.085
0.085
0.085
0.085
0.085
0.085
0.085
0.085
0.085
0.085
0.085
0.085
0.085
0.085
0.085
0.085
0.085
0.085
0.085
0.085
0.085
0.085
0.085
0.085
0.085
0.085
0.085
0.085
0.085
0.085
0.085
0.085
0.085
0.085
0.085
0.085
0.085
0.085
0.085
0.085
0.085
0.085
0.085
0.085
0.085
0.085
0.085
0.085
0.085
0.085
0.085
0.085
0.085
0.085
0.085
0.085
0.085
0.085
0.085
0.085
0.085
0.085
0.085
0.085
0.085
0.085
0.085
0.085
0.085
0.085
0.085
0.085
0.085
0.085
0.085
0.085
0.085
0.085
0.085
0.085
0.085
0.085
0.085
0.085
0.085
0.085
0.085
0.085
0.085
0.085
0.085
0.085
0.085
0.085
0.085
0.085
0.085
0.085
0.085
0.085
0.085
0.085
0.085
0.085
0.085
0.085
0.085
0.085
0.085
0.085
0.085
0.085
0.085
0.085
0.085
0.085
0.085
0.085
0.085
0.085
0.085
0.085
0.085
0.085
0.085
0.085
0.085
0.085
0.085
0.085
0.085
0.085
0.085
0.085
0.085
0.085
0.085
0.085
0.085
0.085
0.085
0.085
0.085
0.085
0.085
0.085
0.085
0.085
0.085
0.085
0.085
0.085
0.085
0.085
0.085
0.085
0.085
0.085
0.085
0.085
0.085
0.085
0.085
0.085
0.085
0.085
0.085
0.085
0.085
0.085
0.085
0.085
0.085
0.085
0.085
0.085
0.085
0.085
0.085
0.085
0.085
0.085
0.085
0.085
0.085
0.085
0.085
0.085
0.085
0.085
0.085
0.085
0.085
0.085
0.085
0.085
0.085
0.085
0.085
0.085
0.085
0.085
0.085
0.085
0.085
0.085
0.085
0.085
0.085
0.085
0.085
0.085
0.085
0.085
0.085
0.085
0.085
0.085
0.085
0.085
0.085
0.085
0.085
0.085
0.085
0.085
0.085
0.085
0.085
0.085
0.085
0.085
0.085
0.085
0.085
0.085
0.085
0.085
0.085
0.085
0.085
0.085
0.085
0.085
0.085
0.085
0.085
0.085
0.085
0.085
0.085
0.085
0.085
0.085
0.085
0.085
0.085
0.085
0.085
0.085
0.085
0.085
0.085
0.085
0.085
0.085
0.085
0.085
0.085
0.085
0.085
0.085
0.085
0.085
0.085
0.085
0.085
0.085
0.085
0.085
0.085
0.085
0.085
0.085
0.085
0.085
0.085
0.085
0.085
0.085
0.085
0.085
0.085
0.085
0.085
0.085
0.085
0.085
0.085
0.085
0.085
0.085
0.085
0.085
0.085
0.085
0.085
0.085
0.085
0.085
0.085
0.085
0.085
0.085
0.085
0.085
0.085
0.085
0.085
0.085
0.085
0.085
0.085
0.085
0.085
0.085
0.085
0.085
0.085
0.085
0.085
0.085
0.085
0.085
0.085
0.085
0.085
0.085
0.085
0.085
0.085
0.085
0.085
0.085
0.085
0.085
0.085
0.085
0.085
0.085
0.085
0.085
0.085
0.085
0.085
0.085
0.085
0.085
0.085
0.085
0.085
0.085
0.085
0.085
0.085
0.085
0.085
0.085
0.085
0.085
0.085
0.085
0.085
0.085
0.085
0.085
0.085
0.085
0.085
0.085
0.085
0.085
0.085
0.085
0.085
0.085
0.085
0.085
0.085
0.085
0.085
0.085
0.085
0.085
0.085
0.085
0.085
0.085
0.085
0.085
0.085
0.085
0.085
0.085
0.085
0.085
0.085
0.085
0.085
0.085
0.085
0.085
0.085
0.085
0.085
0.085
0.085
0.085
0.085
0.085
0.085
0.085
0.085
0.085
0.085
0.085
0.085
0.085
0.085
0.085
0.085
0.085
0.085
0.085
0.085
0.085
0.085
0.085
0.085
0.085
0.085
0.085
0.085
0.085
0.085
0.085
0.085
0.085
0.085
0.085
0.085
0.085
0.085
0.085
0.085
0.085
0.085
0.085
0.085
0.085
0.085
0.085
0.085
0.085
0.085
0.085
0.085
0.085
0.085
0.085
0.085
0.085
0.085
0.085
0.085
0.085
0.085
0.085
0.085
0.085
0.085
0.085
0.085
0.085
0.085
0.085
0.085
0.085
0.085
0.085
0.085
0.085
0.085
0.085
0.085
0.085
0.085
0.085
0.085
0.085
0.085
0.085
0.085
0.085
0.085
0.085
0.085
0.085
0.085
0.085
0.085
0.085
0.085
0.085
0.085
0.085
0.085
0.085
0.085
0.085
0.085
0.085
0.085
0.085
0.085
0.085
0.085
0.085
0.085
0.085
0.085
0.085
0.085
0.085
0.085
0.085
0.085
0.085
0.085
0.085
0.085
0.085
0.085
0.085
0.085
0.085
0.085
0.085
0.085
0.085
0.085
0.085
0.085
0.085
0.085
0.085
0.085
0.085
0.085
0.085
0.085
0.085
0.085
0.085
0.085
0.085
0.085
0.085
0.085
0.085
0.085
0.085
0.085
0.085
0.085
0.085
0.085
0.085
0.085
0.085
0.085
0.085
0.085
0.085
0.085
0.085
0.085
0.085
0.085
0.085
0.085
0.085
0.085
0.085
0.085
0.085
0.085
0.085
0.085
0.085
0.085
0.085
0.085
0.085
0.085
0.085
0.085
0.085
0.085
0.085
0.085
0.085
0.085
0.085
0.085
0.085
0.085
0.085
0.085
0.085
0.085
0.085
0.085
0.085
0.085
0.085
0.085
0.085
0.085
0.085
0.085
0.085
0.085
0.085
0.085
0.085
0.085
0.085
0.085
0.085
0.085
0.085
0.085
0.085
0.085
0.085
0.085
0.085
0.085
0.085
0.085
0.085
0.085
0.085
0.085
0.085
0.085
0.085
0.085
0.085
0.085
0.085
0.085
0.085
0.085
0.085
0.085
0.085
0.085
0.085
0.085
0.085
0.085
0.085
0.085
0.085
0.085
0.085
0.085
0.085
0.085
0.085
0.085
0.085
0.085
0.085
0.085
0.085
0.085
0.085
0.085
0.085
0.085
0.085
0.085
0.085
0.085
0.085
0.085
0.085
0.085
0.085
0.085
0.085
0.085
0.085
0.085
0.085
0.085
0.085
0.085
0.085
0.085
0.085
0.085
0.085
0.085
0.085
0.085
0.085
0.085
0.085
0.085
0.085
0.085
0.085
0.085
0.085
0.085
0.085
0.085
0.085
0.085
0.085
0.085
0.085
0.085
0.085
0.085
0.085
0.085
0.085
0.085
0.085
0.085
0.085
0.085
0.085
0.085
0.085
0.085
0.085
0.085
0.085
0.085
0.085
0.085
0.085
0.085
0.085
0.085
0.085
0.085
0.085
0.085
0.085
0.085
0.085
0.085
0.085
0.085
0.085
0.085
0.085
0.085
0.085
0.085
0.085
0.085
0.085
0.085
0.085
0.085
0.085
0.085
0.085
0.085
0.085
0.085
0.085
0.085
0.085
0.085
0.085
0.085
0.085
0.085
0.085
0.085
0.085
0.085
0.085
0.085
0.085
0.085
0.085
0.085
0.085
0.085
0.085
0.085
0.085
0.085
0.085
0.085
0.085
0.085
0.085
0.085
0.085
0.085
0.085
0.085
0.085
0.085
0.085
0.085
0.085
0.085
0.085
0.085
0.085
0.085
0.085
0.085
0.085
0.085
0.085
0.085
0.085
0.085
0.085
0.085
0.085
0.085
0.085
0.085
0.085
0.085
0.085
0.085
0.085
0.085
0.085
0.085
0.085
0.085
0.085
0.085
0.085
0.085
0.085
0.085
0.085
0.085
0.085
0.085
0.085
0.085
0.085
0.085
0.085
0.085
0.085
0.085
0.085
0.085
0.085
0.085
0.085
0.085
0.085
0.085
0.085
0.085
0.085
0.085
0.085
0.085
0.085
0.085
0.085
0.085
0.085
0.085
0.085
0.085
0.085
0.085
0.085
0.085
0.085
0.085
0.085
0.085
0.085
0.085
0.085
0.085
0.085
0.085
0.085
0.085
0.085
0.085
0.085
0.085
0.085
0.085
0.085
0.085
0.085
0.085
0.085
0.085
0.085
0.085
0.085
0.085
0.085
0.085
0.085
0.085
0.085
0.085
0.085
0.085
0.085
0.085
0.085
0.085
0.085
0.085
0.085
0.085
0.085
0.085
0.085
0.085
0.085
0.085
0.085
0.085
0.085
0.085
0.085
0.085
0.085
0.085
0.085
0.085
0.085
0.085
0.085
0.085
0.085
0.085
0.085
0.085
0.085
0.085
0.085
0.085
0.085
0.085
0.085
0.085
0.085
0.085
0.085
0.085
0.085
0.085
0.085
0.085
0.085
0.085
0.085
0.085
0.085
0.085
0.085
0.085
0.085
0.085
0.085
0.085
0.085
0.085
0.085
0.085
0.085
0.085
0.085
0.085
0.085
0.085
0.085
0.085
0.085
0.085
0.085
0.085
0.085
0.085
0.085
0.085
0.085
0.085
0.085
0.085
0.085
0.085
0.085
0.085
0.085
0.085
0.085
0.085
0.085
0.085
0.085
0.085
0.085
0.085
0.085
0.085
0.085
0.085
0.085
0.085
0.085
0.085
0.085
0.085
0.085
0.085
0.085
0.085
0.085
0.085
0.085
0.085
0.085
0.085
0.085
0.085
0.085
0.085
0.085
0.085
0.085
0.085
0.085
0.085
0.085
0.085
0.085
0.085
0.085
0.085
0.085
0.085
0.085
0.085
0.085
0.085
0.085
0.085
0.085
0.085
0.085
0.085
0.085
0.085
0.085
0.085
0.085
0.085
0.085
0.085
0.085
0.085
0.085
0.085
0.085
0.085
0.085
0.085
0.085
0.085
0.085
0.085
0.085
0.085
0.085
0.085
0.085
0.085
0.085
0.085
0.085
0.085
0.085
0.085
0.085
0.085
0.085
0.085
0.085
0.085
0.085
0.085
0.085
0.085
0.085
0.085
0.085
0.085
0.085
0.085
0.085
0.085
0.085
0.085
0.085
0.085
0.085
0.085
0.085
0.085
0.085
0.085
0.085
0.085
0.085
0.085
0.085
0.085
0.085
0.085
0.085
0.085
0.085
0.085
0.085
0.085
0.085
0.085
0.085
0.085
0.085
0.085
0.085
0.085
0.085
0.085
0.085
0.085
0.085
0.085
0.085
0.085
0.085
0.085
0.085
0.085
0.085
0.085
0.085
0.085
0.085
0.085
0.085
0.085
0.085
0.085
0.085
0.085
0.085
0.085
0.085
0.085
0.085
0.085
0.085
0.085
0.085
0.085
0.085
0.085
0.085
0.085
0.085
0.085
0.085
0.085
0.085
0.085
0.085
0.085
0.085
0.085
0.085
0.085
0.085
0.085
0.085
0.085
0.085
0.085
0.085
0.085
0.085
0.085
0.085
0.085
0.085
0.085
0.085
0.085
0.085
0.085
0.085
0.085
0.085
0.085
0.085
0.085
0.085
0.085
0.085
0.085
0.085
0.085
0.085
0.085
0.085
0.085
0.085
0.085
0.085
0.085
0.085
0.085
0.085
0.085
0.085
0.085
0.085
0.085
0.085
0.085
0.085
0.085
0.085
0.085
0.085
0.085
0.085
0.085
0.085
0.085
0.085
0.085
0.085
0.085
0.085
0.085
0.085
0.085
0.085
0.085
0.085
0.085
0.085
0.085
0.085
0.085
0.085
0.085
0.085
0.085
0.085
0.085
0.085
0.085
0.085
0.085
0.085
0.085
0.085
0.085
0.085
0.085
0.085
0.085
0.085
0.085
0.085
0.085
0.085
0.085
0.085
0.085
0.085
0.085
0.085
0.085
0.085
0.085
0.085
0.085
0.085
0.085
0.085
0.085
0.085
0.085
0.085
0.085
0.085
0.085
0.085
0.085
0.085
0.085
0.085
0.085
0.085
0.085
0.085
0.085
0.085
0.085
0.085
0.085
0.085
0.085
0.085
0.085
0.085
0.085
0.085
0.085
0.085
0.085
0.085
0.085
0.085
0.085
0.085
0.085
0.085
0.085
0.085
0.085
0.085
0.085
0.085
0.085
0.085
0.085
0.085
0.085
0.085
0.085
0.085
0.085
0.085
0.085
0.085
0.085
0.085
0.085
0.085
0.085
0.085
0.085
0.085
0.085
0.085
0.085
0.085
0.085
0.085
0.085
0.085
0.085
0.085
0.085
0.085
SCALARS a_d double 1
LOOKUP_TABLE default
0.0002323521926595011
0.00014637270926046723
9.220902876370244e-05
5.8088048164875256e-05
3.65931773151168e-05
2.30522571909256e-05
1.4522012041218814e-05
9.1482943287792e-06
5.7630642977314e-06
3.6305030103047035e-06
2.2870735821948e-06
2.2870735821948e-06
3.6305030103047035e-06
2.2870735821948e-06
2.2870735821948e-06
5.7630642977314e-06
3.6305030103047035e-06
2.2870735821948e-06
2.2870735821948e-06
3.6305030103047035e-06
2.2870735821948e-06
2.2870735821948e-06
9.1482943287792e-06
5.7630642977314e-06
3.6305030103047035e-06
2.2870735821948e-06
2.2870735821948e-06
3.6305030103047035e-06
2.2870735821948e-06
2.2870735821948e-06
5.7630642977314e-06
3.6305030103047035e-06
2.2870735821948e-06
2.2870735821948e-06
3.6305030103047035e-06
2.2870735821948e-06
2.2870735821948e-06
1.4522012041218814e-05
9.1482943287792e-06
5.7630642977314e-06
3.6305030103047035e-06
2.2870735821948e-06
2.2870735821948e-06
3.6305030103047035e-06
2.2870735821948e-06
2.2870735821948e-06
5.7630642977314e-06
3.6305030103047035e-06
2.2870735821948e-06
2.2870735821948e-06
3.6305030103047035e-06
2.2870735821948e-06
2.2870735821948e-06
9.1482943287792e-06
5.7630642977314e-06
3.6305030103047035e-06
2.2870735821948e-06
2.2870735821948e-06
3.6305030103047035e-06
2.2870735821948e-06
2.2870735821948e-06
5.7630642977314e-06
3.6305030103047035e-06
2.2870735821948e-06
2.2870735821948e-06
3.6305030103047035e-06
2.2870735821948e-06
2.2870735821948e-06
2.30522571909256e-05
1.4522012041218814e-05
9.1482943287792e-06
5.7630642977314e-06
3.6305030103047035e-06
2.2870735821948e-06
2.2870735821948e-06
3.6305030103047035e-06
2.2870735821948e-06
2.2870735821948e-06
5.7630642977314e-06
3.6305030103047035e-06
2.2870735821948e-06
2.2870735821948e-06
3.6305030103047035e-06
2.2870735821948e-06
2.2870735821948e-06
9.1482943287792e-06
5.7630642977314e-06
3.6305030103047035e-06
2.2870735821948e-06
2.2870735821948e-06
3.6305030103047035e-06
2.2870735821948e-06
2.2870735821948e-06
5.7630642977314e-06
3.6305030103047035e-06
2.2870735821948e-06
2.2870735821948e-06
3.6305030103047035e-06
2.2870735821948e-06
2.2870735821948e-06
1.4522012041218814e-05
9.1482943287792e-06
5.7630642977314e-06
3.6305030103047035e-06
2.2870735821948e-06
2.2870735821948e-06
3.6305030103047035e-06
2.2870735821948e-06
2.2870735821948e-06
5.7630642977314e-06
3.6305030103047035e-06
2.2870735821948e-06
2.2870735821948e-06
3.6305030103047035e-06
2.2870735821948e-06
2.2870735821948e-06
9.1482943287792e-06
5.7630642977314e-06
3.6305030103047035e-06
2.2870735821948e-06
2.2870735821948e-06
3.6305030103047035e-06
2.2870735821948e-06
2.2870735821948e-06
5.7630642977314e-06
3.6305030103047035e-06
2.2870735821948e-06
2.2870735821948e-06
3.6305030103047035e-06
2.2870735821948e-06
2.2870735821948e-06
3.65931773151168e-05
2.30522571909256e-05
1.4522012041218814e-05
9.1482943287792e-06
5.7630642977314e-06
3.6305030103047035e-06
2.2870735821948e-06
2.2870735821948e-06
3.6305030103047035e-06
2.2870735821948e-06
2.2870735821948e-06
5.7630642977314e-06
3.6305030103047035e-06
2.2870735821948e-06
2.2870735821948e-06
3.6305030103047035e-06
2.2870735821948e-06
2.2870735821948e-06
9.1482943287792e-06
5.7630642977314e-06
3.6305030103047035e-06
2.2870735821948e-06
2.2870735821948e-06
3.6305030103047035e-06
2.2870735821948e-06
2.2870735821948e-06
5.7630642977314e-06
3.6305030103047035e-06
2.2870735821948e-06
2.2870735821948e-06
3.6305030103047035e-06
2.2870735821948e-06
2.2870735821948e-06
1.4522012041218814e-05
9.1482943287792e-06
5.7630642977314e-06
3.6305030103047035e-06
2.2870735821948e-06
2.2870735821948e-06
3.6305030103047035e-06
2.2870735821948e-06
2.2870735821948e-06
5.7630642977314e-06
3.6305030103047035e-06
2.2870735821948e-06
2.2870735821948e-06
3.6305030103047035e-06
2.2870735821948e-06
2.2870735821948e-06
9.1482943287792e-06
5.7630642977314e-06
3.6305030103047035e-06
2.2870735821948e-06
2.2870735821948e-06
3.6305030103047035e-06
2.2870735821948e-06
2.2870735821948e-06
5.7630642977314e-06
3.6305030103047035e-06
2.2870735821948e-06
2.2870735821948e-06
3.6305030103047035e-06
2.2870735821948e-06
2.2870735821948e-06
2.30522571909256e-05
1.4522012041218814e-05
9.1482943287792e-06
5.7630642977314e-06
3.6305030103047035e-06
2.2870735821948e-06
2.2870735821948e-06
3.6305030103047035e-06
2.2870735821948e-06
2.2870735821948e-06
5.7630642977314e-06
3.6305030103047035e-06
2.2870735821948e-06
2.2870735821948e-06
3.6305030103047035e-06
2.2870735821948e-06
2.2870735821948e-06
9.1482943287792e-06
5.7630642977314e-06
3.6305030103047035e-06
2.2870735821948e-06
2.2870735821948e-06
3.6305030103047035e-06
2.2870735821948e-06
2.2870735821948e-06
5.7630642977314e-06
3.6305030103047035e-06
2.2870735821948e-06
2.2870735821948e-06
3.6305030103047035e-06
2.2870735821948e-06
2.2870735821948e-06
1.4522012041218814e-05
9.1482943287792e-06
5.7630642977314e-06
3.6305030103047035e-06
2.2870735821948e-06
2.2870735821948e-06
3.6305030103047035e-06
2.2870735821948e-06
2.2870735821948e-06
5.7630642977314e-06
3.6305030103047035e-06
2.2870735821948e-06
2.2870735821948e-06
3.6305030103047035e-06
2.2870735821948e-06
2.2870735821948e-06
9.1482943287792e-06
5.7630642977314e-06
3.6305030103047035e-06
2.2870735821948e-06
2.2870735821948e-06
3.6305030103047035e-06
2.2870735821948e-06
2.2870735821948e-06
5.7630642977314e-06
3.6305030103047035e-06
2.2870735821948e-06
2.2870735821948e-06
3.6305030103047035e-06
2.2870735821948e-06
2.2870735821948e-06
5.8088048164875256e-05
3.65931773151168e-05
2.30522571909256e-05
1.4522012041218814e-05
9.1482943287792e-06
5.7630642977314e-06
3.6305030103047035e-06
2.2870735821948e-06
2.2870735821948e-06
3.6305030103047035e-06
2.2870735821948e-06
2.2870735821948e-06
5.7630642977314e-06
3.6305030103047035e-06
2.2870735821948e-06
2.2870735821948e-06
3.6305030103047035e-06
2.2870735821948e-06
2.2870735821948e-06
9.1482943287792e-06
5.7630642977314e-06
3.6305030103047035e-06
2.2870735821948e-06
2.2870735821948e-06
3.6305030103047035e-06
2.2870735821948e-06
2.2870735821948e-06
5.7630642977314e-06
3.6305030103047035e-06
2.2870735821948e-06
2.2870735821948e-06
3.6305030103047035e-06
2.2870735821948e-06
2.2870735821948e-06
1.4522012041218814e-05
9.1482943287792e-06
5.7630642977314e-06
3.6305030103047035e-06
2.2870735821948e-06
2.2870735821948e-06
3.6305030103047035e-06
2.2870735821948e-06
2.2870735821948e-06
5.7630642977314e-06
3.6305030103047035e-06
2.2870735821948e-06
2.2870735821948e-06
3.6305030103047035e-06
2.2870735821948e-06
2.2870735821948e-06
9.1482943287792e-06
5.7630642977314e-06
3.6305030103047035e-06
2.2870735821948e-06
2.2870735821948e-06
3.6305030103047035e-06
2.2870735821948e-06
2.2870735821948e-06
5.7630642977314e-06
3.6305030103047035e-06
2.2870735821948e-06
2.2870735821948e-06
3.6305030103047035e-06
2.2870735821948e-06
2.2870735821948e-06
2.30522571909256e-05
1.4522012041218814e-05
9.1482943287792e-06
5.7630642977314e-06
3.6305030103047035e-06
2.2870735821948e-06
2.2870735821948e-06
3.6305030103047035e-06
2.2870735821948e-06
2.2870735821948e-06
5.7630642977314e-06
3.6305030103047035e-06
2.2870735821948e-06
2.2870735821948e-06
3.6305030103047035e-06
2.2870735821948e-06
2.2870735821948e-06
9.1482943287792e-06
5.7630642977314e-06
3.6305030103047035e-06
2.2870735821948e-06
2.2870735821948e-06
3.6305030103047035e-06
2.2870735821948e-06
2.2870735821948e-06
5.7630642977314e-06
3.6305030103047035e-06
2.2870735821948e-06
2.2870735821948e-06
3.6305030103047035e-06
2.2870735821948e-06
2.2870735821948e-06
1.4522012041218814e-05
9.1482943287792e-06
5.7630642977314e-06
3.6305030103047035e-06
2.2870735821948e-06
2.2870735821948e-06
3.6305030103047035e-06
2.2870735821948e-06
2.2870735821948e-06
5.7630642977314e-06
3.6305030103047035e-06
2.2870735821948e-06
2.2870735821948e-06
3.6305030103047035e-06
2.2870735821948e-06
2.2870735821948e-06
9.1482943287792e-06
5.7630642977314e-06
3.6305030103047035e-06
2.2870735821948e-06
2.2870735821948e-06
3.6305030103047035e-06
2.2870735821948e-06
2.2870735821948e-06
5.7630642977314e-06
3.6305030103047035e-06
2.2870735821948e-06
2.2870735821948e-06
3.6305030103047035e-06
2.2870735821948e-06
2.2870735821948e-06
3.65931773151168e-05
2.30522571909256e-05
1.4522012041218814e-05
9.1482943287792e-06
5.7630642977314e-06
3.6305030103047035e-06
2.2870735821948e-06
2.2870735821948e-06
3.6305030103047035e-06
2.2870735821948e-06
2.2870735821948e-06
5.7630642977314e-06
3.6305030103047035e-06
2.2870735821948e-06
2.2870735821948e-06
3.6305030103047035e-06
2.2870735821948e-06
2.2870735821948e-06
9.1482943287792e-06
5.7630642977314e-06
3.6305030103047035e-06
2.2870735821948e-06
2.2870735821948e-06
3.6305030103047035e-06
2.2870735821948e-06
2.2870735821948e-06
5.7630642977314e-06
3.6305030103047035e-06
2.2870735821948e-06
2.2870735821948e-06
3.6305030103047035e-06
2.2870735821948e-06
2.2870735821948e-06
1.4522012041218814e-05
9.1482943287792e-06
5.7630642977314e-06
3.6305030103047035e-06
2.2870735821948e-06
2.2870735821948e-06
3.6305030103047035e-06
2.2870735821948e-06
2.2870735821948e-06
5.7630642977314e-06
3.6305030103047035e-06
2.2870735821948e-06
2.2870735821948e-06
3.6305030103047035e-06
2.2870735821948e-06
2.2870735821948e-06
9.1482943287792e-06
5.7630642977314e-06
3.6305030103047035e-06
2.2870735821948e-06
2.2870735821948e-06
3.6305030103047035e-06
2.2870735821948e-06
2.2870735821948e-06
5.7630642977314e-06
3.6305030103047035e-06
2.2870735821948e-06
2.2870735821948e-06
3.6305030103047035e-06
2.2870735821948e-06
2.2870735821948e-06
2.30522571909256e-05
1.4522012041218814e-05
9.1482943287792e-06
5.7630642977314e-06
3.6305030103047035e-06
2.2870735821948e-06
2.2870735821948e-06
3.6305030103047035e-06
2.2870735821948e-06
2.2870735821948e-06
5.7630642977314e-06
3.6305030103047035e-06
2.2870735821948e-06
2.2870735821948e-06
3.6305030103047035e-06
2.2870735821948e-06
2.2870735821948e-06
9.1482943287792e-06
5.7630642977314e-06
3.6305030103047035e-06
2.2870735821948e-06
2.2870735821948e-06
3.6305030103047035e-06
2.2870735821948e-06
2.2870735821948e-06
5.7630642977314e-06
3.6305030103047035e-06
2.2870735821948e-06
2.2870735821948e-06
3.6305030103047035e-06
2.2870735821948e-06
2.2870735821948e-06
1.4522012041218814e-05
9.1482943287792e-06
5.7630642977314e-06
3.6305030103047035e-06
2.2870735821948e-06
2.2870735821948e-06
3.6305030103047035e-06
2.2870735821948e-06
2.2870735821948e-06
5.7630642977314e-06
3.6305030103047035e-06
2.2870735821948e-06
2.2870735821948e-06
3.6305030103047035e-06
2.2870735821948e-06
2.2870735821948e-06
9.1482943287792e-06
5.7630642977314e-06
3.6305030103047035e-06
2.2870735821948e-06
2.2870735821948e-06
3.6305030103047035e-06
2.2870735821948e-06
2.2870735821948e-06
5.7630642977314e-06
3.6305030103047035e-06
2.2870735821948e-06
2.2870735821948e-06
3.6305030103047035e-06
2.2870735821948e-06
2.2870735821948e-06
9.220902876370244e-05
5.8088048164875256e-05
3.65931773151168e-05
2.30522571909256e-05
1.4522012041218814e-05
9.1482943287792e-06
5.7630642977314e-06
3.6305030103047035e-06
2.2870735821948e-06
2.2870735821948e-06
3.6305030103047035e-06
2.2870735821948e-06
2.2870735821948e-06
5.7630642977314e-06
3.6305030103047035e-06
2.2870735821948e-06
2.2870735821948e-06
3.6305030103047035e-06
2.2870735821948e-06
2.2870735821948e-06
9.1482943287792e-06
5.7630642977314e-06
3.6305030103047035e-06
2.2870735821948e-06
2.2870735821948e-06
3.6305030103047035e-06
2.2870735821948e-06
2.2870735821948e-06
5.7630642977314e-06
3.6305030103047035e-06
2.2870735821948e-06
2.2870735821948e-06
3.6305030103047035e-06
2.2870735821948e-06
2.2870735821948e-06
1.4522012041218814e-05
9.1482943287792e-06
5.7630642977314e-06
3.6305030103047035e-06
2.2870735821948e-06
2.2870735821948e-06
3.6305030103047035e-06
2.2870735821948e-06
2.2870735821948e-06
5.7630642977314e-06
3.6305030103047035e-06
2.2870735821948e-06
2.2870735821948e-06
3.6305030103047035e-06
2.2870735821948e-06
2.2870735821948e-06
9.1482943287792e-06
5.7630642977314e-06
3.6305030103047035e-06
2.2870735821948e-06
2.2870735821948e-06
3.6305030103047035e-06
2.2870735821948e-06
2.2870735821948e-06
5.7630642977314e-06
3.6305030103047035e-06
2.2870735821948e-06
2.2870735821948e-06
3.6305030103047035e-06
2.2870735821948e-06
2.2870735821948e-06
2.30522571909256e-05
1.4522012041218814e-05
9.1482943287792e-06
5.7630642977314e-06
3.6305030103047035e-06
2.2870735821948e-06
2.2870735821948e-06
3.6305030103047035e-06
2.2870735821948e-06
2.2870735821948e-06
5.7630642977314e-06
3.6305030103047035e-06
2.2870735821948e-06
2.2870735821948e-06
3.6305030103047035e-06
2.2870735821948e-06
2.2870735821948e-06
9.1482943287792e-06
5.7630642977314e-06
3.6305030103047035e-06
2.2870735821948e-06
2.2870735821948e-06
3.6305030103047035e-06
2.2870735821948e-06
2.2870735821948e-06
5.7630642977314e-06
3.6305030103047035e-06
2.2870735821948e-06
2.2870735821948e-06
3.6305030103047035e-06
2.2870735821948e-06
2.2870735821948e-06
1.4522012041218814e-05
9.1482943287792e-06
5.7630642977314e-06
3.6305030103047035e-06
2.2870735821948e-06
2.2870735821948e-06
3.6305030103047035e-06
2.2870735821948e-06
2.2870735821948e-06
5.7630642977314e-06
3.6305030103047035e-06
2.2870735821948e-06
2.2870735821948e-06
3.6305030103047035e-06
2.2870735821948e-06
2.2870735821948e-06
9.1482943287792e-06
5.7630642977314e-06
3.6305030103047035e-06
2.2870735821948e-06
2.2870735821948e-06
3.6305030103047035e-06
2.2870735821948e-06
2.2870735821948e-06
5.7630642977314e-06
3.6305030103047035e-06
2.2870735821948e-06
2.2870735821948e-06
3.6305030103047035e-06
2.2870735821948e-06
2.2870735821948e-06
3.65931773151168e-05
2.30522571909256e-05
1.4522012041218814e-05
9.1482943287792e-06
5.7630642977314e-06
3.6305030103047035e-06
2.2870735821948e-06
2.2870735821948e-06
3.6305030103047035e-06
2.2870735821948e-06
2.2870735821948e-06
5.7630642977314e-06
3.6305030103047035e-06
2.2870735821948e-06
2.2870735821948e-06
3.6305030103047035e-06
2.2870735821948e-06
2.2870735821948e-06
9.1482943287792e-06
5.7630642977314e-06
3.6305030103047035e-06
2.2870735821948e-06
2.2870735821948e-06
3.6305030103047035e-06
2.2870735821948e-06
2.2870735821948e-06
5.7630642977314e-06
3.6305030103047035e-06
2.2870735821948e-06
2.2870735821948e-06
3.6305030103047035e-06
2.2870735821948e-06
2.2870735821948e-06
1.4522012041218814e-05
9.1482943287792e-06
5.7630642977314e-06
3.6305030103047035e-06
2.2870735821948e-06
2.2870735821948e-06
3.6305030103047035e-06
2.2870735821948e-06
2.2870735821948e-06
5.7630642977314e-06
3.6305030103047035e-06
2.2870735821948e-06
2.2870735821948e-06
3.6305030103047035e-06
2.2870735821948e-06
2.2870735821948e-06
9.1482943287792e-06
5.7630642977314e-06
3.6305030103047035e-06
2.2870735821948e-06
2.2870735821948e-06
3.6305030103047035e-06
2.2870735821948e-06
2.2870735821948e-06
5.7630642977314e-06
3.6305030103047035e-06
2.2870735821948e-06
2.2870735821948e-06
3.6305030103047035e-06
2.2870735821948e-06
2.2870735821948e-06
2.30522571909256e-05
1.4522012041218814e-05
9.1482943287792e-06
5.7630642977314e-06
3.6305030103047035e-06
2.2870735821948e-06
2.2870735821948e-06
3.6305030103047035e-06
2.2870735821948e-06
2.2870735821948e-06
5.7630642977314e-06
3.6305030103047035e-06
2.2870735821948e-06
2.2870735821948e-06
3.6305030103047035e-06
2.2870735821948e-06
2.2870735821948e-06
9.1482943287792e-06
5.7630642977314e-06
3.6305030103047035e-06
2.2870735821948e-06
2.2870735821948e-06
3.6305030103047035e-06
2.2870735821948e-06
2.2870735821948e-06
5.7630642977314e-06
3.6305030103047035e-06
2.2870735821948e-06
2.2870735821948e-06
3.6305030103047035e-06
2.2870735821948e-06
2.2870735821948e-06
1.4522012041218814e-05
9.1482943287792e-06
5.7630642977314e-06
3.6305030103047035e-06
2.2870735821948e-06
2.2870735821948e-06
3.6305030103047035e-06
2.2870735821948e-06
2.2870735821948e-06
5.7630642977314e-06
3.6305030103047035e-06
2.2870735821948e-06
2.2870735821948e-06
3.6305030103047035e-06
2.2870735821948e-06
2.2870735821948e-06
9.1482943287792e-06
5.7630642977314e-06
3.6305030103047035e-06
2.2870735821948e-06
2.2870735821948e-06
3.6305030103047035e-06
2.2870735821948e-06
2.2870735821948e-06
5.7630642977314e-06
3.6305030103047035e-06
2.2870735821948e-06
2.2870735821948e-06
3.6305030103047035e-06
2.2870735821948e-06
2.2870735821948e-06
5.8088048164875256e-05
3.65931773151168e-05
2.30522571909256e-05
1.4522012041218814e-05
9.1482943287792e-06
5.7630642977314e-06
3.6305030103047035e-06
2.2870735821948e-06
2.2870735821948e-06
3.6305030103047035e-06
2.2870735821948e-06
2.2870735821948e-06
5.7630642977314e-06
3.6305030103047035e-06
2.2870735821948e-06
2.2870735821948e-06
3.6305030103047035e-06
2.2870735821948e-06
2.2870735821948e-06
9.1482943287792e-06
5.7630642977314e-06
3.6305030103047035e-06
2.2870735821948e-06
2.2870735821948e-06
3.6305030103047035e-06
2.2870735821948e-06
2.2870735821948e-06
5.7630642977314e-06
3.6305030103047035e-06
2.2870735821948e-06
2.2870735821948e-06
3.6305030103047035e-06
2.2870735821948e-06
2.2870735821948e-06
1.4522012041218814e-05
9.1482943287792e-06
5.7630642977314e-06
3.6305030103047035e-06
2.2870735821948e-06
2.2870735821948e-06
3.6305030103047035e-06
2.2870735821948e-06
2.2870735821948e-06
5.7630642977314e-06
3.6305030103047035e-06
2.2870735821948e-06
2.2870735821948e-06
3.6305030103047035e-06
2.2870735821948e-06
2.2870735821948e-06
9.1482943287792e-06
5.7630642977314e-06
3.6305030103047035e-06
2.2870735821948e-06
2.2870735821948e-06
3.6305030103047035e-06
2.2870735821948e-06
2.2870735821948e-06
5.7630642977314e-06
3.6305030103047035e-06
2.2870735821948e-06
2.2870735821948e-06
3.6305030103047035e-06
2.2870735821948e-06
2.2870735821948e-06
2.30522571909256e-05
1.4522012041218814e-05
9.1482943287792e-06
5.7630642977314e-06
3.6305030103047035e-06
2.2870735821948e-06
2.2870735821948e-06
3.6305030103047035e-06
2.2870735821948e-06
2.2870735821948e-06
5.7630642977314e-06
3.6305030103047035e-06
2.2870735821948e-06
2.2870735821948e-06
3.6305030103047035e-06
2.2870735821948e-06
2.2870735821948e-06
9.1482943287792e-06
5.7630642977314e-06
3.6305030103047035e-06
2.2870735821948e-06
2.2870735821948e-06
3.6305030103047035e-06
2.2870735821948e-06
2.2870735821948e-06
5.7630642977314e-06
3.6305030103047035e-06
2.2870735821948e-06
2.2870735821948e-06
3.6305030103047035e-06
2.2870735821948e-06
2.2870735821948e-06
1.4522012041218814e-05
9.1482943287792e-06
5.7630642977314e-06
3.6305030103047035e-06
2.2870735821948e-06
2.2870735821948e-06
3.6305030103047035e-06
2.2870735821948e-06
2.2870735821948e-06
5.7630642977314e-06
3.6305030103047035e-06
2.2870735821948e-06
2.2870735821948e-06
3.6305030103047035e-06
2.2870735821948e-06
2.2870735821948e-06
9.1482943287792e-06
5.7630642977314e-06
3.6305030103047035e-06
2.2870735821948e-06
2.2870735821948e-06
3.6305030103047035e-06
2.2870735821948e-06
2.2870735821948e-06
5.7630642977314e-06
3.6305030103047035e-06
2.2870735821948e-06
2.2870735821948e-06
3.6305030103047035e-06
2.2870735821948e-06
2.2870735821948e-06
3.65931773151168e-05
2.30522571909256e-05
1.4522012041218814e-05
9.1482943287792e-06
5.7630642977314e-06
3.6305030103047035e-06
2.2870735821948e-06
2.2870735821948e-06
3.6305030103047035e-06
2.2870735821948e-06
2.2870735821948e-06
5.7630642977314e-06
3.6305030103047035e-06
2.2870735821948e-06
2.2870735821948e-06
3.6305030103047035e-06
2.2870735821948e-06
2.2870735821948e-06
9.1482943287792e-06
5.7630642977314e-06
3.6305030103047035e-06
2.2870735821948e-06
2.2870735821948e-06
3.6305030103047035e-06
2.2870735821948e-06
2.2870735821948e-06
5.7630642977314e-06
3.6305030103047035e-06
2.2870735821948e-06
2.2870735821948e-06
3.6305030103047035e-06
2.2870735821948e-06
2.2870735821948e-06
1.4522012041218814e-05
9.1482943287792e-06
5.7630642977314e-06
3.6305030103047035e-06
2.2870735821948e-06
2.2870735821948e-06
3.6305030103047035e-06
2.2870735821948e-06
2.2870735821948e-06
5.7630642977314e-06
3.6305030103047035e-06
2.2870735821948e-06
2.2870735821948e-06
3.6305030103047035e-06
2.2870735821948e-06
2.2870735821948e-06
9.1482943287792e-06
5.7630642977314e-06
3.6305030103047035e-06
2.2870735821948e-06
2.2870735821948e-06
3.6305030103047035e-06
2.2870735821948e-06
2.2870735821948e-06
5.7630642977314e-06
3.6305030103047035e-06
2.2870735821948e-06
2.2870735821948e-06
3.6305030103047035e-06
2.2870735821948e-06
2.2870735821948e-06
2.30522571909256e-05
1.4522012041218814e-05
9.1482943287792e-06
5.7630642977314e-06
3.6305030103047035e-06
2.2870735821948e-06
2.2870735821948e-06
3.6305030103047035e-06
2.2870735821948e-06
2.2870735821948e-06
5.7630642977314e-06
3.6305030103047035e-06
2.2870735821948e-06
2.2870735821948e-06
3.6305030103047035e-06
2.2870735821948e-06
2.2870735821948e-06
9.1482943287792e-06
5.7630642977314e-06
3.6305030103047035e-06
2.2870735821948e-06
2.2870735821948e-06
3.6305030103047035e-06
2.2870735821948e-06
2.2870735821948e-06
5.7630642977314e-06
3.6305030103047035e-06
2.2870735821948e-06
2.2870735821948e-06
3.6305030103047035e-06
2.2870735821948e-06
2.2870735821948e-06
1.4522012041218814e-05
9.1482943287792e-06
5.7630642977314e-06
3.6305030103047035e-06
2.2870735821948e-06
2.2870735821948e-06
3.6305030103047035e-06
2.2870735821948e-06
2.2870735821948e-06
5.7630642977314e-06
3.6305030103047035e-06
2.2870735821948e-06
2.2870735821948e-06
3.6305030103047035e-06
2.2870735821948e-06
2.2870735821948e-06
9.1482943287792e-06
5.7630642977314e-06
3.6305030103047035e-06
2.2870735821948e-06
2.2870735821948e-06
3.6305030103047035e-06
2.2870735821948e-06
2.2870735821948e-06
5.7630642977314e-06
3.6305030103047035e-06
2.2870735821948e-06
2.2870735821948e-06
3.6305030103047035e-06
2.2870735821948e-06
2.2870735821948e-06
0.00014637270926046723
9.220902876370244e-05
5.8088048164875256e-05
3.65931773151168e-05
2.30522571909256e-05
1.4522012041218814e-05
9.1482943287792e-06
5.7630642977314e-06
3.6305030103047035e-06
2.2870735821948e-06
2.2870735821948e-06
3.6305030103047035e-06
2.2870735821948e-06
2.2870735821948e-06
5.7630642977314e-06
3.6305030103047035e-06
2.2870735821948e-06
2.2870735821948e-06
3.6305030103047035e-06
2.2870735821948e-06
2.2870735821948e-06
9.1482943287792e-06
5.7630642977314e-06
3.6305030103047035e-06
2.2870735821948e-06
2.2870735821948e-06
3.6305030103047035e-06
2.2870735821948e-06
2.2870735821948e-06
5.7630642977314e-06
3.6305030103047035e-06
2.2870735821948e-06
2.2870735821948e-06
3.6305030103047035e-06
2.2870735821948e-06
2.2870735821948e-06
1.4522012041218814e-05
9.1482943287792e-06
5.7630642977314e-06
3.6305030103047035e-06
2.2870735821948e-06
2.2870735821948e-06
3.6305030103047035e-06
2.2870735821948e-06
2.2870735821948e-06
5.7630642977314e-06
3.6305030103047035e-06
2.2870735821948e-06
2.2870735821948e-06
3.6305030103047035e-06
2.2870735821948e-06
2.2870735821948e-06
9.1482943287792e-06
5.7630642977314e-06
3.6305030103047035e-06
2.2870735821948e-06
2.2870735821948e-06
3.6305030103047035e-06
2.2870735821948e-06
2.2870735821948e-06
5.7630642977314e-06
3.6305030103047035e-06
2.2870735821948e-06
2.2870735821948e-06
3.6305030103047035e-06
2.2870735821948e-06
2.2870735821948e-06
2.30522571909256e-05
1.4522012041218814e-05
9.1482943287792e-06
5.7630642977314e-06
3.6305030103047035e-06
2.2870735821948e-06
2.2870735821948e-06
3.6305030103047035e-06
2.2870735821948e-06
2.2870735821948e-06
5.7630642977314e-06
3.6305030103047035e-06
2.2870735821948e-06
2.2870735821948e-06
3.6305030103047035e-06
2.2870735821948e-06
2.2870735821948e-06
9.1482943287792e-06
5.7630642977314e-06
3.6305030103047035e-06
2.2870735821948e-06
2.2870735821948e-06
3.6305030103047035e-06
2.2870735821948e-06
2.2870735821948e-06
5.7630642977314e-06
3.6305030103047035e-06
2.2870735821948e-06
2.2870735821948e-06
3.6305030103047035e-06
2.2870735821948e-06
2.2870735821948e-06
1.4522012041218814e-05
9.1482943287792e-06
5.7630642977314e-06
3.6305030103047035e-06
2.2870735821948e-06
2.2870735821948e-06
3.6305030103047035e-06
2.2870735821948e-06
2.2870735821948e-06
5.7630642977314e-06
3.6305030103047035e-06
2.2870735821948e-06
2.2870735821948e-06
3.6305030103047035e-06
2.2870735821948e-06
2.2870735821948e-06
9.1482943287792e-06
5.7630642977314e-06
3.6305030103047035e-06
2.2870735821948e-06
2.2870735821948e-06
3.6305030103047035e-06
2.2870735821948e-06
2.2870735821948e-06
5.7630642977314e-06
3.6305030103047035e-06
2.2870735821948e-06
2.2870735821948e-06
3.6305030103047035e-06
2.2870735821948e-06
2.2870735821948e-06
3.65931773151168e-05
2.30522571909256e-05
1.4522012041218814e-05
9.1482943287792e-06
5.7630642977314e-06
3.6305030103047035e-06
2.2870735821948e-06
2.2870735821948e-06
3.6305030103047035e-06
2.2870735821948e-06
2.2870735821948e-06
5.7630642977314e-06
3.6305030103047035e-06
2.2870735821948e-06
2.2870735821948e-06
3.6305030103047035e-06
2.2870735821948e-06
2.2870735821948e-06
9.1482943287792e-06
5.7630642977314e-06
3.6305030103047035e-06
2.2870735821948e-06
2.2870735821948e-06
3.6305030103047035e-06
2.2870735821948e-06
2.2870735821948e-06
5.7630642977314e-06
3.6305030103047035e-06
2.2870735821948e-06
2.2870735821948e-06
3.6305030103047035e-06
2.2870735821948e-06
2.2870735821948e-06
1.4522012041218814e-05
9.1482943287792e-06
5.7630642977314e-06
3.6305030103047035e-06
2.2870735821948e-06
2.2870735821948e-06
3.6305030103047035e-06
2.2870735821948e-06
2.2870735821948e-06
5.7630642977314e-06
3.6305030103047035e-06
2.2870735821948e-06
2.2870735821948e-06
3.6305030103047035e-06
2.2870735821948e-06
2.2870735821948e-06
9.1482943287792e-06
5.7630642977314e-06
3.6305030103047035e-06
2.2870735821948e-06
2.2870735821948e-06
3.6305030103047035e-06
2.2870735821948e-06
2.2870735821948e-06
5.7630642977314e-06
3.6305030103047035e-06
2.2870735821948e-06
2.2870735821948e-06
3.6305030103047035e-06
2.2870735821948e-06
2.2870735821948e-06
2.30522571909256e-05
1.4522012041218814e-05
9.1482943287792e-06
5.7630642977314e-06
3.6305030103047035e-06
2.2870735821948e-06
2.2870735821948e-06
3.6305030103047035e-06
2.2870735821948e-06
2.2870735821948e-06
5.7630642977314e-06
3.6305030103047035e-06
2.2870735821948e-06
2.2870735821948e-06
3.6305030103047035e-06
2.2870735821948e-06
2.2870735821948e-06
9.1482943287792e-06
5.7630642977314e-06
3.6305030103047035e-06
2.2870735821948e-06
2.2870735821948e-06
3.6305030103047035e-06
2.2870735821948e-06
2.2870735821948e-06
5.7630642977314e-06
3.6305030103047035e-06
2.2870735821948e-06
2.2870735821948e-06
3.6305030103047035e-06
2.2870735821948e-06
2.2870735821948e-06
1.4522012041218814e-05
9.1482943287792e-06
5.7630642977314e-06
3.6305030103047035e-06
2.2870735821948e-06
2.2870735821948e-06
3.6305030103047035e-06
2.2870735821948e-06
2.2870735821948e-06
5.7630642977314e-06
3.6305030103047035e-06
2.2870735821948e-06
2.2870735821948e-06
3.6305030103047035e-06
2.2870735821948e-06
2.2870735821948e-06
9.1482943287792e-06
5.7630642977314e-06
3.6305030103047035e-06
2.2870735821948e-06
2.2870735821948e-06
3.6305030103047035e-06
2.2870735821948e-06
2.2870735821948e-06
5.7630642977314e-06
3.6305030103047035e-06
2.2870735821948e-06
2.2870735821948e-06
3.6305030103047035e-06
2.2870735821948e-06
2.2870735821948e-06
5.8088048164875256e-05
3.65931773151168e-05
2.30522571909256e-05
1.4522012041218814e-05
9.1482943287792e-06
5.7630642977314e-06
3.6305030103047035e-06
2.2870735821948e-06
2.2870735821948e-06
3.6305030103047035e-06
2.2870735821948e-06
2.2870735821948e-06
5.7630642977314e-06
3.6305030103047035e-06
2.2870735821948e-06
2.2870735821948e-06
3.6305030103047035e-06
2.2870735821948e-06
2.2870735821948e-06
9.1482943287792e-06
5.7630642977314e-06
3.6305030103047035e-06
2.2870735821948e-06
2.2870735821948e-06
3.6305030103047035e-06
2.2870735821948e-06
2.2870735821948e-06
5.7630642977314e-06
3.6305030103047035e-06
2.2870735821948e-06
2.2870735821948e-06
3.6305030103047035e-06
2.2870735821948e-06
2.2870735821948e-06
1.4522012041218814e-05
9.1482943287792e-06
5.7630642977314e-06
3.6305030103047035e-06
2.2870735821948e-06
2.2870735821948e-06
3.6305030103047035e-06
2.2870735821948e-06
2.2870735821948e-06
5.7630642977314e-06
3.6305030103047035e-06
2.2870735821948e-06
2.2870735821948e-06
3.6305030103047035e-06
2.2870735821948e-06
2.2870735821948e-06
9.1482943287792e-06
5.7630642977314e-06
3.6305030103047035e-06
2.2870735821948e-06
2.2870735821948e-06
3.6305030103047035e-06
2.2870735821948e-06
2.2870735821948e-06
5.7630642977314e-06
3.6305030103047035e-06
2.2870735821948e-06
2.2870735821948e-06
3.6305030103047035e-06
2.2870735821948e-06
2.2870735821948e-06
2.30522571909256e-05
1.4522012041218814e-05
9.1482943287792e-06
5.7630642977314e-06
3.6305030103047035e-06
2.2870735821948e-06
2.2870735821948e-06
3.6305030103047035e-06
2.2870735821948e-06
2.2870735821948e-06
5.7630642977314e-06
3.6305030103047035e-06
2.2870735821948e-06
2.2870735821948e-06
3.6305030103047035e-06
2.2870735821948e-06
2.2870735821948e-06
9.1482943287792e-06
5.7630642977314e-06
3.6305030103047035e-06
2.2870735821948e-06
2.2870735821948e-06
3.6305030103047035e-06
2.2870735821948e-06
2.2870735821948e-06
5.7630642977314e-06
3.6305030103047035e-06
2.2870735821948e-06
2.2870735821948e-06
3.6305030103047035e-06
2.2870735821948e-06
2.2870735821948e-06
1.4522012041218814e-05
9.1482943287792e-06
5.7630642977314e-06
3.6305030103047035e-06
2.2870735821948e-06
2.2870735821948e-06
3.6305030103047035e-06
2.2870735821948e-06
2.2870735821948e-06
5.7630642977314e-06
3.6305030103047035e-06
2.2870735821948e-06
2.2870735821948e-06
3.6305030103047035e-06
2.2870735821948e-06
2.2870735821948e-06
9.1482943287792e-06
5.7630642977314e-06
3.6305030103047035e-06
2.2870735821948e-06
2.2870735821948e-06
3.6305030103047035e-06
2.2870735821948e-06
2.2870735821948e-06
5.7630642977314e-06
3.6305030103047035e-06
2.2870735821948e-06
2.2870735821948e-06
3.6305030103047035e-06
2.2870735821948e-06
2.2870735821948e-06
3.65931773151168e-05
2.30522571909256e-05
1.4522012041218814e-05
9.1482943287792e-06
5.7630642977314e-06
3.6305030103047035e-06
2.2870735821948e-06
2.2870735821948e-06
3.6305030103047035e-06
2.2870735821948e-06
2.2870735821948e-06
5.7630642977314e-06
3.6305030103047035e-06
2.2870735821948e-06
2.2870735821948e-06
3.6305030103047035e-06
2.2870735821948e-06
2.2870735821948e-06
9.1482943287792e-06
5.7630642977314e-06
3.6305030103047035e-06
2.2870735821948e-06
2.2870735821948e-06
3.6305030103047035e-06
2.2870735821948e-06
2.2870735821948e-06
5.7630642977314e-06
3.6305030103047035e-06
2.2870735821948e-06
2.2870735821948e-06
3.6305030103047035e-06
2.2870735821948e-06
2.2870735821948e-06
1.4522012041218814e-05
9.1482943287792e-06
5.7630642977314e-06
3.6305030103047035e-06
2.2870735821948e-06
2.2870735821948e-06
3.6305030103047035e-06
2.2870735821948e-06
2.2870735821948e-06
5.7630642977314e-06
3.6305030103047035e-06
2.2870735821948e-06
2.2870735821948e-06
3.6305030103047035e-06
2.2870735821948e-06
2.2870735821948e-06
9.1482943287792e-06
5.7630642977314e-06
3.6305030103047035e-06
2.2870735821948e-06
2.2870735821948e-06
3.6305030103047035e-06
2.2870735821948e-06
2.2870735821948e-06
5.7630642977314e-06
3.6305030103047035e-06
2.2870735821948e-06
2.2870735821948e-06
3.6305030103047035e-06
2.2870735821948e-06
2.2870735821948e-06
2.30522571909256e-05
1.4522012041218814e-05
9.1482943287792e-06
5.7630642977314e-06
3.6305030103047035e-06
2.2870735821948e-06
2.2870735821948e-06
3.6305030103047035e-06
2.2870735821948e-06
2.2870735821948e-06
5.7630642977314e-06
3.6305030103047035e-06
2.2870735821948e-06
2.2870735821948e-06
3.6305030103047035e-06
2.2870735821948e-06
2.2870735821948e-06
9.1482943287792e-06
5.7630642977314e-06
3.6305030103047035e-06
2.2870735821948e-06
2.2870735821948e-06
3.6305030103047035e-06
2.2870735821948e-06
2.2870735821948e-06
5.7630642977314e-06
3.6305030103047035e-06
2.2870735821948e-06
2.2870735821948e-06
3.6305030103047035e-06
2.2870735821948e-06
2.2870735821948e-06
1.4522012041218814e-05
9.1482943287792e-06
5.7630642977314e-06
3.6305030103047035e-06
2.2870735821948e-06
2.2870735821948e-06
3.6305030103047035e-06
2.2870735821948e-06
2.2870735821948e-06
5.7630642977314e-06
3.6305030103047035e-06
2.2870735821948e-06
2.2870735821948e-06
3.6305030103047035e-06
2.2870735821948e-06
2.2870735821948e-06
9.1482943287792e-06
5.7630642977314e-06
3.6305030103047035e-06
2.2870735821948e-06
2.2870735821948e-06
3.6305030103047035e-06
2.2870735821948e-06
2.2870735821948e-06
5.7630642977314e-06
3.6305030103047035e-06
2.2870735821948e-06
2.2870735821948e-06
3.6305030103047035e-06
2.2870735821948e-06
2.2870735821948e-06
9.220902876370244e-05
5.8088048164875256e-05
3.65931773151168e-05
2.30522571909256e-05
1.4522012041218814e-05
9.1482943287792e-06
5.7630642977314e-06
3.6305030103047035e-06
2.2870735821948e-06
2.2870735821948e-06
3.6305030103047035e-06
2.2870735821948e-06
2.2870735821948e-06
5.7630642977314e-06
3.6305030103047035e-06
2.2870735821948e-06
2.2870735821948e-06
3.6305030103047035e-06
2.2870735821948e-06
2.2870735821948e-06
9.1482943287792e-06
5.7630642977314e-06
3.6305030103047035e-06
2.2870735821948e-06
2.2870735821948e-06
3.6305030103047035e-06
2.2870735821948e-06
2.2870735821948e-06
5.7630642977314e-06
3.6305030103047035e-06
2.2870735821948e-06
2.2870735821948e-06
3.6305030103047035e-06
2.2870735821948e-06
2.2870735821948e-06
1.4522012041218814e-05
9.1482943287792e-06
5.7630642977314e-06
3.6305030103047035e-06
2.2870735821948e-06
2.2870735821948e-06
3.6305030103047035e-06
2.2870735821948e-06
2.2870735821948e-06
5.7630642977314e-06
3.6305030103047035e-06
2.2870735821948e-06
2.2870735821948e-06
3.6305030103047035e-06
2.2870735821948e-06
2.2870735821948e-06
9.1482943287792e-06
5.7630642977314e-06
3.6305030103047035e-06
2.2870735821948e-06
2.2870735821948e-06
3.6305030103047035e-06
2.2870735821948e-06
2.2870735821948e-06
5.7630642977314e-06
3.6305030103047035e-06
2.2870735821948e-06
2.2870735821948e-06
3.6305030103047035e-06
2.2870735821948e-06
2.2870735821948e-06
2.30522571909256e-05
1.4522012041218814e-05
9.1482943287792e-06
5.7630642977314e-06
3.6305030103047035e-06
2.2870735821948e-06
2.2870735821948e-06
3.6305030103047035e-06
2.2870735821948e-06
2.2870735821948e-06
5.7630642977314e-06
3.6305030103047035e-06
2.2870735821948e-06
2.2870735821948e-06
3.6305030103047035e-06
2.2870735821948e-06
2.2870735821948e-06
9.1482943287792e-06
5.7630642977314e-06
3.6305030103047035e-06
2.2870735821948e-06
2.2870735821948e-06
3.6305030103047035e-06
2.2870735821948e-06
2.2870735821948e-06
5.7630642977314e-06
3.6305030103047035e-06
2.2870735821948e-06
2.2870735821948e-06
3.6305030103047035e-06
2.2870735821948e-06
2.2870735821948e-06
1.4522012041218814e-05
9.1482943287792e-06
5.7630642977314e-06
3.6305030103047035e-06
2.2870735821948e-06
2.2870735821948e-06
3.6305030103047035e-06
2.2870735821948e-06
2.2870735821948e-06
5.7630642977314e-06
3.6305030103047035e-06
2.2870735821948e-06
2.2870735821948e-06
3.6305030103047035e-06
2.2870735821948e-06
2.2870735821948e-06
9.1482943287792e-06
5.7630642977314e-06
3.6305030103047035e-06
2.2870735821948e-06
2.2870735821948e-06
3.6305030103047035e-06
2.2870735821948e-06
2.2870735821948e-06
5.7630642977314e-06
3.6305030103047035e-06
2.2870735821948e-06
2.2870735821948e-06
3.6305030103047035e-06
2.2870735821948e-06
2.2870735821948e-06
3.65931773151168e-05
2.30522571909256e-05
1.4522012041218814e-05
9.1482943287792e-06
5.7630642977314e-06
3.6305030103047035e-06
2.2870735821948e-06
2.2870735821948e-06
3.6305030103047035e-06
2.2870735821948e-06
2.2870735821948e-06
5.7630642977314e-06
3.6305030103047035e-06
2.2870735821948e-06
2.2870735821948e-06
3.6305030103047035e-06
2.2870735821948e-06
2.2870735821948e-06
9.1482943287792e-06
5.7630642977314e-06
3.6305030103047035e-06
2.2870735821948e-06
2.2870735821948e-06
3.6305030103047035e-06
2.2870735821948e-06
2.2870735821948e-06
5.7630642977314e-06
3.6305030103047035e-06
2.2870735821948e-06
2.2870735821948e-06
3.6305030103047035e-06
2.2870735821948e-06
2.2870735821948e-06
1.4522012041218814e-05
9.1482943287792e-06
5.7630642977314e-06
3.6305030103047035e-06
2.2870735821948e-06
2.2870735821948e-06
3.6305030103047035e-06
2.2870735821948e-06
2.2870735821948e-06
5.7630642977314e-06
3.6305030103047035e-06
2.2870735821948e-06
2.2870735821948e-06
3.6305030103047035e-06
2.2870735821948e-06
2.2870735821948e-06
9.1482943287792e-06
5.7630642977314e-06
3.6305030103047035e-06
2.2870735821948e-06
2.2870735821948e-06
3.6305030103047035e-06
2.2870735821948e-06
2.2870735821948e-06
5.7630642977314e-06
3.6305030103047035e-06
2.2870735821948e-06
2.2870735821948e-06
3.6305030103047035e-06
2.2870735821948e-06
2.2870735821948e-06
2.30522571909256e-05
1.4522012041218814e-05
9.1482943287792e-06
5.7630642977314e-06
3.6305030103047035e-06
2.2870735821948e-06
2.2870735821948e-06
3.6305030103047035e-06
2.2870735821948e-06
2.2870735821948e-06
5.7630642977314e-06
3.6305030103047035e-06
2.2870735821948e-06
2.2870735821948e-06
3.6305030103047035e-06
2.2870735821948e-06
2.2870735821948e-06
9.1482943287792e-06
5.7630642977314e-06
3.6305030103047035e-06
2.2870735821948e-06
2.2870735821948e-06
3.6305030103047035e-06
2.2870735821948e-06
2.2870735821948e-06
5.7630642977314e-06
3.6305030103047035e-06
2.2870735821948e-06
2.2870735821948e-06
3.6305030103047035e-06
2.2870735821948e-06
2.2870735821948e-06
1.4522012041218814e-05
9.1482943287792e-06
5.7630642977314e-06
3.6305030103047035e-06
2.2870735821948e-06
2.2870735821948e-06
3.6305030103047035e-06
2.2870735821948e-06
2.2870735821948e-06
5.7630642977314e-06
3.6305030103047035e-06
2.2870735821948e-06
2.2870735821948e-06
3.6305030103047035e-06
2.2870735821948e-06
2.2870735821948e-06
9.1482943287792e-06
5.7630642977314e-06
3.6305030103047035e-06
2.2870735821948e-06
2.2870735821948e-06
3.6305030103047035e-06
2.2870735821948e-06
2.2870735821948e-06
5.7630642977314e-06
3.6305030103047035e-06
2.2870735821948e-06
2.2870735821948e-06
3.6305030103047035e-06
2.2870735821948e-06
2.2870735821948e-06
5.8088048164875256e-05
3.65931773151168e-05
2.30522571909256e-05
1.4522012041218814e-05
9.1482943287792e-06
5.7630642977314e-06
3.6305030103047035e-06
2.2870735821948e-06
2.2870735821948e-06
3.6305030103047035e-06
2.2870735821948e-06
2.2870735821948e-06
5.7630642977314e-06
3.6305030103047035e-06
2.2870735821948e-06
2.2870735821948e-06
3.6305030103047035e-06
2.2870735821948e-06
2.2870735821948e-06
9.1482943287792e-06
5.7630642977314e-06
3.6305030103047035e-06
2.2870735821948e-06
2.2870735821948e-06
3.6305030103047035e-06
2.2870735821948e-06
2.2870735821948e-06
5.7630642977314e-06
3.6305030103047035e-06
2.2870735821948e-06
2.2870735821948e-06
3.6305030103047035e-06
2.2870735821948e-06
2.2870735821948e-06
1.4522012041218814e-05
9.1482943287792e-06
5.7630642977314e-06
3.6305030103047035e-06
2.2870735821948e-06
2.2870735821948e-06
3.6305030103047035e-06
2.2870735821948e-06
2.2870735821948e-06
5.7630642977314e-06
3.6305030103047035e-06
2.2870735821948e-06
2.2870735821948e-06
3.6305030103047035e-06
2.2870735821948e-06
2.2870735821948e-06
9.1482943287792e-06
5.7630642977314e-06
3.6305030103047035e-06
2.2870735821948e-06
2.2870735821948e-06
3.6305030103047035e-06
2.2870735821948e-06
2.2870735821948e-06
5.7630642977314e-06
3.6305030103047035e-06
2.2870735821948e-06
2.2870735821948e-06
3.6305030103047035e-06
2.2870735821948e-06
2.2870735821948e-06
2.30522571909256e-05
1.4522012041218814e-05
9.1482943287792e-06
5.7630642977314e-06
3.6305030103047035e-06
2.2870735821948e-06
2.2870735821948e-06
3.6305030103047035e-06
2.2870735821948e-06
2.2870735821948e-06
5.7630642977314e-06
3.6305030103047035e-06
2.2870735821948e-06
2.2870735821948e-06
3.6305030103047035e-06
2.2870735821948e-06
2.2870735821948e-06
9.1482943287792e-06
5.7630642977314e-06
3.6305030103047035e-06
2.2870735821948e-06
2.2870735821948e-06
3.6305030103047035e-06
2.2870735821948e-06
2.2870735821948e-06
5.7630642977314e-06
3.6305030103047035e-06
2.2870735821948e-06
2.2870735821948e-06
3.6305030103047035e-06
2.2870735821948e-06
2.2870735821948e-06
1.4522012041218814e-05
9.1482943287792e-06
5.7630642977314e-06
3.6305030103047035e-06
2.2870735821948e-06
2.2870735821948e-06
3.6305030103047035e-06
2.2870735821948e-06
2.2870735821948e-06
5.7630642977314e-06
3.6305030103047035e-06
2.2870735821948e-06
2.2870735821948e-06
3.6305030103047035e-06
2.2870735821948e-06
2.2870735821948e-06
9.1482943287792e-06
5.7630642977314e-06
3.6305030103047035e-06
2.2870735821948e-06
2.2870735821948e-06
3.6305030103047035e-06
2.2870735821948e-06
2.2870735821948e-06
5.7630642977314e-06
3.6305030103047035e-06
2.2870735821948e-06
2.2870735821948e-06
3.6305030103047035e-06
2.2870735821948e-06
2.2870735821948e-06
3.65931773151168e-05
2.30522571909256e-05
1.4522012041218814e-05
9.1482943287792e-06
5.7630642977314e-06
3.6305030103047035e-06
2.2870735821948e-06
2.2870735821948e-06
3.6305030103047035e-06
2.2870735821948e-06
2.2870735821948e-06
5.7630642977314e-06
3.6305030103047035e-06
2.2870735821948e-06
2.2870735821948e-06
3.6305030103047035e-06
2.2870735821948e-06
2.2870735821948e-06
9.1482943287792e-06
5.7630642977314e-06
3.6305030103047035e-06
2.2870735821948e-06
2.2870735821948e-06
3.6305030103047035e-06
2.2870735821948e-06
2.2870735821948e-06
5.7630642977314e-06
3.6305030103047035e-06
2.2870735821948e-06
2.2870735821948e-06
3.6305030103047035e-06
2.2870735821948e-06
2.2870735821948e-06
1.4522012041218814e-05
9.1482943287792e-06
5.7630642977314e-06
3.6305030103047035e-06
2.2870735821948e-06
2.2870735821948e-06
3.6305030103047035e-06
2.2870735821948e-06
2.2870735821948e-06
5.7630642977314e-06
3.6305030103047035e-06
2.2870735821948e-06
2.2870735821948e-06
3.6305030103047035e-06
2.2870735821948e-06
2.2870735821948e-06
9.1482943287792e-06
5.7630642977314e-06
3.6305030103047035e-06
2.2870735821948e-06
2.2870735821948e-06
3.6305030103047035e-06
2.2870735821948e-06
2.2870735821948e-06
5.7630642977314e-06
3.6305030103047035e-06
2.2870735821948e-06
2.2870735821948e-06
3.6305030103047035e-06
2.2870735821948e-06
2.2870735821948e-06
2.30522571909256e-05
1.4522012041218814e-05
9.1482943287792e-06
5.7630642977314e-06
3.6305030103047035e-06
2.2870735821948e-06
2.2870735821948e-06
3.6305030103047035e-06
2.2870735821948e-06
2.2870735821948e-06
5.7630642977314e-06
3.6305030103047035e-06
2.2870735821948e-06
2.2870735821948e-06
3.6305030103047035e-06
2.2870735821948e-06
2.2870735821948e-06
9.1482943287792e-06
5.7630642977314e-06
3.6305030103047035e-06
2.2870735821948e-06
2.2870735821948e-06
3.6305030103047035e-06
2.2870735821948e-06
2.2870735821948e-06
5.7630642977314e-06
3.6305030103047035e-06
2.2870735821948e-06
2.2870735821948e-06
3.6305030103047035e-06
2.2870735821948e-06
2.2870735821948e-06
1.4522012041218814e-05
9.1482943287792e-06
5.7630642977314e-06
3.6305030103047035e-06
2.2870735821948e-06
2.2870735821948e-06
3.6305030103047035e-06
2.2870735821948e-06
2.2870735821948e-06
5.7630642977314e-06
3.6305030103047035e-06
2.2870735821948e-06
2.2870735821948e-06
3.6305030103047035e-06
2.2870735821948e-06
2.2870735821948e-06
9.1482943287792e-06
5.7630642977314e-06
3.6305030103047035e-06
2.2870735821948e-06
2.2870735821948e-06
3.6305030103047035e-06
2.2870735821948e-06
2.2870735821948e-06
5.7630642977314e-06
3.6305030103047035e-06
2.2870735821948e-06
2.2870735821948e-06
3.6305030103047035e-06
2.2870735821948e-06
2.2870735821948e-06
SCALARS r_d double 1
LOOKUP_TABLE default
0.0086
0.006825824523463257
0.005417660514547954
0.004299999999999999
0.0034129122617316283
0.0027088302572739766
0.0021499999999999996
0.0017064561308658141
0.0013544151286369883
0.0010749999999999998
0.0008532280654329071
0.0008532280654329071
0.0010749999999999998
0.0008532280654329071
0.0008532280654329071
0.0013544151286369883
0.0010749999999999998
0.0008532280654329071
0.0008532280654329071
0.0010749999999999998
0.0008532280654329071
0.0008532280654329071
0.0017064561308658141
0.0013544151286369883
0.0010749999999999998
0.0008532280654329071
0.0008532280654329071
0.0010749999999999998
0.0008532280654329071
0.0008532280654329071
0.0013544151286369883
0.0010749999999999998
0.0008532280654329071
0.0008532280654329071
0.0010749999999999998
0.0008532280654329071
0.0008532280654329071
0.0021499999999999996
0.0017064561308658141
0.0013544151286369883
0.0010749999999999998
0.0008532280654329071
0.0008532280654329071
0.0010749999999999998
0.0008532280654329071
0.0008532280654329071
0.0013544151286369883
0.0010749999999999998
0.0008532280654329071
0.0008532280654329071
0.0010749999999999998
0.0008532280654329071
0.0008532280654329071
0.0017064561308658141
0.0013544151286369883
0.0010749999999999998
0.0008532280654329071
0.0008532280654329071
0.0010749999999999998
0.0008532280654329071
0.0008532280654329071
0.0013544151286369883
0.0010749999999999998
0.0008532280654329071
0.0008532280654329071
0.0010749999999999998
0.0008532280654329071
0.0008532280654329071
0.0027088302572739766
0.0021499999999999996
0.0017064561308658141
0.0013544151286369883
0.0010749999999999998
0.0008532280654329071
0.0008532280654329071
0.0010749999999999998
0.0008532280654329071
0.0008532280654329071
0.0013544151286369883
0.0010749999999999998
0.0008532280654329071
0.0008532280654329071
0.0010749999999999998
0.0008532280654329071
0.0008532280654329071
0.0017064561308658141
0.0013544151286369883
0.0010749999999999998
0.0008532280654329071
0.0008532280654329071
0.0010749999999999998
0.0008532280654329071
0.0008532280654329071
0.0013544151286369883
0.0010749999999999998
0.0008532280654329071
0.0008532280654329071
0.0010749999999999998
0.0008532280654329071
0.0008532280654329071
0.0021499999999999996
0.0017064561308658141
0.0013544151286369883
0.0010749999999999998
0.0008532280654329071
0.0008532280654329071
0.0010749999999999998
0.0008532280654329071
0.0008532280654329071
0.0013544151286369883
0.0010749999999999998
0.0008532280654329071
0.0008532280654329071
0.0010749999999999998
0.0008532280654329071
0.0008532280654329071
0.0017064561308658141
0.0013544151286369883
0.0010749999999999998
0.0008532280654329071
0.0008532280654329071
0.0010749999999999998
0.0008532280654329071
0.0008532280654329071
0.0013544151286369883
0.0010749999999999998
0.0008532280654329071
0.0008532280654329071
0.0010749999999999998
0.0008532280654329071
0.0008532280654329071
0.0034129122617316283
0.0027088302572739766
0.0021499999999999996
0.0017064561308658141
0.0013544151286369883
0.0010749999999999998
0.0008532280654329071
0.0008532280654329071
0.0010749999999999998
0.0008532280654329071
0.0008532280654329071
0.0013544151286369883
0.0010749999999999998
0.0008532280654329071
0.0008532280654329071
0.0010749999999999998
0.0008532280654329071
0.0008532280654329071
0.0017064561308658141
0.0013544151286369883
0.0010749999999999998
0.0008532280654329071
0.0008532280654329071
0.0010749999999999998
0.0008532280654329071
0.0008532280654329071
0.0013544151286369883
0.0010749999999999998
0.0008532280654329071
0.0008532280654329071
0.0010749999999999998
0.0008532280654329071
0.0008532280654329071
0.0021499999999999996
0.0017064561308658141
0.0013544151286369883
0.0010749999999999998
0.0008532280654329071
0.0008532280654329071
0.0010749999999999998
0.0008532280654329071
0.0008532280654329071
0.0013544151286369883
0.0010749999999999998
0.0008532280654329071
0.0008532280654329071
0.0010749999999999998
0.0008532280654329071
0.0008532280654329071
0.0017064561308658141
0.0013544151286369883
0.0010749999999999998
0.0008532280654329071
0.0008532280654329071
0.0010749999999999998
0.0008532280654329071
0.0008532280654329071
0.0013544151286369883
0.0010749999999999998
0.0008532280654329071
0.0008532280654329071
0.0010749999999999998
0.0008532280654329071
0.0008532280654329071
0.0027088302572739766
0.0021499999999999996
0.0017064561308658141
0.0013544151286369883
0.0010749999999999998
0.0008532280654329071
0.0008532280654329071
0.0010749999999999998
0.0008532280654329071
0.0008532280654329071
0.0013544151286369883
0.0010749999999999998
0.0008532280654329071
0.0008532280654329071
0.0010749999999999998
0.0008532280654329071
0.0008532280654329071
0.0017064561308658141
0.0013544151286369883
0.0010749999999999998
0.0008532280654329071
0.0008532280654329071
0.0010749999999999998
0.0008532280654329071
0.0008532280654329071
0.0013544151286369883
0.0010749999999999998
0.0008532280654329071
0.0008532280654329071
0.0010749999999999998
0.0008532280654329071
0.0008532280654329071
0.0021499999999999996
0.0017064561308658141
0.0013544151286369883
0.0010749999999999998
0.0008532280654329071
0.0008532280654329071
0.0010749999999999998
0.0008532280654329071
0.0008532280654329071
0.0013544151286369883
0.0010749999999999998
0.0008532280654329071
0.0008532280654329071
0.0010749999999999998
0.0008532280654329071
0.0008532280654329071
0.0017064561308658141
0.0013544151286369883
0.0010749999999999998
0.0008532280654329071
0.0008532280654329071
0.0010749999999999998
0.0008532280654329071
0.0008532280654329071
0.0013544151286369883
0.0010749999999999998
0.0008532280654329071
0.0008532280654329071
0.0010749999999999998
0.0008532280654329071
0.0008532280654329071
0.004299999999999999
0.0034129122617316283
0.0027088302572739766
0.0021499999999999996
0.0017064561308658141
0.0013544151286369883
0.0010749999999999998
0.0008532280654329071
0.0008532280654329071
0.0010749999999999998
0.0008532280654329071
0.0008532280654329071
0.0013544151286369883
0.0010749999999999998
0.0008532280654329071
0.0008532280654329071
0.0010749999999999998
0.0008532280654329071
0.0008532280654329071
0.0017064561308658141
0.0013544151286369883
0.0010749999999999998
0.0008532280654329071
0.0008532280654329071
0.0010749999999999998
0.0008532280654329071
0.0008532280654329071
0.0013544151286369883
0.0010749999999999998
0.0008532280654329071
0.0008532280654329071
0.0010749999999999998
0.0008532280654329071
0.0008532280654329071
0.0021499999999999996
0.0017064561308658141
0.0013544151286369883
0.0010749999999999998
0.0008532280654329071
0.0008532280654329071
0.0010749999999999998
0.0008532280654329071
0.0008532280654329071
0.0013544151286369883
0.0010749999999999998
0.0008532280654329071
0.0008532280654329071
0.0010749999999999998
0.0008532280654329071
0.0008532280654329071
0.0017064561308658141
0.0013544151286369883
0.0010749999999999998
0.0008532280654329071
0.0008532280654329071
0.0010749999999999998
0.0008532280654329071
0.0008532280654329071
0.0013544151286369883
0.0010749999999999998
0.0008532280654329071
0.0008532280654329071
0.0010749999999999998
0.0008532280654329071
0.0008532280654329071
0.0027088302572739766
0.0021499999999999996
0.0017064561308658141
0.0013544151286369883
0.0010749999999999998
0.0008532280654329071
0.0008532280654329071
0.0010749999999999998
0.0008532280654329071
0.0008532280654329071
0.0013544151286369883
0.0010749999999999998
0.0008532280654329071
0.0008532280654329071
0.0010749999999999998
0.0008532280654329071
0.0008532280654329071
0.0017064561308658141
0.0013544151286369883
0.0010749999999999998
0.0008532280654329071
0.0008532280654329071
0.0010749999999999998
0.0008532280654329071
0.0008532280654329071
0.0013544151286369883
0.0010749999999999998
0.0008532280654329071
0.0008532280654329071
0.0010749999999999998
0.0008532280654329071
0.0008532280654329071
0.0021499999999999996
0.0017064561308658141
0.0013544151286369883
0.0010749999999999998
0.0008532280654329071
0.0008532280654329071
0.0010749999999999998
0.0008532280654329071
0.0008532280654329071
0.0013544151286369883
0.0010749999999999998
0.0008532280654329071
0.0008532280654329071
0.0010749999999999998
0.0008532280654329071
0.0008532280654329071
0.0017064561308658141
0.0013544151286369883
0.0010749999999999998
0.0008532280654329071
0.0008532280654329071
0.0010749999999999998
0.0008532280654329071
0.0008532280654329071
0.0013544151286369883
0.0010749999999999998
0.0008532280654329071
0.0008532280654329071
0.0010749999999999998
0.0008532280654329071
0.0008532280654329071
0.0034129122617316283
0.0027088302572739766
0.0021499999999999996
0.0017064561308658141
0.0013544151286369883
0.0010749999999999998
0.0008532280654329071
0.0008532280654329071
0.0010749999999999998
0.0008532280654329071
0.0008532280654329071
0.0013544151286369883
0.0010749999999999998
0.0008532280654329071
0.0008532280654329071
0.0010749999999999998
0.0008532280654329071
0.0008532280654329071
0.0017064561308658141
0.0013544151286369883
0.0010749999999999998
0.0008532280654329071
0.0008532280654329071
0.0010749999999999998
0.0008532280654329071
0.0008532280654329071
0.0013544151286369883
0.0010749999999999998
0.0008532280654329071
0.0008532280654329071
0.0010749999999999998
0.0008532280654329071
0.0008532280654329071
0.0021499999999999996
0.0017064561308658141
0.0013544151286369883
0.0010749999999999998
0.0008532280654329071
0.0008532280654329071
0.0010749999999999998
0.0008532280654329071
0.0008532280654329071
0.0013544151286369883
0.0010749999999999998
0.0008532280654329071
0.0008532280654329071
0.0010749999999999998
0.0008532280654329071
0.0008532280654329071
0.0017064561308658141
0.0013544151286369883
0.0010749999999999998
0.0008532280654329071
0.0008532280654329071
0.0010749999999999998
0.0008532280654329071
0.0008532280654329071
0.0013544151286369883
0.0010749999999999998
0.0008532280654329071
0.0008532280654329071
0.0010749999999999998
0.0008532280654329071
0.0008532280654329071
0.0027088302572739766
0.0021499999999999996
0.0017064561308658141
0.0013544151286369883
0.0010749999999999998
0.0008532280654329071
0.0008532280654329071
0.0010749999999999998
0.0008532280654329071
0.0008532280654329071
0.0013544151286369883
0.0010749999999999998
0.0008532280654329071
0.0008532280654329071
0.0010749999999999998
0.0008532280654329071
0.0008532280654329071
0.0017064561308658141
0.0013544151286369883
0.0010749999999999998
0.0008532280654329071
0.0008532280654329071
0.0010749999999999998
0.0008532280654329071
0.0008532280654329071
0.0013544151286369883
0.0010749999999999998
0.0008532280654329071
0.0008532280654329071
0.0010749999999999998
0.0008532280654329071
0.0008532280654329071
0.0021499999999999996
0.0017064561308658141
0.0013544151286369883
0.0010749999999999998
0.0008532280654329071
0.0008532280654329071
0.0010749999999999998
0.0008532280654329071
0.0008532280654329071
0.0013544151286369883
0.0010749999999999998
0.0008532280654329071
0.0008532280654329071
0.0010749999999999998
0.0008532280654329071
0.0008532280654329071
0.0017064561308658141
0.0013544151286369883
0.0010749999999999998
0.0008532280654329071
0.0008532280654329071
0.0010749999999999998
0.0008532280654329071
0.0008532280654329071
0.0013544151286369883
0.0010749999999999998
0.0008532280654329071
0.0008532280654329071
0.0010749999999999998
0.0008532280654329071
0.0008532280654329071
0.005417660514547954
0.004299999999999999
0.0034129122617316283
0.0027088302572739766
0.0021499999999999996
0.0017064561308658141
0.0013544151286369883
0.0010749999999999998
0.0008532280654329071
0.0008532280654329071
0.0010749999999999998
0.0008532280654329071
0.0008532280654329071
0.0013544151286369883
0.0010749999999999998
0.0008532280654329071
0.0008532280654329071
0.0010749999999999998
0.0008532280654329071
0.0008532280654329071
0.0017064561308658141
0.0013544151286369883
0.0010749999999999998
0.0008532280654329071
0.0008532280654329071
0.0010749999999999998
0.0008532280654329071
0.0008532280654329071
0.0013544151286369883
0.0010749999999999998
0.0008532280654329071
0.0008532280654329071
0.0010749999999999998
0.0008532280654329071
0.0008532280654329071
0.0021499999999999996
0.0017064561308658141
0.0013544151286369883
0.0010749999999999998
0.0008532280654329071
0.0008532280654329071
0.0010749999999999998
0.0008532280654329071
0.0008532280654329071
0.0013544151286369883
0.0010749999999999998
0.0008532280654329071
0.0008532280654329071
0.0010749999999999998
0.0008532280654329071
0.0008532280654329071
0.0017064561308658141
0.0013544151286369883
0.0010749999999999998
0.0008532280654329071
0.0008532280654329071
0.0010749999999999998
0.0008532280654329071
0.0008532280654329071
0.0013544151286369883
0.0010749999999999998
0.0008532280654329071
0.0008532280654329071
0.0010749999999999998
0.0008532280654329071
0.0008532280654329071
0.0027088302572739766
0.0021499999999999996
0.0017064561308658141
0.0013544151286369883
0.0010749999999999998
0.0008532280654329071
0.0008532280654329071
0.0010749999999999998
0.0008532280654329071
0.0008532280654329071
0.0013544151286369883
0.0010749999999999998
0.0008532280654329071
0.0008532280654329071
0.0010749999999999998
0.0008532280654329071
0.0008532280654329071
0.0017064561308658141
0.0013544151286369883
0.0010749999999999998
0.0008532280654329071
0.0008532280654329071
0.0010749999999999998
0.0008532280654329071
0.0008532280654329071
0.0013544151286369883
0.0010749999999999998
0.0008532280654329071
0.0008532280654329071
0.0010749999999999998
0.0008532280654329071
0.0008532280654329071
0.0021499999999999996
0.0017064561308658141
0.0013544151286369883
0.0010749999999999998
0.0008532280654329071
0.0008532280654329071
0.0010749999999999998
0.0008532280654329071
0.0008532280654329071
0.0013544151286369883
0.0010749999999999998
0.0008532280654329071
0.0008532280654329071
0.0010749999999999998
0.0008532280654329071
0.0008532280654329071
0.0017064561308658141
0.0013544151286369883
0.0010749999999999998
0.0008532280654329071
0.0008532280654329071
0.0010749999999999998
0.0008532280654329071
0.0008532280654329071
0.0013544151286369883
0.0010749999999999998
0.0008532280654329071
0.0008532280654329071
0.0010749999999999998
0.0008532280654329071
0.0008532280654329071
0.0034129122617316283
0.0027088302572739766
0.0021499999999999996
0.0017064561308658141
0.0013544151286369883
0.0010749999999999998
0.0008532280654329071
0.0008532280654329071
0.0010749999999999998
0.0008532280654329071
0.0008532280654329071
0.0013544151286369883
0.0010749999999999998
0.0008532280654329071
0.0008532280654329071
0.0010749999999999998
0.0008532280654329071
0.0008532280654329071
0.0017064561308658141
0.0013544151286369883
0.0010749999999999998
0.0008532280654329071
0.0008532280654329071
0.0010749999999999998
0.0008532280654329071
0.0008532280654329071
0.0013544151286369883
0.0010749999999999998
0.0008532280654329071
0.0008532280654329071
0.0010749999999999998
0.0008532280654329071
0.0008532280654329071
0.0021499999999999996
0.0017064561308658141
0.0013544151286369883
0.0010749999999999998
0.0008532280654329071
0.0008532280654329071
0.0010749999999999998
0.0008532280654329071
0.0008532280654329071
0.0013544151286369883
0.0010749999999999998
0.0008532280654329071
0.0008532280654329071
0.0010749999999999998
0.0008532280654329071
0.0008532280654329071
0.0017064561308658141
0.0013544151286369883
0.0010749999999999998
0.0008532280654329071
0.0008532280654329071
0.0010749999999999998
0.0008532280654329071
0.0008532280654329071
0.0013544151286369883
0.0010749999999999998
0.0008532280654329071
0.0008532280654329071
0.0010749999999999998
0.0008532280654329071
0.0008532280654329071
0.0027088302572739766
0.0021499999999999996
0.0017064561308658141
0.0013544151286369883
0.0010749999999999998
0.0008532280654329071
0.0008532280654329071
0.0010749999999999998
0.0008532280654329071
0.0008532280654329071
0.0013544151286369883
0.0010749999999999998
0.0008532280654329071
0.0008532280654329071
0.0010749999999999998
0.0008532280654329071
0.0008532280654329071
0.0017064561308658141
0.0013544151286369883
0.0010749999999999998
0.0008532280654329071
0.0008532280654329071
0.0010749999999999998
0.0008532280654329071
0.0008532280654329071
0.0013544151286369883
0.0010749999999999998
0.0008532280654329071
0.0008532280654329071
0.0010749999999999998
0.0008532280654329071
0.0008532280654329071
0.0021499999999999996
0.0017064561308658141
0.0013544151286369883
0.0010749999999999998
0.0008532280654329071
0.0008532280654329071
0.0010749999999999998
0.0008532280654329071
0.0008532280654329071
0.0013544151286369883
0.0010749999999999998
0.0008532280654329071
0.0008532280654329071
0.0010749999999999998
0.0008532280654329071
0.0008532280654329071
0.0017064561308658141
0.0013544151286369883
0.0010749999999999998
0.0008532280654329071
0.0008532280654329071
0.0010749999999999998
0.0008532280654329071
0.0008532280654329071
0.0013544151286369883
0.0010749999999999998
0.0008532280654329071
0.0008532280654329071
0.0010749999999999998
0.0008532280654329071
0.0008532280654329071
0.004299999999999999
0.0034129122617316283
0.0027088302572739766
0.0021499999999999996
0.0017064561308658141
0.0013544151286369883
0.0010749999999999998
0.0008532280654329071
0.0008532280654329071
0.0010749999999999998
0.0008532280654329071
0.0008532280654329071
0.0013544151286369883
0.0010749999999999998
0.0008532280654329071
0.0008532280654329071
0.0010749999999999998
0.0008532280654329071
0.0008532280654329071
0.0017064561308658141
0.0013544151286369883
0.0010749999999999998
0.0008532280654329071
0.0008532280654329071
0.0010749999999999998
0.0008532280654329071
0.0008532280654329071
0.0013544151286369883
0.0010749999999999998
0.0008532280654329071
0.0008532280654329071
0.0010749999999999998
0.0008532280654329071
0.0008532280654329071
0.0021499999999999996
0.0017064561308658141
0.0013544151286369883
0.0010749999999999998
0.0008532280654329071
0.0008532280654329071
0.0010749999999999998
0.0008532280654329071
0.0008532280654329071
0.0013544151286369883
0.0010749999999999998
0.0008532280654329071
0.0008532280654329071
0.0010749999999999998
0.0008532280654329071
0.0008532280654329071
0.0017064561308658141
0.0013544151286369883
0.0010749999999999998
0.0008532280654329071
0.0008532280654329071
0.0010749999999999998
0.0008532280654329071
0.0008532280654329071
0.0013544151286369883
0.0010749999999999998
0.0008532280654329071
0.0008532280654329071
0.0010749999999999998
0.0008532280654329071
0.0008532280654329071
0.0027088302572739766
0.0021499999999999996
0.0017064561308658141
0.0013544151286369883
0.0010749999999999998
0.0008532280654329071
0.0008532280654329071
0.0010749999999999998
0.0008532280654329071
0.0008532280654329071
0.0013544151286369883
0.0010749999999999998
0.0008532280654329071
0.0008532280654329071
0.0010749999999999998
0.0008532280654329071
0.0008532280654329071
0.0017064561308658141
0.0013544151286369883
0.0010749999999999998
0.0008532280654329071
0.0008532280654329071
0.0010749999999999998
0.0008532280654329071
0.0008532280654329071
0.0013544151286369883
0.0010749999999999998
0.0008532280654329071
0.0008532280654329071
0.0010749999999999998
0.0008532280654329071
0.0008532280654329071
0.0021499999999999996
0.0017064561308658141
0.0013544151286369883
0.0010749999999999998
0.0008532280654329071
0.0008532280654329071
0.0010749999999999998
0.0008532280654329071
0.0008532280654329071
0.0013544151286369883
0.0010749999999999998
0.0008532280654329071
0.0008532280654329071
0.0010749999999999998
0.0008532280654329071
0.0008532280654329071
0.0017064561308658141
0.0013544151286369883
0.0010749999999999998
0.0008532280654329071
0.0008532280654329071
0.0010749999999999998
0.0008532280654329071
0.0008532280654329071
0.0013544151286369883
0.0010749999999999998
0.0008532280654329071
0.0008532280654329071
0.0010749999999999998
0.0008532280654329071
0.0008532280654329071
0.0034129122617316283
0.0027088302572739766
0.0021499999999999996
0.0017064561308658141
0.0013544151286369883
0.0010749999999999998
0.0008532280654329071
0.0008532280654329071
0.0010749999999999998
0.0008532280654329071
0.0008532280654329071
0.0013544151286369883
0.0010749999999999998
0.0008532280654329071
0.0008532280654329071
0.0010749999999999998
0.0008532280654329071
0.0008532280654329071
0.0017064561308658141
0.0013544151286369883
0.0010749999999999998
0.0008532280654329071
0.0008532280654329071
0.0010749999999999998
0.0008532280654329071
0.0008532280654329071
0.0013544151286369883
0.0010749999999999998
0.0008532280654329071
0.0008532280654329071
0.0010749999999999998
0.0008532280654329071
0.0008532280654329071
0.0021499999999999996
0.0017064561308658141
0.0013544151286369883
0.0010749999999999998
0.0008532280654329071
0.0008532280654329071
0.0010749999999999998
0.0008532280654329071
0.0008532280654329071
0.0013544151286369883
0.0010749999999999998
0.0008532280654329071
0.0008532280654329071
0.0010749999999999998
0.0008532280654329071
0.0008532280654329071
0.0017064561308658141
0.0013544151286369883
0.0010749999999999998
0.0008532280654329071
0.0008532280654329071
0.0010749999999999998
0.0008532280654329071
0.0008532280654329071
0.0013544151286369883
0.0010749999999999998
0.0008532280654329071
0.0008532280654329071
0.0010749999999999998
0.0008532280654329071
0.0008532280654329071
0.0027088302572739766
0.0021499999999999996
0.0017064561308658141
0.0013544151286369883
0.0010749999999999998
0.0008532280654329071
0.0008532280654329071
0.0010749999999999998
0.0008532280654329071
0.0008532280654329071
0.0013544151286369883
0.0010749999999999998
0.0008532280654329071
0.0008532280654329071
0.0010749999999999998
0.0008532280654329071
0.0008532280654329071
0.0017064561308658141
0.0013544151286369883
0.0010749999999999998
0.0008532280654329071
0.0008532280654329071
0.0010749999999999998
0.0008532280654329071
0.0008532280654329071
0.0013544151286369883
0.0010749999999999998
0.0008532280654329071
0.0008532280654329071
0.0010749999999999998
0.0008532280654329071
0.0008532280654329071
0.0021499999999999996
0.0017064561308658141
0.0013544151286369883
0.0010749999999999998
0.0008532280654329071
0.0008532280654329071
0.0010749999999999998
0.0008532280654329071
0.0008532280654329071
0.0013544151286369883
0.0010749999999999998
0.0008532280654329071
0.0008532280654329071
0.0010749999999999998
0.0008532280654329071
0.0008532280654329071
0.0017064561308658141
0.0013544151286369883
0.0010749999999999998
0.0008532280654329071
0.0008532280654329071
0.0010749999999999998
0.0008532280654329071
0.0008532280654329071
0.0013544151286369883
0.0010749999999999998
0.0008532280654329071
0.0008532280654329071
0.0010749999999999998
0.0008532280654329071
0.0008532280654329071
0.006825824523463257
0.005417660514547954
0.004299999999999999
0.0034129122617316283
0.0027088302572739766
0.0021499999999999996
0.0017064561308658141
0.0013544151286369883
0.0010749999999999998
0.0008532280654329071
0.0008532280654329071
0.0010749999999999998
0.0008532280654329071
0.0008532280654329071
0.0013544151286369883
0.0010749999999999998
0.0008532280654329071
0.0008532280654329071
0.0010749999999999998
0.0008532280654329071
0.0008532280654329071
0.0017064561308658141
0.0013544151286369883
0.0010749999999999998
0.0008532280654329071
0.0008532280654329071
0.0010749999999999998
0.0008532280654329071
0.0008532280654329071
0.0013544151286369883
0.0010749999999999998
0.0008532280654329071
0.0008532280654329071
0.0010749999999999998
0.0008532280654329071
0.0008532280654329071
0.0021499999999999996
0.0017064561308658141
0.0013544151286369883
0.0010749999999999998
0.0008532280654329071
0.0008532280654329071
0.0010749999999999998
0.0008532280654329071
0.0008532280654329071
0.0013544151286369883
0.0010749999999999998
0.0008532280654329071
0.0008532280654329071
0.0010749999999999998
0.0008532280654329071
0.0008532280654329071
0.0017064561308658141
0.0013544151286369883
0.0010749999999999998
0.0008532280654329071
0.0008532280654329071
0.0010749999999999998
0.0008532280654329071
0.0008532280654329071
0.0013544151286369883
0.0010749999999999998
0.0008532280654329071
0.0008532280654329071
0.0010749999999999998
0.0008532280654329071
0.0008532280654329071
0.0027088302572739766
0.0021499999999999996
0.0017064561308658141
0.0013544151286369883
0.0010749999999999998
0.0008532280654329071
0.0008532280654329071
0.0010749999999999998
0.0008532280654329071
0.0008532280654329071
0.0013544151286369883
0.0010749999999999998
0.0008532280654329071
0.0008532280654329071
0.0010749999999999998
0.0008532280654329071
0.0008532280654329071
0.0017064561308658141
0.0013544151286369883
0.0010749999999999998
0.0008532280654329071
0.0008532280654329071
0.0010749999999999998
0.0008532280654329071
0.0008532280654329071
0.0013544151286369883
0.0010749999999999998
0.0008532280654329071
0.0008532280654329071
0.0010749999999999998
0.0008532280654329071
0.0008532280654329071
0.0021499999999999996
0.0017064561308658141
0.0013544151286369883
0.0010749999999999998
0.0008532280654329071
0.0008532280654329071
0.0010749999999999998
0.0008532280654329071
0.0008532280654329071
0.0013544151286369883
0.0010749999999999998
0.0008532280654329071
0.0008532280654329071
0.0010749999999999998
0.0008532280654329071
0.0008532280654329071
0.0017064561308658141
0.0013544151286369883
0.0010749999999999998
0.0008532280654329071
0.0008532280654329071
0.0010749999999999998
0.0008532280654329071
0.0008532280654329071
0.0013544151286369883
0.0010749999999999998
0.0008532280654329071
0.0008532280654329071
0.0010749999999999998
0.0008532280654329071
0.0008532280654329071
0.0034129122617316283
0.0027088302572739766
0.0021499999999999996
0.0017064561308658141
0.0013544151286369883
0.0010749999999999998
0.0008532280654329071
0.0008532280654329071
0.0010749999999999998
0.0008532280654329071
0.0008532280654329071
0.0013544151286369883
0.0010749999999999998
0.0008532280654329071
0.0008532280654329071
0.0010749999999999998
0.0008532280654329071
0.0008532280654329071
0.0017064561308658141
0.0013544151286369883
0.0010749999999999998
0.0008532280654329071
0.0008532280654329071
0.0010749999999999998
0.0008532280654329071
0.0008532280654329071
0.0013544151286369883
0.0010749999999999998
0.0008532280654329071
0.0008532280654329071
0.0010749999999999998
0.0008532280654329071
0.0008532280654329071
0.0021499999999999996
0.0017064561308658141
0.0013544151286369883
0.0010749999999999998
0.0008532280654329071
0.0008532280654329071
0.0010749999999999998
0.0008532280654329071
0.0008532280654329071
0.0013544151286369883
0.0010749999999999998
0.0008532280654329071
0.0008532280654329071
0.0010749999999999998
0.0008532280654329071
0.0008532280654329071
0.0017064561308658141
0.0013544151286369883
0.0010749999999999998
0.0008532280654329071
0.0008532280654329071
0.0010749999999999998
0.0008532280654329071
0.0008532280654329071
0.0013544151286369883
0.0010749999999999998
0.0008532280654329071
0.0008532280654329071
0.0010749999999999998
0.0008532280654329071
0.0008532280654329071
0.0027088302572739766
0.0021499999999999996
0.0017064561308658141
0.0013544151286369883
0.0010749999999999998
0.0008532280654329071
0.0008532280654329071
0.0010749999999999998
0.0008532280654329071
0.0008532280654329071
0.0013544151286369883
0.0010749999999999998
0.0008532280654329071
0.0008532280654329071
0.0010749999999999998
0.0008532280654329071
0.0008532280654329071
0.0017064561308658141
0.0013544151286369883
0.0010749999999999998
0.0008532280654329071
0.0008532280654329071
0.0010749999999999998
0.0008532280654329071
0.0008532280654329071
0.0013544151286369883
0.0010749999999999998
0.0008532280654329071
0.0008532280654329071
0.0010749999999999998
0.0008532280654329071
0.0008532280654329071
0.0021499999999999996
0.0017064561308658141
0.0013544151286369883
0.0010749999999999998
0.0008532280654329071
0.0008532280654329071
0.0010749999999999998
0.0008532280654329071
0.0008532280654329071
0.0013544151286369883
0.0010749999999999998
0.0008532280654329071
0.0008532280654329071
0.0010749999999999998
0.0008532280654329071
0.0008532280654329071
0.0017064561308658141
0.0013544151286369883
0.0010749999999999998
0.0008532280654329071
0.0008532280654329071
0.0010749999999999998
0.0008532280654329071
0.0008532280654329071
0.0013544151286369883
0.0010749999999999998
0.0008532280654329071
0.0008532280654329071
0.0010749999999999998
0.0008532280654329071
0.0008532280654329071
0.004299999999999999
0.0034129122617316283
0.0027088302572739766
0.0021499999999999996
0.0017064561308658141
0.0013544151286369883
0.0010749999999999998
0.0008532280654329071
0.0008532280654329071
0.0010749999999999998
0.0008532280654329071
0.0008532280654329071
0.0013544151286369883
0.0010749999999999998
0.0008532280654329071
0.0008532280654329071
0.0010749999999999998
0.0008532280654329071
0.0008532280654329071
0.0017064561308658141
0.0013544151286369883
0.0010749999999999998
0.0008532280654329071
0.0008532280654329071
0.0010749999999999998
0.0008532280654329071
0.0008532280654329071
0.0013544151286369883
0.0010749999999999998
0.0008532280654329071
0.0008532280654329071
0.0010749999999999998
0.0008532280654329071
0.0008532280654329071
0.0021499999999999996
0.0017064561308658141
0.0013544151286369883
0.0010749999999999998
0.0008532280654329071
0.0008532280654329071
0.0010749999999999998
0.0008532280654329071
0.0008532280654329071
0.0013544151286369883
0.0010749999999999998
0.0008532280654329071
0.0008532280654329071
0.0010749999999999998
0.0008532280654329071
0.0008532280654329071
0.0017064561308658141
0.0013544151286369883
0.0010749999999999998
0.0008532280654329071
0.0008532280654329071
0.0010749999999999998
0.0008532280654329071
0.0008532280654329071
0.0013544151286369883
0.0010749999999999998
0.0008532280654329071
0.0008532280654329071
0.0010749999999999998
0.0008532280654329071
0.0008532280654329071
0.0027088302572739766
0.0021499999999999996
0.0017064561308658141
0.0013544151286369883
0.0010749999999999998
0.0008532280654329071
0.0008532280654329071
0.0010749999999999998
0.0008532280654329071
0.0008532280654329071
0.0013544151286369883
0.0010749999999999998
0.0008532280654329071
0.0008532280654329071
0.0010749999999999998
0.0008532280654329071
0.0008532280654329071
0.0017064561308658141
0.0013544151286369883
0.0010749999999999998
0.0008532280654329071
0.0008532280654329071
0.0010749999999999998
0.0008532280654329071
0.0008532280654329071
0.0013544151286369883
0.0010749999999999998
0.0008532280654329071
0.0008532280654329071
0.0010749999999999998
0.0008532280654329071
0.0008532280654329071
0.0021499999999999996
0.0017064561308658141
0.0013544151286369883
0.0010749999999999998
0.0008532280654329071
0.0008532280654329071
0.0010749999999999998
0.0008532280654329071
0.0008532280654329071
0.0013544151286369883
0.0010749999999999998
0.0008532280654329071
0.0008532280654329071
0.0010749999999999998
0.0008532280654329071
0.0008532280654329071
0.0017064561308658141
0.0013544151286369883
0.0010749999999999998
0.0008532280654329071
0.0008532280654329071
0.0010749999999999998
0.0008532280654329071
0.0008532280654329071
0.0013544151286369883
0.0010749999999999998
0.0008532280654329071
0.0008532280654329071
0.0010749999999999998
0.0008532280654329071
0.0008532280654329071
0.0034129122617316283
0.0027088302572739766
0.0021499999999999996
0.0017064561308658141
0.0013544151286369883
0.0010749999999999998
0.0008532280654329071
0.0008532280654329071
0.0010749999999999998
0.0008532280654329071
0.0008532280654329071
0.0013544151286369883
0.0010749999999999998
0.0008532280654329071
0.0008532280654329071
0.0010749999999999998
0.0008532280654329071
0.0008532280654329071
0.0017064561308658141
0.0013544151286369883
0.0010749999999999998
0.0008532280654329071
0.0008532280654329071
0.0010749999999999998
0.0008532280654329071
0.0008532280654329071
0.0013544151286369883
0.0010749999999999998
0.0008532280654329071
0.0008532280654329071
0.0010749999999999998
0.0008532280654329071
0.0008532280654329071
0.0021499999999999996
0.0017064561308658141
0.0013544151286369883
0.0010749999999999998
0.0008532280654329071
0.0008532280654329071
0.0010749999999999998
0.0008532280654329071
0.0008532280654329071
0.0013544151286369883
0.0010749999999999998
0.0008532280654329071
0.0008532280654329071
0.0010749999999999998
0.0008532280654329071
0.0008532280654329071
0.0017064561308658141
0.0013544151286369883
0.0010749999999999998
0.0008532280654329071
0.0008532280654329071
0.0010749999999999998
0.0008532280654329071
0.0008532280654329071
0.0013544151286369883
0.0010749999999999998
0.0008532280654329071
0.0008532280654329071
0.0010749999999999998
0.0008532280654329071
0.0008532280654329071
0.0027088302572739766
0.0021499999999999996
0.0017064561308658141
0.0013544151286369883
0.0010749999999999998
0.0008532280654329071
0.0008532280654329071
0.0010749999999999998
0.0008532280654329071
0.0008532280654329071
0.0013544151286369883
0.0010749999999999998
0.0008532280654329071
0.0008532280654329071
0.0010749999999999998
0.0008532280654329071
0.0008532280654329071
0.0017064561308658141
0.0013544151286369883
0.0010749999999999998
0.0008532280654329071
0.0008532280654329071
0.0010749999999999998
0.0008532280654329071
0.0008532280654329071
0.0013544151286369883
0.0010749999999999998
0.0008532280654329071
0.0008532280654329071
0.0010749999999999998
0.0008532280654329071
0.0008532280654329071
0.0021499999999999996
0.0017064561308658141
0.0013544151286369883
0.0010749999999999998
0.0008532280654329071
0.0008532280654329071
0.0010749999999999998
0.0008532280654329071
0.0008532280654329071
0.0013544151286369883
0.0010749999999999998
0.0008532280654329071
0.0008532280654329071
0.0010749999999999998
0.0008532280654329071
0.0008532280654329071
0.0017064561308658141
0.0013544151286369883
0.0010749999999999998
0.0008532280654329071
0.0008532280654329071
0.0010749999999999998
0.0008532280654329071
0.0008532280654329071
0.0013544151286369883
0.0010749999999999998
0.0008532280654329071
0.0008532280654329071
0.0010749999999999998
0.0008532280654329071
0.0008532280654329071
0.005417660514547954
0.004299999999999999
0.0034129122617316283
0.0027088302572739766
0.0021499999999999996
0.0017064561308658141
0.0013544151286369883
0.0010749999999999998
0.0008532280654329071
0.0008532280654329071
0.0010749999999999998
0.0008532280654329071
0.0008532280654329071
0.0013544151286369883
0.0010749999999999998
0.0008532280654329071
0.0008532280654329071
0.0010749999999999998
0.0008532280654329071
0.0008532280654329071
0.0017064561308658141
0.0013544151286369883
0.0010749999999999998
0.0008532280654329071
0.0008532280654329071
0.0010749999999999998
0.0008532280654329071
0.0008532280654329071
0.0013544151286369883
0.0010749999999999998
0.0008532280654329071
0.0008532280654329071
0.0010749999999999998
0.0008532280654329071
0.0008532280654329071
0.0021499999999999996
0.0017064561308658141
0.0013544151286369883
0.0010749999999999998
0.0008532280654329071
0.0008532280654329071
0.0010749999999999998
0.0008532280654329071
0.0008532280654329071
0.0013544151286369883
0.0010749999999999998
0.0008532280654329071
0.0008532280654329071
0.0010749999999999998
0.0008532280654329071
0.0008532280654329071
0.0017064561308658141
0.0013544151286369883
0.0010749999999999998
0.0008532280654329071
0.0008532280654329071
0.0010749999999999998
0.0008532280654329071
0.0008532280654329071
0.0013544151286369883
0.0010749999999999998
0.0008532280654329071
0.0008532280654329071
0.0010749999999999998
0.0008532280654329071
0.0008532280654329071
0.0027088302572739766
0.0021499999999999996
0.0017064561308658141
0.0013544151286369883
0.0010749999999999998
0.0008532280654329071
0.0008532280654329071
0.0010749999999999998
0.0008532280654329071
0.0008532280654329071
0.0013544151286369883
0.0010749999999999998
0.0008532280654329071
0.0008532280654329071
0.0010749999999999998
0.0008532280654329071
0.0008532280654329071
0.0017064561308658141
0.0013544151286369883
0.0010749999999999998
0.0008532280654329071
0.0008532280654329071
0.0010749999999999998
0.0008532280654329071
0.0008532280654329071
0.0013544151286369883
0.0010749999999999998
0.0008532280654329071
0.0008532280654329071
0.0010749999999999998
0.0008532280654329071
0.0008532280654329071
0.0021499999999999996
0.0017064561308658141
0.0013544151286369883
0.0010749999999999998
0.0008532280654329071
0.0008532280654329071
0.0010749999999999998
0.0008532280654329071
0.0008532280654329071
0.0013544151286369883
0.0010749999999999998
0.0008532280654329071
0.0008532280654329071
0.0010749999999999998
0.0008532280654329071
0.0008532280654329071
0.0017064561308658141
0.0013544151286369883
0.0010749999999999998
0.0008532280654329071
0.0008532280654329071
0.0010749999999999998
0.0008532280654329071
0.0008532280654329071
0.0013544151286369883
0.0010749999999999998
0.0008532280654329071
0.0008532280654329071
0.0010749999999999998
0.0008532280654329071
0.0008532280654329071
0.0034129122617316283
0.0027088302572739766
0.0021499999999999996
0.0017064561308658141
0.0013544151286369883
0.0010749999999999998
0.0008532280654329071
0.0008532280654329071
0.0010749999999999998
0.0008532280654329071
0.0008532280654329071
0.0013544151286369883
0.0010749999999999998
0.0008532280654329071
0.0008532280654329071
0.0010749999999999998
0.0008532280654329071
0.0008532280654329071
0.0017064561308658141
0.0013544151286369883
0.0010749999999999998
0.0008532280654329071
0.0008532280654329071
0.0010749999999999998
0.0008532280654329071
0.0008532280654329071
0.0013544151286369883
0.0010749999999999998
0.0008532280654329071
0.0008532280654329071
0.0010749999999999998
0.0008532280654329071
0.0008532280654329071
0.0021499999999999996
0.0017064561308658141
0.0013544151286369883
0.0010749999999999998
0.0008532280654329071
0.0008532280654329071
0.0010749999999999998
0.0008532280654329071
0.0008532280654329071
0.0013544151286369883
0.0010749999999999998
0.0008532280654329071
0.0008532280654329071
0.0010749999999999998
0.0008532280654329071
0.0008532280654329071
0.0017064561308658141
0.0013544151286369883
0.0010749999999999998
0.0008532280654329071
0.0008532280654329071
0.0010749999999999998
0.0008532280654329071
0.0008532280654329071
0.0013544151286369883
0.0010749999999999998
0.0008532280654329071
0.0008532280654329071
0.0010749999999999998
0.0008532280654329071
0.0008532280654329071
0.0027088302572739766
0.0021499999999999996
0.0017064561308658141
0.0013544151286369883
0.0010749999999999998
0.0008532280654329071
0.0008532280654329071
0.0010749999999999998
0.0008532280654329071
0.0008532280654329071
0.0013544151286369883
0.0010749999999999998
0.0008532280654329071
0.0008532280654329071
0.0010749999999999998
0.0008532280654329071
0.0008532280654329071
0.0017064561308658141
0.0013544151286369883
0.0010749999999999998
0.0008532280654329071
0.0008532280654329071
0.0010749999999999998
0.0008532280654329071
0.0008532280654329071
0.0013544151286369883
0.0010749999999999998
0.0008532280654329071
0.0008532280654329071
0.0010749999999999998
0.0008532280654329071
0.0008532280654329071
0.0021499999999999996
0.0017064561308658141
0.0013544151286369883
0.0010749999999999998
0.0008532280654329071
0.0008532280654329071
0.0010749999999999998
0.0008532280654329071
0.0008532280654329071
0.0013544151286369883
0.0010749999999999998
0.0008532280654329071
0.0008532280654329071
0.0010749999999999998
0.0008532280654329071
0.0008532280654329071
0.0017064561308658141
0.0013544151286369883
0.0010749999999999998
0.0008532280654329071
0.0008532280654329071
0.0010749999999999998
0.0008532280654329071
0.0008532280654329071
0.0013544151286369883
0.0010749999999999998
0.0008532280654329071
0.0008532280654329071
0.0010749999999999998
0.0008532280654329071
0.0008532280654329071
0.004299999999999999
0.0034129122617316283
0.0027088302572739766
0.0021499999999999996
0.0017064561308658141
0.0013544151286369883
0.0010749999999999998
0.0008532280654329071
0.0008532280654329071
0.0010749999999999998
0.0008532280654329071
0.0008532280654329071
0.0013544151286369883
0.0010749999999999998
0.0008532280654329071
0.0008532280654329071
0.0010749999999999998
0.0008532280654329071
0.0008532280654329071
0.0017064561308658141
0.0013544151286369883
0.0010749999999999998
0.0008532280654329071
0.0008532280654329071
0.0010749999999999998
0.0008532280654329071
0.0008532280654329071
0.0013544151286369883
0.0010749999999999998
0.0008532280654329071
0.0008532280654329071
0.0010749999999999998
0.0008532280654329071
0.0008532280654329071
0.0021499999999999996
0.0017064561308658141
0.0013544151286369883
0.0010749999999999998
0.0008532280654329071
0.0008532280654329071
0.0010749999999999998
0.0008532280654329071
0.0008532280654329071
0.0013544151286369883
0.0010749999999999998
0.0008532280654329071
0.0008532280654329071
0.0010749999999999998
0.0008532280654329071
0.0008532280654329071
0.0017064561308658141
0.0013544151286369883
0.0010749999999999998
0.0008532280654329071
0.0008532280654329071
0.0010749999999999998
0.0008532280654329071
0.0008532280654329071
0.0013544151286369883
0.0010749999999999998
0.0008532280654329071
0.0008532280654329071
0.0010749999999999998
0.0008532280654329071
0.0008532280654329071
0.0027088302572739766
0.0021499999999999996
0.0017064561308658141
0.0013544151286369883
0.0010749999999999998
0.0008532280654329071
0.0008532280654329071
0.0010749999999999998
0.0008532280654329071
0.0008532280654329071
0.0013544151286369883
0.0010749999999999998
0.0008532280654329071
0.0008532280654329071
0.0010749999999999998
0.0008532280654329071
0.0008532280654329071
0.0017064561308658141
0.0013544151286369883
0.0010749999999999998
0.0008532280654329071
0.0008532280654329071
0.0010749999999999998
0.0008532280654329071
0.0008532280654329071
0.0013544151286369883
0.0010749999999999998
0.0008532280654329071
0.0008532280654329071
0.0010749999999999998
0.0008532280654329071
0.0008532280654329071
0.0021499999999999996
0.0017064561308658141
0.0013544151286369883
0.0010749999999999998
0.0008532280654329071
0.0008532280654329071
0.0010749999999999998
0.0008532280654329071
0.0008532280654329071
0.0013544151286369883
0.0010749999999999998
0.0008532280654329071
0.0008532280654329071
0.0010749999999999998
0.0008532280654329071
0.0008532280654329071
0.0017064561308658141
0.0013544151286369883
0.0010749999999999998
0.0008532280654329071
0.0008532280654329071
0.0010749999999999998
0.0008532280654329071
0.0008532280654329071
0.0013544151286369883
0.0010749999999999998
0.0008532280654329071
0.0008532280654329071
0.0010749999999999998
0.0008532280654329071
0.0008532280654329071
0.0034129122617316283
0.0027088302572739766
0.0021499999999999996
0.0017064561308658141
0.0013544151286369883
0.0010749999999999998
0.0008532280654329071
0.0008532280654329071
0.0010749999999999998
0.0008532280654329071
0.0008532280654329071
0.0013544151286369883
0.0010749999999999998
0.0008532280654329071
0.0008532280654329071
0.0010749999999999998
0.0008532280654329071
0.0008532280654329071
0.0017064561308658141
0.0013544151286369883
0.0010749999999999998
0.0008532280654329071
0.0008532280654329071
0.0010749999999999998
0.0008532280654329071
0.0008532280654329071
0.0013544151286369883
0.0010749999999999998
0.0008532280654329071
0.0008532280654329071
0.0010749999999999998
0.0008532280654329071
0.0008532280654329071
0.0021499999999999996
0.0017064561308658141
0.0013544151286369883
0.0010749999999999998
0.0008532280654329071
0.0008532280654329071
0.0010749999999999998
0.0008532280654329071
0.0008532280654329071
0.0013544151286369883
0.0010749999999999998
0.0008532280654329071
0.0008532280654329071
0.0010749999999999998
0.0008532280654329071
0.0008532280654329071
0.0017064561308658141
0.0013544151286369883
0.0010749999999999998
0.0008532280654329071
0.0008532280654329071
0.0010749999999999998
0.0008532280654329071
0.0008532280654329071
0.0013544151286369883
0.0010749999999999998
0.0008532280654329071
0.0008532280654329071
0.0010749999999999998
0.0008532280654329071
0.0008532280654329071
0.0027088302572739766
0.0021499999999999996
0.0017064561308658141
0.0013544151286369883
0.0010749999999999998
0.0008532280654329071
0.0008532280654329071
0.0010749999999999998
0.0008532280654329071
0.0008532280654329071
0.0013544151286369883
0.0010749999999999998
0.0008532280654329071
0.0008532280654329071
0.0010749999999999998
0.0008532280654329071
0.0008532280654329071
0.0017064561308658141
0.0013544151286369883
0.0010749999999999998
0.0008532280654329071
0.0008532280654329071
0.0010749999999999998
0.0008532280654329071
0.0008532280654329071
0.0013544151286369883
0.0010749999999999998
0.0008532280654329071
0.0008532280654329071
0.0010749999999999998
0.0008532280654329071
0.0008532280654329071
0.0021499999999999996
0.0017064561308658141
0.0013544151286369883
0.0010749999999999998
0.0008532280654329071
0.0008532280654329071
0.0010749999999999998
0.0008532280654329071
0.0008532280654329071
0.0013544151286369883
0.0010749999999999998
0.0008532280654329071
0.0008532280654329071
0.0010749999999999998
0.0008532280654329071
0.0008532280654329071
0.0017064561308658141
0.0013544151286369883
0.0010749999999999998
0.0008532280654329071
0.0008532280654329071
0.0010749999999999998
0.0008532280654329071
0.0008532280654329071
0.0013544151286369883
0.0010749999999999998
0.0008532280654329071
0.0008532280654329071
0.0010749999999999998
0.0008532280654329071
0.0008532280654329071
POINT_DATA 2048
SCALARS boundary_id int 1
LOOKUP_TABLE default
0
255
255
255
255
255
255
255
255
255
255
1
2
255
3
4
255
255
5
6
255
7
8
255
255
255
9
10
255
11
12
255
255
13
14
255
15
16
255
255
255
255
17
18
255
19
20
255
255
21
22
255
23
24
255
255
255
25
26
255
27
28
255
255
29
30
255
31
32
255
255
255
255
255
33
34
255
35
36
255
255
37
38
255
39
40
255
255
255
41
42
255
43
44
255
255
45
46
255
47
48
255
255
255
255
49
50
255
51
52
255
255
53
54
255
55
56
255
255
255
57
58
255
59
60
255
255
61
62
255
63
64
255
255
255
255
255
255
65
66
255
67
68
255
255
69
70
255
71
72
255
255
255
73
74
255
75
76
255
255
77
78
255
79
80
255
255
255
255
81
82
255
83
84
255
255
85
86
255
87
88
255
255
255
89
90
255
91
92
255
255
93
94
255
95
96
255
255
255
255
255
97
98
255
99
100
255
255
101
102
255
103
104
255
255
255
105
106
255
107
108
255
255
109
110
255
111
112
255
255
255
255
113
114
255
115
116
255
255
117
118
255
119
120
255
255
255
121
122
255
123
124
255
255
125
126
255
127
128
255
255
255
255
255
255
255
129
130
255
131
132
255
255
133
134
255
135
136
255
255
255
137
138
255
139
140
255
255
141
142
255
143
144
255
255
255
255
145
146
255
147
148
255
255
149
150
255
151
152
255
255
255
153
154
255
155
156
255
255
157
158
255
159
160
255
255
255
255
255
161
162
255
163
164
255
255
165
166
255
167
168
255
255
255
169
170
255
171
172
255
255
173
174
255
175
176
255
255
255
255
177
178
255
179
180
255
255
181
182
255
183
184
255
255
255
185
186
255
187
188
255
255
189
190
255
191
192
255
255
255
255
255
255
193
194
255
195
196
255
255
197
198
255
199
200
255
255
255
201
202
255
203
204
255
255
205
206
255
207
208
255
255
255
255
209
210
255
211
212
255
255
213
214
255
215
216
255
255
255
217
218
255
219
220
255
255
221
222
255
223
224
255
255
255
255
255
225
226
255
227
228
255
255
229
230
255
231
232
255
255
255
233
234
255
235
236
255
255
237
238
255
239
240
255
255
255
255
241
242
255
243
244
255
255
245
246
255
247
248
255
255
255
249
250
255
251
252
255
255
253
254
255
255
255
255
255
255
255
255
255
255
255
255
255
255
255
255
255
255
255
255
255
255
255
255
255
255
255
255
255
255
255
255
255
255
255
255
255
255
255
255
255
255
255
255
255
255
255
255
255
255
255
255
255
255
255
255
255
255
255
255
255
255
255
255
255
255
255
255
255
255
255
255
255
255
255
255
255
255
255
255
255
255
255
255
255
255
255
255
255
255
255
255
255
255
255
255
255
255
255
255
255
255
255
255
255
255
255
255
255
255
255
255
255
255
255
255
255
255
255
255
255
255
255
255
255
255
255
255
255
255
255
255
255
255
255
255
255
255
255
255
255
255
255
255
255
255
255
255
255
255
255
255
255
255
255
255
255
255
255
255
255
255
255
255
255
255
255
255
255
255
255
255
255
255
255
255
255
255
255
255
255
255
255
255
255
255
255
255
255
255
255
255
255
255
255
255
255
255
255
255
255
255
255
255
255
255
255
255
255
255
255
255
255
255
255
255
255
255
255
255
255
255
255
255
255
255
255
255
255
255
255
255
255
255
255
255
255
255
255
255
255
255
255
255
255
255
255
255
255
255
255
255
255
255
255
255
255
255
255
255
255
255
255
255
255
255
255
255
255
255
255
255
255
255
255
255
255
255
255
255
255
255
255
255
255
255
255
255
255
255
255
255
255
255
255
255
255
255
255
255
255
255
255
255
255
255
255
255
255
255
255
255
255
255
255
255
255
255
255
255
255
255
255
255
255
255
255
255
255
255
255
255
255
255
255
255
255
255
255
255
255
255
255
255
255
255
255
255
255
255
255
255
255
255
255
255
255
255
255
255
255
255
255
255
255
255
255
255
255
255
255
255
255
255
255
255
255
255
255
255
255
255
255
255
255
255
255
255
255
255
255
255
255
255
255
255
255
255
255
255
255
255
255
255
255
255
255
255
255
255
255
255
255
255
255
255
255
255
255
255
255
255
255
255
255
255
255
255
255
255
255
255
255
255
255
255
255
255
255
255
255
255
255
255
255
255
255
255
255
255
255
255
255
255
255
255
255
255
255
255
255
255
255
255
255
255
255
255
255
255
255
255
255
255
255
255
255
255
255
255
255
255
255
255
255
255
255
255
255
255
255
255
255
255
255
255
255
255
255
255
255
255
255
255
255
255
255
255
255
255
255
255
255
255
255
255
255
255
255
255
255
255
255
255
255
255
255
255
255
255
255
255
255
255
255
255
255
255
255
255
255
255
255
255
255
255
255
255
255
255
255
255
255
255
255
255
255
255
255
255
255
255
255
255
255
255
255
255
255
255
255
255
255
255
255
255
255
255
255
255
255
255
255
255
255
255
255
255
255
255
255
255
255
255
255
255
255
255
255
255
255
255
255
255
255
255
255
255
255
255
255
255
255
255
255
255
255
255
255
255
255
255
255
255
255
255
255
255
255
255
255
255
255
255
255
255
255
255
255
255
255
255
255
255
255
255
255
255
255
255
255
255
255
255
255
255
255
255
255
255
255
255
255
255
255
255
255
255
255
255
255
255
255
255
255
255
255
255
255
255
255
255
255
255
255
255
255
255
255
255
255
255
255
255
255
255
255
255
255
255
255
255
255
255
255
255
255
255
255
255
255
255
255
255
255
255
255
255
255
255
255
255
255
255
255
255
255
255
255
255
255
255
255
255
255
255
255
255
255
255
255
255
255
255
255
255
255
255
255
255
255
255
255
255
255
255
255
255
255
255
255
255
255
255
255
255
255
255
255
255
255
255
255
255
255
255
255
255
255
255
255
255
255
255
255
255
255
255
255
255
255
255
255
255
255
255
255
255
255
255
255
255
255
255
255
255
255
255
255
255
255
255
255
255
255
255
255
255
255
255
255
255
255
255
255
255
255
255
255
255
255
255
255
255
255
255
255
255
255
255
255
255
255
255
255
255
255
255
255
255
255
255
255
255
255
255
255
255
255
255
255
255
255
255
255
255
255
255
255
255
255
255
255
255
255
255
255
255
255
255
255
255
255
255
255
255
255
255
255
255
255
255
255
255
255
255
255
255
255
255
255
255
255
255
255
255
255
255
255
255
255
255
255
255
255
255
255
255
255
255
255
255
255
255
255
255
255
255
255
255
255
255
255
255
255
255
255
255
255
255
255
255
255
255
255
255
255
255
255
255
255
255
255
255
255
255
255
255
255
255
255
255
255
255
255
255
255
255
255
255
255
255
255
255
255
255
255
255
255
255
255
255
255
255
255
255
255
255
255
255
255
255
255
255
255
255
255
255
255
255
255
255
255
255
255
255
255
255
255
255
255
255
255
255
255
255
255
255
255
255
255
255
255
255
255
255
255
255
255
255
255
255
255
255
255
255
255
255
255
255
255
255
255
255
255
255
255
255
255
255
255
255
255
255
255
255
255
255
255
255
255
255
255
255
255
255
255
255
255
255
255
255
255
255
255
255
255
255
255
255
255
255
255
255
255
255
255
255
255
255
255
255
255
255
255
255
255
255
255
255
255
255
255
255
255
255
255
255
255
255
255
255
255
255
255
255
255
255
255
255
255
255
255
255
255
255
255
255
255
255
255
255
255
255
255
255
255
255
255
255
255
255
255
255
255
255
255
255
255
255
255
255
255
255
255
255
255
255
255
255
255
255
255
255
255
255
255
255
255
255
255
255
255
255
255
255
255
255
255
255
255
255
255
255
255
255
255
255
255
255
255
255
255
255
255
255
255
255
255
255
255
255
255
255
255
255
255
255
255
255
255
255
255
255
255
255
255
255
255
255
255
255
255
255
255
255
255
255
255
255
255
255
255
255
255
255
255
255
255
255
255
255
255
255
255
255
255
255
255
255
255
255
255
255
255
255
255
255
255
255
255
255
255
255
255
255
255
255
255
255
255
255
255
255
255
255
255
255
255
255
255
255
255
255
255
255
255
255
255
255
255
255
255
255
255
255
255
255
255
255
255
255
255
255
255
255
255
255
255
255
255
255
255
255
255
255
255
255
255
255
255
255
255
255
255
255
255
255
255
255
255
255
255
255
255
255
255
255
255
255
255
255
255
255
255
255
255
255
255
255
255
255
255
255
255
255
255
255
255
255
255
255
255
255
255
255
255
255
255
255
255
255
255
255
255
255
255
255
255
255
255
255
255
255
255
255
255
255
255
255
255
255
255
255
255
255
255
255
255
255
255
255
255
255
255
255
255
255
255
255
255
255
255
255
255
255
255
255
255
255
255
255
255
255
255
255
255
255
255
255
255
255
255
255
255
255
255
255
255
255
255
255
255
255
255
255
255
255
255
255
255
255
255
255
255
255
255
255
255
255
255
255
255
255
255
255
255
255
255
255
255
255
255
255
255
255
255
255
255
255
255
255
255
255
255
255
255
255
255
255
255
255
255
255
255
255
255
255
255
255
255
255
255
255
255
255
255
255
255
255
255
255
255
255
255
255
255
255
255
255
255
255
255
255
255
255
255
255
255
255
255
255
255
255
255
255
255
SCALARS R1 double 1
LOOKUP_TABLE default
0.0
0.0
0.0
0.0
0.0
0.0
0.0
0.0
0.0
0.0
0.0
68123000.0
68123000.0
0.0
68123000.0
68123000.0
0.0
0.0
68123000.0
68123000.0
0.0
68123000.0
68123000.0
0.0
0.0
0.0
68123000.0
68123000.0
0.0
68123000.0
68123000.0
0.0
0.0
68123000.0
68123000.0
0.0
68123000.0
68123000.0
0.0
0.0
0.0
0.0
68123000.0
68123000.0
0.0
68123000.0
68123000.0
0.0
0.0
68123000.0
68123000.0
0.0
68123000.0
68123000.0
0.0
0.0
0.0
68123000.0
68123000.0
0.0
68123000.0
68123000.0
0.0
0.0
68123000.0
68123000.0
0.0
68123000.0
68123000.0
0.0
0.0
0.0
0.0
0.0
68123000.0
68123000.0
0.0
68123000.0
68123000.0
0.0
0.0
68123000.0
68123000.0
0.0
68123000.0
68123000.0
0.0
0.0
0.0
68123000.0
68123000.0
0.0
68123000.0
68123000.0
0.0
0.0
68123000.0
68123000.0
0.0
68123000.0
68123000.0
0.0
0.0
0.0
0.0
68123000.0
68123000.0
0.0
68123000.0
68123000.0
0.0
0.0
68123000.0
68123000.0
0.0
68123000.0
68123000.0
0.0
0.0
0.0
68123000.0
68123000.0
0.0
68123000.0
68123000.0
0.0
0.0
68123000.0
68123000.0
0.0
68123000.0
68123000.0
0.0
0.0
0.0
0.0
0.0
0.0
68123000.0
68123000.0
0.0
68123000.0
68123000.0
0.0
0.0
68123000.0
68123000.0
0.0
68123000.0
68123000.0
0.0
0.0
0.0
68123000.0
68123000.0
0.0
68123000.0
68123000.0
0.0
0.0
68123000.0
68123000.0
0.0
68123000.0
68123000.0
0.0
0.0
0.0
0.0
68123000.0
68123000.0
0.0
68123000.0
68123000.0
0.0
0.0
68123000.0
68123000.0
0.0
68123000.0
68123000.0
0.0
0.0
0.0
68123000.0
68123000.0
0.0
68123000.0
68123000.0
0.0
0.0
68123000.0
68123000.0
0.0
68123000.0
68123000.0
0.0
0.0
0.0
0.0
0.0
68123000.0
68123000.0
0.0
68123000.0
68123000.0
0.0
0.0
68123000.0
68123000.0
0.0
68123000.0
68123000.0
0.0
0.0
0.0
68123000.0
68123000.0
0.0
68123000.0
68123000.0
0.0
0.0
68123000.0
68123000.0
0.0
68123000.0
68123000.0
0.0
0.0
0.0
0.0
68123000.0
68123000.0
0.0
68123000.0
68123000.0
0.0
0.0
68123000.0
68123000.0
0.0
68123000.0
68123000.0
0.0
0.0
0.0
68123000.0
68123000.0
0.0
68123000.0
68123000.0
0.0
0.0
68123000.0
68123000.0
0.0
68123000.0
68123000.0
0.0
0.0
0.0
0.0
0.0
0.0
0.0
68123000.0
68123000.0
0.0
68123000.0
68123000.0
0.0
0.0
68123000.0
68123000.0
0.0
68123000.0
68123000.0
0.0
0.0
0.0
68123000.0
68123000.0
0.0
68123000.0
68123000.0
0.0
0.0
68123000.0
68123000.0
0.0
68123000.0
68123000.0
0.0
0.0
0.0
0.0
68123000.0
68123000.0
0.0
68123000.0
68123000.0
0.0
0.0
68123000.0
68123000.0
0.0
68123000.0
68123000.0
0.0
0.0
0.0
68123000.0
68123000.0
0.0
68123000.0
68123000.0
0.0
0.0
68123000.0
68123000.0
0.0
68123000.0
68123000.0
0.0
0.0
0.0
0.0
0.0
68123000.0
68123000.0
0.0
68123000.0
68123000.0
0.0
0.0
68123000.0
68123000.0
0.0
68123000.0
68123000.0
0.0
0.0
0.0
68123000.0
68123000.0
0.0
68123000.0
68123000.0
0.0
0.0
68123000.0
68123000.0
0.0
68123000.0
68123000.0
0.0
0.0
0.0
0.0
68123000.0
68123000.0
0.0
68123000.0
68123000.0
0.0
0.0
68123000.0
68123000.0
0.0
68123000.0
68123000.0
0.0
0.0
0.0
68123000.0
68123000.0
0.0
68123000.0
68123000.0
0.0
0.0
68123000.0
68123000.0
0.0
68123000.0
68123000.0
0.0
0.0
0.0
0.0
0.0
0.0
68123000.0
68123000.0
0.0
68123000.0
68123000.0
0.0
0.0
68123000.0
68123000.0
0.0
68123000.0
68123000.0
0.0
0.0
0.0
68123000.0
68123000.0
0.0
68123000.0
68123000.0
0.0
0.0
68123000.0
68123000.0
0.0
68123000.0
68123000.0
0.0
0.0
0.0
0.0
68123000.0
68123000.0
0.0
68123000.0
68123000.0
0.0
0.0
68123000.0
68123000.0
0.0
68123000.0
68123000.0
0.0
0.0
0.0
68123000.0
68123000.0
0.0
68123000.0
68123000.0
0.0
0.0
68123000.0
68123000.0
0.0
68123000.0
68123000.0
0.0
0.0
0.0
0.0
0.0
68123000.0
68123000.0
0.0
68123000.0
68123000.0
0.0
0.0
68123000.0
68123000.0
0.0
68123000.0
68123000.0
0.0
0.0
0.0
68123000.0
68123000.0
0.0
68123000.0
68123000.0
0.0
0.0
68123000.0
68123000.0
0.0
68123000.0
68123000.0
0.0
0.0
0.0
0.0
68123000.0
68123000.0
0.0
68123000.0
68123000.0
0.0
0.0
68123000.0
68123000.0
0.0
68123000.0
68123000.0
0.0
0.0
0.0
68123000.0
68123000.0
0.0
68123000.0
68123000.0
0.0
0.0
68123000.0
68123000.0
0.0
0.0
0.0
0.0
0.0
0.0
0.0
0.0
0.0
0.0
0.0
0.0
0.0
0.0
0.0
0.0
0.0
0.0
0.0
0.0
0.0
0.0
0.0
0.0
0.0
0.0
0.0
0.0
0.0
0.0
0.0
0.0
0.0
0.0
0.0
0.0
0.0
0.0
0.0
0.0
0.0
0.0
0.0
0.0
0.0
0.0
0.0
0.0
0.0
0.0
0.0
0.0
0.0
0.0
0.0
0.0
0.0
0.0
0.0
0.0
0.0
0.0
0.0
0.0
0.0
0.0
0.0
0.0
0.0
0.0
0.0
0.0
0.0
0.0
0.0
0.0
0.0
0.0
0.0
0.0
0.0
0.0
0.0
0.0
0.0
0.0
0.0
0.0
0.0
0.0
0.0
0.0
0.0
0.0
0.0
0.0
0.0
0.0
0.0
0.0
0.0
0.0
0.0
0.0
0.0
0.0
0.0
0.0
0.0
0.0
0.0
0.0
0.0
0.0
0.0
0.0
0.0
0.0
0.0
0.0
0.0
0.0
0.0
0.0
0.0
0.0
0.0
0.0
0.0
0.0
0.0
0.0
0.0
0.0
0.0
0.0
0.0
0.0
0.0
0.0
0.0
0.0
0.0
0.0
0.0
0.0
0.0
0.0
0.0
0.0
0.0
0.0
0.0
0.0
0.0
0.0
0.0
0.0
0.0
0.0
0.0
0.0
0.0
0.0
0.0
0.0
0.0
0.0
0.0
0.0
0.0
0.0
0.0
0.0
0.0
0.0
0.0
0.0
0.0
0.0
0.0
0.0
0.0
0.0
0.0
0.0
0.0
0.0
0.0
0.0
0.0
0.0
0.0
0.0
0.0
0.0
0.0
0.0
0.0
0.0
0.0
0.0
0.0
0.0
0.0
0.0
0.0
0.0
0.0
0.0
0.0
0.0
0.0
0.0
0.0
0.0
0.0
0.0
0.0
0.0
0.0
0.0
0.0
0.0
0.0
0.0
0.0
0.0
0.0
0.0
0.0
0.0
0.0
0.0
0.0
0.0
0.0
0.0
0.0
0.0
0.0
0.0
0.0
0.0
0.0
0.0
0.0
0.0
0.0
0.0
0.0
0.0
0.0
0.0
0.0
0.0
0.0
0.0
0.0
0.0
0.0
0.0
0.0
0.0
0.0
0.0
0.0
0.0
0.0
0.0
0.0
0.0
0.0
0.0
0.0
0.0
0.0
0.0
0.0
0.0
0.0
0.0
0.0
0.0
0.0
0.0
0.0
0.0
0.0
0.0
0.0
0.0
0.0
0.0
0.0
0.0
0.0
0.0
0.0
0.0
0.0
0.0
0.0
0.0
0.0
0.0
0.0
0.0
0.0
0.0
0.0
0.0
0.0
0.0
0.0
0.0
0.0
0.0
0.0
0.0
0.0
0.0
0.0
0.0
0.0
0.0
0.0
0.0
0.0
0.0
0.0
0.0
0.0
0.0
0.0
0.0
0.0
0.0
0.0
0.0
0.0
0.0
0.0
0.0
0.0
0.0
0.0
0.0
0.0
0.0
0.0
0.0
0.0
0.0
0.0
0.0
0.0
0.0
0.0
0.0
0.0
0.0
0.0
0.0
0.0
0.0
0.0
0.0
0.0
0.0
0.0
0.0
0.0
0.0
0.0
0.0
0.0
0.0
0.0
0.0
0.0
0.0
0.0
0.0
0.0
0.0
0.0
0.0
0.0
0.0
0.0
0.0
0.0
0.0
0.0
0.0
0.0
0.0
0.0
0.0
0.0
0.0
0.0
0.0
0.0
0.0
0.0
0.0
0.0
0.0
0.0
0.0
0.0
0.0
0.0
0.0
0.0
0.0
0.0
0.0
0.0
0.0
0.0
0.0
0.0
0.0
0.0
0.0
0.0
0.0
0.0
0.0
0.0
0.0
0.0
0.0
0.0
0.0
0.0
0.0
0.0
0.0
0.0
0.0
0.0
0.0
0.0
0.0
0.0
0.0
0.0
0.0
0.0
0.0
0.0
0.0
0.0
0.0
0.0
0.0
0.0
0.0
0.0
0.0
0.0
0.0
0.0
0.0
0.0
0.0
0.0
0.0
0.0
0.0
0.0
0.0
0.0
0.0
0.0
0.0
0.0
0.0
0.0
0.0
0.0
0.0
0.0
0.0
0.0
0.0
0.0
0.0
0.0
0.0
0.0
0.0
0.0
0.0
0.0
0.0
0.0
0.0
0.0
0.0
0.0
0.0
0.0
0.0
0.0
0.0
0.0
0.0
0.0
0.0
0.0
0.0
0.0
0.0
0.0
0.0
0.0
0.0
0.0
0.0
0.0
0.0
0.0
0.0
0.0
0.0
0.0
0.0
0.0
0.0
0.0
0.0
0.0
0.0
0.0
0.0
0.0
0.0
0.0
0.0
0.0
0.0
0.0
0.0
0.0
0.0
0.0
0.0
0.0
0.0
0.0
0.0
0.0
0.0
0.0
0.0
0.0
0.0
0.0
0.0
0.0
0.0
0.0
0.0
0.0
0.0
0.0
0.0
0.0
0.0
0.0
0.0
0.0
0.0
0.0
0.0
0.0
0.0
0.0
0.0
0.0
0.0
0.0
0.0
0.0
0.0
0.0
0.0
0.0
0.0
0.0
0.0
0.0
0.0
0.0
0.0
0.0
0.0
0.0
0.0
0.0
0.0
0.0
0.0
0.0
0.0
0.0
0.0
0.0
0.0
0.0
0.0
0.0
0.0
0.0
0.0
0.0
0.0
0.0
0.0
0.0
0.0
0.0
0.0
0.0
0.0
0.0
0.0
0.0
0.0
0.0
0.0
0.0
0.0
0.0
0.0
0.0
0.0
0.0
0.0
0.0
0.0
0.0
0.0
0.0
0.0
0.0
0.0
0.0
0.0
0.0
0.0
0.0
0.0
0.0
0.0
0.0
0.0
0.0
0.0
0.0
0.0
0.0
0.0
0.0
0.0
0.0
0.0
0.0
0.0
0.0
0.0
0.0
0.0
0.0
0.0
0.0
0.0
0.0
0.0
0.0
0.0
0.0
0.0
0.0
0.0
0.0
0.0
0.0
0.0
0.0
0.0
0.0
0.0
0.0
0.0
0.0
0.0
0.0
0.0
0.0
0.0
0.0
0.0
0.0
0.0
0.0
0.0
0.0
0.0
0.0
0.0
0.0
0.0
0.0
0.0
0.0
0.0
0.0
0.0
0.0
0.0
0.0
0.0
0.0
0.0
0.0
0.0
0.0
0.0
0.0
0.0
0.0
0.0
0.0
0.0
0.0
0.0
0.0
0.0
0.0
0.0
0.0
0.0
0.0
0.0
0.0
0.0
0.0
0.0
0.0
0.0
0.0
0.0
0.0
0.0
0.0
0.0
0.0
0.0
0.0
0.0
0.0
0.0
0.0
0.0
0.0
0.0
0.0
0.0
0.0
0.0
0.0
0.0
0.0
0.0
0.0
0.0
0.0
0.0
0.0
0.0
0.0
0.0
0.0
0.0
0.0
0.0
0.0
0.0
0.0
0.0
0.0
0.0
0.0
0.0
0.0
0.0
0.0
0.0
0.0
0.0
0.0
0.0
0.0
0.0
0.0
0.0
0.0
0.0
0.0
0.0
0.0
0.0
0.0
0.0
0.0
0.0
0.0
0.0
0.0
0.0
0.0
0.0
0.0
0.0
0.0
0.0
0.0
0.0
0.0
0.0
0.0
0.0
0.0
0.0
0.0
0.0
0.0
0.0
0.0
0.0
0.0
0.0
0.0
0.0
0.0
0.0
0.0
0.0
0.0
0.0
0.0
0.0
0.0
0.0
0.0
0.0
0.0
0.0
0.0
0.0
0.0
0.0
0.0
0.0
0.0
0.0
0.0
0.0
0.0
0.0
0.0
0.0
0.0
0.0
0.0
0.0
0.0
0.0
0.0
0.0
0.0
0.0
0.0
0.0
0.0
0.0
0.0
0.0
0.0
0.0
0.0
0.0
0.0
0.0
0.0
0.0
0.0
0.0
0.0
0.0
0.0
0.0
0.0
0.0
0.0
0.0
0.0
0.0
0.0
0.0
0.0
0.0
0.0
0.0
0.0
0.0
0.0
0.0
0.0
0.0
0.0
0.0
0.0
0.0
0.0
0.0
0.0
0.0
0.0
0.0
0.0
0.0
0.0
0.0
0.0
0.0
0.0
0.0
0.0
0.0
0.0
0.0
0.0
0.0
0.0
0.0
0.0
0.0
0.0
0.0
0.0
0.0
0.0
0.0
0.0
0.0
0.0
0.0
0.0
0.0
0.0
0.0
0.0
0.0
0.0
0.0
0.0
0.0
0.0
0.0
0.0
0.0
0.0
0.0
0.0
0.0
0.0
0.0
0.0
0.0
0.0
0.0
0.0
0.0
0.0
0.0
0.0
0.0
0.0
0.0
0.0
0.0
0.0
0.0
0.0
0.0
0.0
0.0
0.0
0.0
0.0
0.0
0.0
0.0
0.0
0.0
0.0
0.0
0.0
0.0
0.0
0.0
0.0
0.0
0.0
0.0
0.0
0.0
0.0
0.0
0.0
0.0
0.0
0.0
0.0
0.0
0.0
0.0
0.0
0.0
0.0
0.0
0.0
0.0
0.0
0.0
0.0
0.0
0.0
0.0
0.0
0.0
0.0
0.0
0.0
0.0
0.0
0.0
0.0
0.0
0.0
0.0
0.0
0.0
0.0
0.0
0.0
0.0
0.0
0.0
0.0
0.0
0.0
0.0
0.0
0.0
0.0
0.0
0.0
0.0
0.0
0.0
0.0
0.0
0.0
0.0
0.0
0.0
0.0
0.0
0.0
0.0
0.0
0.0
0.0
0.0
0.0
0.0
0.0
0.0
0.0
0.0
0.0
0.0
0.0
0.0
0.0
0.0
0.0
0.0
0.0
0.0
0.0
0.0
0.0
0.0
0.0
0.0
0.0
0.0
0.0
0.0
0.0
0.0
0.0
0.0
0.0
0.0
0.0
0.0
0.0
0.0
0.0
0.0
0.0
0.0
0.0
0.0
0.0
0.0
0.0
0.0
0.0
0.0
0.0
0.0
0.0
0.0
0.0
0.0
0.0
0.0
0.0
0.0
0.0
0.0
0.0
0.0
0.0
0.0
0.0
0.0
0.0
0.0
0.0
0.0
0.0
0.0
0.0
0.0
0.0
0.0
0.0
0.0
0.0
0.0
0.0
0.0
0.0
0.0
0.0
0.0
0.0
0.0
0.0
0.0
0.0
0.0
0.0
0.0
0.0
0.0
0.0
0.0
0.0
0.0
0.0
0.0
0.0
0.0
0.0
0.0
0.0
0.0
0.0
0.0
0.0
0.0
0.0
0.0
0.0
0.0
0.0
0.0
0.0
0.0
0.0
0.0
0.0
0.0
0.0
0.0
0.0
0.0
0.0
0.0
0.0
0.0
0.0
0.0
0.0
0.0
0.0
0.0
0.0
0.0
0.0
0.0
0.0
0.0
0.0
0.0
0.0
0.0
0.0
0.0
0.0
0.0
0.0
0.0
0.0
0.0
0.0
0.0
0.0
0.0
0.0
0.0
0.0
0.0
0.0
0.0
0.0
0.0
0.0
0.0
0.0
0.0
0.0
0.0
0.0
0.0
0.0
0.0
0.0
0.0
0.0
0.0
0.0
0.0
0.0
0.0
0.0
0.0
0.0
0.0
0.0
0.0
0.0
0.0
0.0
0.0
0.0
0.0
0.0
0.0
0.0
0.0
0.0
0.0
0.0
0.0
0.0
0.0
0.0
0.0
0.0
0.0
0.0
0.0
0.0
0.0
0.0
0.0
0.0
0.0
0.0
0.0
0.0
0.0
0.0
0.0
0.0
0.0
0.0
0.0
0.0
0.0
0.0
0.0
0.0
0.0
0.0
0.0
0.0
0.0
0.0
0.0
0.0
0.0
0.0
0.0
0.0
0.0
0.0
0.0
0.0
0.0
0.0
0.0
0.0
0.0
0.0
0.0
0.0
0.0
0.0
0.0
0.0
0.0
0.0
0.0
0.0
0.0
0.0
0.0
0.0
0.0
0.0
0.0
0.0
0.0
0.0
0.0
0.0
0.0
0.0
0.0
0.0
0.0
0.0
0.0
0.0
0.0
0.0
0.0
0.0
0.0
0.0
0.0
0.0
0.0
0.0
0.0
0.0
0.0
0.0
0.0
0.0
0.0
0.0
0.0
0.0
0.0
0.0
0.0
0.0
0.0
0.0
0.0
0.0
0.0
0.0
0.0
0.0
0.0
0.0
0.0
0.0
0.0
0.0
0.0
0.0
0.0
0.0
0.0
0.0
0.0
0.0
0.0
0.0
0.0
0.0
0.0
0.0
0.0
0.0
0.0
0.0
0.0
0.0
0.0
0.0
0.0
0.0
0.0
0.0
0.0
0.0
0.0
0.0
0.0
0.0
0.0
0.0
0.0
0.0
0.0
0.0
0.0
0.0
0.0
0.0
0.0
0.0
0.0
0.0
0.0
0.0
0.0
0.0
0.0
0.0
0.0
0.0
0.0
0.0
0.0
0.0
0.0
0.0
0.0
0.0
0.0
0.0
0.0
0.0
0.0
0.0
0.0
0.0
0.0
0.0
0.0
0.0
0.0
0.0
0.0
0.0
0.0
0.0
0.0
0.0
0.0
0.0
0.0
0.0
0.0
0.0
0.0
0.0
0.0
0.0
0.0
0.0
0.0
0.0
0.0
0.0
0.0
0.0
0.0
0.0
0.0
0.0
0.0
0.0
0.0
0.0
0.0
0.0
0.0
0.0
0.0
0.0
0.0
0.0
0.0
0.0
0.0
0.0
SCALARS R2 double 1
LOOKUP_TABLE default
0.0
0.0
0.0
0.0
0.0
0.0
0.0
0.0
0.0
0.0
0.0
3101300000.0
3101300000.0
0.0
3101300000.0
3101300000.0
0.0
0.0
3101300000.0
3101300000.0
0.0
3101300000.0
3101300000.0
0.0
0.0
0.0
3101300000.0
3101300000.0
0.0
3101300000.0
3101300000.0
0.0
0.0
3101300000.0
3101300000.0
0.0
3101300000.0
3101300000.0
0.0
0.0
0.0
0.0
3101300000.0
3101300000.0
0.0
3101300000.0
3101300000.0
0.0
0.0
3101300000.0
3101300000.0
0.0
3101300000.0
3101300000.0
0.0
0.0
0.0
3101300000.0
3101300000.0
0.0
3101300000.0
3101300000.0
0.0
0.0
3101300000.0
3101300000.0
0.0
3101300000.0
3101300000.0
0.0
0.0
0.0
0.0
0.0
3101300000.0
3101300000.0
0.0
3101300000.0
3101300000.0
0.0
0.0
3101300000.0
3101300000.0
0.0
3101300000.0
3101300000.0
0.0
0.0
0.0
3101300000.0
3101300000.0
0.0
3101300000.0
3101300000.0
0.0
0.0
3101300000.0
3101300000.0
0.0
3101300000.0
3101300000.0
0.0
0.0
0.0
0.0
3101300000.0
3101300000.0
0.0
3101300000.0
3101300000.0
0.0
0.0
3101300000.0
3101300000.0
0.0
3101300000.0
3101300000.0
0.0
0.0
0.0
3101300000.0
3101300000.0
0.0
3101300000.0
3101300000.0
0.0
0.0
3101300000.0
3101300000.0
0.0
3101300000.0
3101300000.0
0.0
0.0
0.0
0.0
0.0
0.0
3101300000.0
3101300000.0
0.0
3101300000.0
3101300000.0
0.0
0.0
3101300000.0
3101300000.0
0.0
3101300000.0
3101300000.0
0.0
0.0
0.0
3101300000.0
3101300000.0
0.0
3101300000.0
3101300000.0
0.0
0.0
3101300000.0
3101300000.0
0.0
3101300000.0
3101300000.0
0.0
0.0
0.0
0.0
3101300000.0
3101300000.0
0.0
3101300000.0
3101300000.0
0.0
0.0
3101300000.0
3101300000.0
0.0
3101300000.0
3101300000.0
0.0
0.0
0.0
3101300000.0
3101300000.0
0.0
3101300000.0
3101300000.0
0.0
0.0
3101300000.0
3101300000.0
0.0
3101300000.0
3101300000.0
0.0
0.0
0.0
0.0
0.0
3101300000.0
3101300000.0
0.0
3101300000.0
3101300000.0
0.0
0.0
3101300000.0
3101300000.0
0.0
3101300000.0
3101300000.0
0.0
0.0
0.0
3101300000.0
3101300000.0
0.0
3101300000.0
3101300000.0
0.0
0.0
3101300000.0
3101300000.0
0.0
3101300000.0
3101300000.0
0.0
0.0
0.0
0.0
3101300000.0
3101300000.0
0.0
3101300000.0
3101300000.0
0.0
0.0
3101300000.0
3101300000.0
0.0
3101300000.0
3101300000.0
0.0
0.0
0.0
3101300000.0
3101300000.0
0.0
3101300000.0
3101300000.0
0.0
0.0
3101300000.0
3101300000.0
0.0
3101300000.0
3101300000.0
0.0
0.0
0.0
0.0
0.0
0.0
0.0
3101300000.0
3101300000.0
0.0
3101300000.0
3101300000.0
0.0
0.0
3101300000.0
3101300000.0
0.0
3101300000.0
3101300000.0
0.0
0.0
0.0
3101300000.0
3101300000.0
0.0
3101300000.0
3101300000.0
0.0
0.0
3101300000.0
3101300000.0
0.0
3101300000.0
3101300000.0
0.0
0.0
0.0
0.0
3101300000.0
3101300000.0
0.0
3101300000.0
3101300000.0
0.0
0.0
3101300000.0
3101300000.0
0.0
3101300000.0
3101300000.0
0.0
0.0
0.0
3101300000.0
3101300000.0
0.0
3101300000.0
3101300000.0
0.0
0.0
3101300000.0
3101300000.0
0.0
3101300000.0
3101300000.0
0.0
0.0
0.0
0.0
0.0
3101300000.0
3101300000.0
0.0
3101300000.0
3101300000.0
0.0
0.0
3101300000.0
3101300000.0
0.0
3101300000.0
3101300000.0
0.0
0.0
0.0
3101300000.0
3101300000.0
0.0
3101300000.0
3101300000.0
0.0
0.0
3101300000.0
3101300000.0
0.0
3101300000.0
3101300000.0
0.0
0.0
0.0
0.0
3101300000.0
3101300000.0
0.0
3101300000.0
3101300000.0
0.0
0.0
3101300000.0
3101300000.0
0.0
3101300000.0
3101300000.0
0.0
0.0
0.0
3101300000.0
3101300000.0
0.0
3101300000.0
3101300000.0
0.0
0.0
3101300000.0
3101300000.0
0.0
3101300000.0
3101300000.0
0.0
0.0
0.0
0.0
0.0
0.0
3101300000.0
3101300000.0
0.0
3101300000.0
3101300000.0
0.0
0.0
3101300000.0
3101300000.0
0.0
3101300000.0
3101300000.0
0.0
0.0
0.0
3101300000.0
3101300000.0
0.0
3101300000.0
3101300000.0
0.0
0.0
3101300000.0
3101300000.0
0.0
3101300000.0
3101300000.0
0.0
0.0
0.0
0.0
3101300000.0
3101300000.0
0.0
3101300000.0
3101300000.0
0.0
0.0
3101300000.0
3101300000.0
0.0
3101300000.0
3101300000.0
0.0
0.0
0.0
3101300000.0
3101300000.0
0.0
3101300000.0
3101300000.0
0.0
0.0
3101300000.0
3101300000.0
0.0
3101300000.0
3101300000.0
0.0
0.0
0.0
0.0
0.0
3101300000.0
3101300000.0
0.0
3101300000.0
3101300000.0
0.0
0.0
3101300000.0
3101300000.0
0.0
3101300000.0
3101300000.0
0.0
0.0
0.0
3101300000.0
3101300000.0
0.0
3101300000.0
3101300000.0
0.0
0.0
3101300000.0
3101300000.0
0.0
3101300000.0
3101300000.0
0.0
0.0
0.0
0.0
3101300000.0
3101300000.0
0.0
3101300000.0
3101300000.0
0.0
0.0
3101300000.0
3101300000.0
0.0
3101300000.0
3101300000.0
0.0
0.0
0.0
3101300000.0
3101300000.0
0.0
3101300000.0
3101300000.0
0.0
0.0
3101300000.0
3101300000.0
0.0
0.0
0.0
0.0
0.0
0.0
0.0
0.0
0.0
0.0
0.0
0.0
0.0
0.0
0.0
0.0
0.0
0.0
0.0
0.0
0.0
0.0
0.0
0.0
0.0
0.0
0.0
0.0
0.0
0.0
0.0
0.0
0.0
0.0
0.0
0.0
0.0
0.0
0.0
0.0
0.0
0.0
0.0
0.0
0.0
0.0
0.0
0.0
0.0
0.0
0.0
0.0
0.0
0.0
0.0
0.0
0.0
0.0
0.0
0.0
0.0
0.0
0.0
0.0
0.0
0.0
0.0
0.0
0.0
0.0
0.0
0.0
0.0
0.0
0.0
0.0
0.0
0.0
0.0
0.0
0.0
0.0
0.0
0.0
0.0
0.0
0.0
0.0
0.0
0.0
0.0
0.0
0.0
0.0
0.0
0.0
0.0
0.0
0.0
0.0
0.0
0.0
0.0
0.0
0.0
0.0
0.0
0.0
0.0
0.0
0.0
0.0
0.0
0.0
0.0
0.0
0.0
0.0
0.0
0.0
0.0
0.0
0.0
0.0
0.0
0.0
0.0
0.0
0.0
0.0
0.0
0.0
0.0
0.0
0.0
0.0
0.0
0.0
0.0
0.0
0.0
0.0
0.0
0.0
0.0
0.0
0.0
0.0
0.0
0.0
0.0
0.0
0.0
0.0
0.0
0.0
0.0
0.0
0.0
0.0
0.0
0.0
0.0
0.0
0.0
0.0
0.0
0.0
0.0
0.0
0.0
0.0
0.0
0.0
0.0
0.0
0.0
0.0
0.0
0.0
0.0
0.0
0.0
0.0
0.0
0.0
0.0
0.0
0.0
0.0
0.0
0.0
0.0
0.0
0.0
0.0
0.0
0.0
0.0
0.0
0.0
0.0
0.0
0.0
0.0
0.0
0.0
0.0
0.0
0.0
0.0
0.0
0.0
0.0
0.0
0.0
0.0
0.0
0.0
0.0
0.0
0.0
0.0
0.0
0.0
0.0
0.0
0.0
0.0
0.0
0.0
0.0
0.0
0.0
0.0
0.0
0.0
0.0
0.0
0.0
0.0
0.0
0.0
0.0
0.0
0.0
0.0
0.0
0.0
0.0
0.0
0.0
0.0
0.0
0.0
0.0
0.0
0.0
0.0
0.0
0.0
0.0
0.0
0.0
0.0
0.0
0.0
0.0
0.0
0.0
0.0
0.0
0.0
0.0
0.0
0.0
0.0
0.0
0.0
0.0
0.0
0.0
0.0
0.0
0.0
0.0
0.0
0.0
0.0
0.0
0.0
0.0
0.0
0.0
0.0
0.0
0.0
0.0
0.0
0.0
0.0
0.0
0.0
0.0
0.0
0.0
0.0
0.0
0.0
0.0
0.0
0.0
0.0
0.0
0.0
0.0
0.0
0.0
0.0
0.0
0.0
0.0
0.0
0.0
0.0
0.0
0.0
0.0
0.0
0.0
0.0
0.0
0.0
0.0
0.0
0.0
0.0
0.0
0.0
0.0
0.0
0.0
0.0
0.0
0.0
0.0
0.0
0.0
0.0
0.0
0.0
0.0
0.0
0.0
0.0
0.0
0.0
0.0
0.0
0.0
0.0
0.0
0.0
0.0
0.0
0.0
0.0
0.0
0.0
0.0
0.0
0.0
0.0
0.0
0.0
0.0
0.0
0.0
0.0
0.0
0.0
0.0
0.0
0.0
0.0
0.0
0.0
0.0
0.0
0.0
0.0
0.0
0.0
0.0
0.0
0.0
0.0
0.0
0.0
0.0
0.0
0.0
0.0
0.0
0.0
0.0
0.0
0.0
0.0
0.0
0.0
0.0
0.0
0.0
0.0
0.0
0.0
0.0
0.0
0.0
0.0
0.0
0.0
0.0
0.0
0.0
0.0
0.0
0.0
0.0
0.0
0.0
0.0
0.0
0.0
0.0
0.0
0.0
0.0
0.0
0.0
0.0
0.0
0.0
0.0
0.0
0.0
0.0
0.0
0.0
0.0
0.0
0.0
0.0
0.0
0.0
0.0
0.0
0.0
0.0
0.0
0.0
0.0
0.0
0.0
0.0
0.0
0.0
0.0
0.0
0.0
0.0
0.0
0.0
0.0
0.0
0.0
0.0
0.0
0.0
0.0
0.0
0.0
0.0
0.0
0.0
0.0
0.0
0.0
0.0
0.0
0.0
0.0
0.0
0.0
0.0
0.0
0.0
0.0
0.0
0.0
0.0
0.0
0.0
0.0
0.0
0.0
0.0
0.0
0.0
0.0
0.0
0.0
0.0
0.0
0.0
0.0
0.0
0.0
0.0
0.0
0.0
0.0
0.0
0.0
0.0
0.0
0.0
0.0
0.0
0.0
0.0
0.0
0.0
0.0
0.0
0.0
0.0
0.0
0.0
0.0
0.0
0.0
0.0
0.0
0.0
0.0
0.0
0.0
0.0
0.0
0.0
0.0
0.0
0.0
0.0
0.0
0.0
0.0
0.0
0.0
0.0
0.0
0.0
0.0
0.0
0.0
0.0
0.0
0.0
0.0
0.0
0.0
0.0
0.0
0.0
0.0
0.0
0.0
0.0
0.0
0.0
0.0
0.0
0.0
0.0
0.0
0.0
0.0
0.0
0.0
0.0
0.0
0.0
0.0
0.0
0.0
0.0
0.0
0.0
0.0
0.0
0.0
0.0
0.0
0.0
0.0
0.0
0.0
0.0
0.0
0.0
0.0
0.0
0.0
0.0
0.0
0.0
0.0
0.0
0.0
0.0
0.0
0.0
0.0
0.0
0.0
0.0
0.0
0.0
0.0
0.0
0.0
0.0
0.0
0.0
0.0
0.0
0.0
0.0
0.0
0.0
0.0
0.0
0.0
0.0
0.0
0.0
0.0
0.0
0.0
0.0
0.0
0.0
0.0
0.0
0.0
0.0
0.0
0.0
0.0
0.0
0.0
0.0
0.0
0.0
0.0
0.0
0.0
0.0
0.0
0.0
0.0
0.0
0.0
0.0
0.0
0.0
0.0
0.0
0.0
0.0
0.0
0.0
0.0
0.0
0.0
0.0
0.0
0.0
0.0
0.0
0.0
0.0
0.0
0.0
0.0
0.0
0.0
0.0
0.0
0.0
0.0
0.0
0.0
0.0
0.0
0.0
0.0
0.0
0.0
0.0
0.0
0.0
0.0
0.0
0.0
0.0
0.0
0.0
0.0
0.0
0.0
0.0
0.0
0.0
0.0
0.0
0.0
0.0
0.0
0.0
0.0
0.0
0.0
0.0
0.0
0.0
0.0
0.0
0.0
0.0
0.0
0.0
0.0
0.0
0.0
0.0
0.0
0.0
0.0
0.0
0.0
0.0
0.0
0.0
0.0
0.0
0.0
0.0
0.0
0.0
0.0
0.0
0.0
0.0
0.0
0.0
0.0
0.0
0.0
0.0
0.0
0.0
0.0
0.0
0.0
0.0
0.0
0.0
0.0
0.0
0.0
0.0
0.0
0.0
0.0
0.0
0.0
0.0
0.0
0.0
0.0
0.0
0.0
0.0
0.0
0.0
0.0
0.0
0.0
0.0
0.0
0.0
0.0
0.0
0.0
0.0
0.0
0.0
0.0
0.0
0.0
0.0
0.0
0.0
0.0
0.0
0.0
0.0
0.0
0.0
0.0
0.0
0.0
0.0
0.0
0.0
0.0
0.0
0.0
0.0
0.0
0.0
0.0
0.0
0.0
0.0
0.0
0.0
0.0
0.0
0.0
0.0
0.0
0.0
0.0
0.0
0.0
0.0
0.0
0.0
0.0
0.0
0.0
0.0
0.0
0.0
0.0
0.0
0.0
0.0
0.0
0.0
0.0
0.0
0.0
0.0
0.0
0.0
0.0
0.0
0.0
0.0
0.0
0.0
0.0
0.0
0.0
0.0
0.0
0.0
0.0
0.0
0.0
0.0
0.0
0.0
0.0
0.0
0.0
0.0
0.0
0.0
0.0
0.0
0.0
0.0
0.0
0.0
0.0
0.0
0.0
0.0
0.0
0.0
0.0
0.0
0.0
0.0
0.0
0.0
0.0
0.0
0.0
0.0
0.0
0.0
0.0
0.0
0.0
0.0
0.0
0.0
0.0
0.0
0.0
0.0
0.0
0.0
0.0
0.0
0.0
0.0
0.0
0.0
0.0
0.0
0.0
0.0
0.0
0.0
0.0
0.0
0.0
0.0
0.0
0.0
0.0
0.0
0.0
0.0
0.0
0.0
0.0
0.0
0.0
0.0
0.0
0.0
0.0
0.0
0.0
0.0
0.0
0.0
0.0
0.0
0.0
0.0
0.0
0.0
0.0
0.0
0.0
0.0
0.0
0.0
0.0
0.0
0.0
0.0
0.0
0.0
0.0
0.0
0.0
0.0
0.0
0.0
0.0
0.0
0.0
0.0
0.0
0.0
0.0
0.0
0.0
0.0
0.0
0.0
0.0
0.0
0.0
0.0
0.0
0.0
0.0
0.0
0.0
0.0
0.0
0.0
0.0
0.0
0.0
0.0
0.0
0.0
0.0
0.0
0.0
0.0
0.0
0.0
0.0
0.0
0.0
0.0
0.0
0.0
0.0
0.0
0.0
0.0
0.0
0.0
0.0
0.0
0.0
0.0
0.0
0.0
0.0
0.0
0.0
0.0
0.0
0.0
0.0
0.0
0.0
0.0
0.0
0.0
0.0
0.0
0.0
0.0
0.0
0.0
0.0
0.0
0.0
0.0
0.0
0.0
0.0
0.0
0.0
0.0
0.0
0.0
0.0
0.0
0.0
0.0
0.0
0.0
0.0
0.0
0.0
0.0
0.0
0.0
0.0
0.0
0.0
0.0
0.0
0.0
0.0
0.0
0.0
0.0
0.0
0.0
0.0
0.0
0.0
0.0
0.0
0.0
0.0
0.0
0.0
0.0
0.0
0.0
0.0
0.0
0.0
0.0
0.0
0.0
0.0
0.0
0.0
0.0
0.0
0.0
0.0
0.0
0.0
0.0
0.0
0.0
0.0
0.0
0.0
0.0
0.0
0.0
0.0
0.0
0.0
0.0
0.0
0.0
0.0
0.0
0.0
0.0
0.0
0.0
0.0
0.0
0.0
0.0
0.0
0.0
0.0
0.0
0.0
0.0
0.0
0.0
0.0
0.0
0.0
0.0
0.0
0.0
0.0
0.0
0.0
0.0
0.0
0.0
0.0
0.0
0.0
0.0
0.0
0.0
0.0
0.0
0.0
0.0
0.0
0.0
0.0
0.0
0.0
0.0
0.0
0.0
0.0
0.0
0.0
0.0
0.0
0.0
0.0
0.0
0.0
0.0
0.0
0.0
0.0
0.0
0.0
0.0
0.0
0.0
0.0
0.0
0.0
0.0
0.0
0.0
0.0
0.0
0.0
0.0
0.0
0.0
0.0
0.0
0.0
0.0
0.0
0.0
0.0
0.0
0.0
0.0
0.0
0.0
0.0
0.0
0.0
0.0
0.0
0.0
0.0
0.0
0.0
0.0
0.0
0.0
0.0
0.0
0.0
0.0
0.0
0.0
0.0
0.0
0.0
0.0
0.0
0.0
0.0
0.0
0.0
0.0
0.0
0.0
0.0
0.0
0.0
0.0
0.0
0.0
0.0
0.0
0.0
0.0
0.0
0.0
0.0
0.0
0.0
0.0
0.0
0.0
0.0
0.0
0.0
0.0
0.0
0.0
0.0
0.0
0.0
0.0
0.0
0.0
0.0
0.0
0.0
0.0
0.0
0.0
0.0
0.0
0.0
0.0
0.0
0.0
0.0
0.0
0.0
0.0
0.0
0.0
0.0
0.0
0.0
0.0
0.0
0.0
0.0
0.0
0.0
0.0
0.0
0.0
0.0
0.0
0.0
0.0
0.0
0.0
0.0
0.0
0.0
0.0
0.0
0.0
0.0
0.0
0.0
0.0
0.0
0.0
0.0
0.0
0.0
0.0
0.0
0.0
0.0
0.0
0.0
0.0
0.0
0.0
0.0
0.0
0.0
0.0
0.0
0.0
0.0
0.0
0.0
0.0
0.0
0.0
0.0
0.0
0.0
0.0
0.0
0.0
0.0
0.0
0.0
0.0
0.0
0.0
0.0
0.0
0.0
0.0
0.0
0.0
0.0
0.0
0.0
0.0
0.0
0.0
0.0
0.0
0.0
0.0
0.0
0.0
0.0
0.0
0.0
0.0
0.0
0.0
0.0
0.0
0.0
0.0
0.0
0.0
0.0
0.0
0.0
0.0
0.0
0.0
0.0
0.0
0.0
0.0
0.0
0.0
0.0
0.0
0.0
0.0
0.0
0.0
0.0
0.0
0.0
0.0
0.0
0.0
0.0
0.0
0.0
0.0
0.0
0.0
0.0
0.0
0.0
0.0
0.0
0.0
0.0
0.0
0.0
0.0
0.0
0.0
0.0
0.0
0.0
0.0
0.0
0.0
0.0
0.0
0.0
0.0
0.0
0.0
0.0
0.0
0.0
0.0
0.0
0.0
0.0
0.0
0.0
0.0
0.0
0.0
0.0
0.0
0.0
0.0
0.0
0.0
0.0
0.0
0.0
0.0
0.0
0.0
0.0
0.0
0.0
0.0
0.0
0.0
0.0
0.0
0.0
0.0
0.0
0.0
0.0
0.0
0.0
0.0
0.0
0.0
0.0
0.0
0.0
0.0
0.0
0.0
0.0
0.0
0.0
0.0
0.0
0.0
0.0
0.0
0.0
0.0
0.0
0.0
0.0
0.0
0.0
0.0
0.0
0.0
0.0
0.0
0.0
0.0
0.0
0.0
0.0
0.0
0.0
0.0
0.0
0.0
0.0
SCALARS C double 1
LOOKUP_TABLE default
0.0
0.0
0.0
0.0
0.0
0.0
0.0
0.0
0.0
0.0
0.0
3.6664e-10
3.6664e-10
0.0
3.6664e-10
3.6664e-10
0.0
0.0
3.6664e-10
3.6664e-10
0.0
3.6664e-10
3.6664e-10
0.0
0.0
0.0
3.6664e-10
3.6664e-10
0.0
3.6664e-10
3.6664e-10
0.0
0.0
3.6664e-10
3.6664e-10
0.0
3.6664e-10
3.6664e-10
0.0
0.0
0.0
0.0
3.6664e-10
3.6664e-10
0.0
3.6664e-10
3.6664e-10
0.0
0.0
3.6664e-10
3.6664e-10
0.0
3.6664e-10
3.6664e-10
0.0
0.0
0.0
3.6664e-10
3.6664e-10
0.0
3.6664e-10
3.6664e-10
0.0
0.0
3.6664e-10
3.6664e-10
0.0
3.6664e-10
3.6664e-10
0.0
0.0
0.0
0.0
0.0
3.6664e-10
3.6664e-10
0.0
3.6664e-10
3.6664e-10
0.0
0.0
3.6664e-10
3.6664e-10
0.0
3.6664e-10
3.6664e-10
0.0
0.0
0.0
3.6664e-10
3.6664e-10
0.0
3.6664e-10
3.6664e-10
0.0
0.0
3.6664e-10
3.6664e-10
0.0
3.6664e-10
3.6664e-10
0.0
0.0
0.0
0.0
3.6664e-10
3.6664e-10
0.0
3.6664e-10
3.6664e-10
0.0
0.0
3.6664e-10
3.6664e-10
0.0
3.6664e-10
3.6664e-10
0.0
0.0
0.0
3.6664e-10
3.6664e-10
0.0
3.6664e-10
3.6664e-10
0.0
0.0
3.6664e-10
3.6664e-10
0.0
3.6664e-10
3.6664e-10
0.0
0.0
0.0
0.0
0.0
0.0
3.6664e-10
3.6664e-10
0.0
3.6664e-10
3.6664e-10
0.0
0.0
3.6664e-10
3.6664e-10
0.0
3.6664e-10
3.6664e-10
0.0
0.0
0.0
3.6664e-10
3.6664e-10
0.0
3.6664e-10
3.6664e-10
0.0
0.0
3.6664e-10
3.6664e-10
0.0
3.6664e-10
3.6664e-10
0.0
0.0
0.0
0.0
3.6664e-10
3.6664e-10
0.0
3.6664e-10
3.6664e-10
0.0
0.0
3.6664e-10
3.6664e-10
0.0
3.6664e-10
3.6664e-10
0.0
0.0
0.0
3.6664e-10
3.6664e-10
0.0
3.6664e-10
3.6664e-10
0.0
0.0
3.6664e-10
3.6664e-10
0.0
3.6664e-10
3.6664e-10
0.0
0.0
0.0
0.0
0.0
3.6664e-10
3.6664e-10
0.0
3.6664e-10
3.6664e-10
0.0
0.0
3.6664e-10
3.6664e-10
0.0
3.6664e-10
3.6664e-10
0.0
0.0
0.0
3.6664e-10
3.6664e-10
0.0
3.6664e-10
3.6664e-10
0.0
0.0
3.6664e-10
3.6664e-10
0.0
3.6664e-10
3.6664e-10
0.0
0.0
0.0
0.0
3.6664e-10
3.6664e-10
0.0
3.6664e-10
3.6664e-10
0.0
0.0
3.6664e-10
3.6664e-10
0.0
3.6664e-10
3.6664e-10
0.0
0.0
0.0
3.6664e-10
3.6664e-10
0.0
3.6664e-10
3.6664e-10
0.0
0.0
3.6664e-10
3.6664e-10
0.0
3.6664e-10
3.6664e-10
0.0
0.0
0.0
0.0
0.0
0.0
0.0
3.6664e-10
3.6664e-10
0.0
3.6664e-10
3.6664e-10
0.0
0.0
3.6664e-10
3.6664e-10
0.0
3.6664e-10
3.6664e-10
0.0
0.0
0.0
3.6664e-10
3.6664e-10
0.0
3.6664e-10
3.6664e-10
0.0
0.0
3.6664e-10
3.6664e-10
0.0
3.6664e-10
3.6664e-10
0.0
0.0
0.0
0.0
3.6664e-10
3.6664e-10
0.0
3.6664e-10
3.6664e-10
0.0
0.0
3.6664e-10
3.6664e-10
0.0
3.6664e-10
3.6664e-10
0.0
0.0
0.0
3.6664e-10
3.6664e-10
0.0
3.6664e-10
3.6664e-10
0.0
0.0
3.6664e-10
3.6664e-10
0.0
3.6664e-10
3.6664e-10
0.0
0.0
0.0
0.0
0.0
3.6664e-10
3.6664e-10
0.0
3.6664e-10
3.6664e-10
0.0
0.0
3.6664e-10
3.6664e-10
0.0
3.6664e-10
3.6664e-10
0.0
0.0
0.0
3.6664e-10
3.6664e-10
0.0
3.6664e-10
3.6664e-10
0.0
0.0
3.6664e-10
3.6664e-10
0.0
3.6664e-10
3.6664e-10
0.0
0.0
0.0
0.0
3.6664e-10
3.6664e-10
0.0
3.6664e-10
3.6664e-10
0.0
0.0
3.6664e-10
3.6664e-10
0.0
3.6664e-10
3.6664e-10
0.0
0.0
0.0
3.6664e-10
3.6664e-10
0.0
3.6664e-10
3.6664e-10
0.0
0.0
3.6664e-10
3.6664e-10
0.0
3.6664e-10
3.6664e-10
0.0
0.0
0.0
0.0
0.0
0.0
3.6664e-10
3.6664e-10
0.0
3.6664e-10
3.6664e-10
0.0
0.0
3.6664e-10
3.6664e-10
0.0
3.6664e-10
3.6664e-10
0.0
0.0
0.0
3.6664e-10
3.6664e-10
0.0
3.6664e-10
3.6664e-10
0.0
0.0
3.6664e-10
3.6664e-10
0.0
3.6664e-10
3.6664e-10
0.0
0.0
0.0
0.0
3.6664e-10
3.6664e-10
0.0
3.6664e-10
3.6664e-10
0.0
0.0
3.6664e-10
3.6664e-10
0.0
3.6664e-10
3.6664e-10
0.0
0.0
0.0
3.6664e-10
3.6664e-10
0.0
3.6664e-10
3.6664e-10
0.0
0.0
3.6664e-10
3.6664e-10
0.0
3.6664e-10
3.6664e-10
0.0
0.0
0.0
0.0
0.0
3.6664e-10
3.6664e-10
0.0
3.6664e-10
3.6664e-10
0.0
0.0
3.6664e-10
3.6664e-10
0.0
3.6664e-10
3.6664e-10
0.0
0.0
0.0
3.6664e-10
3.6664e-10
0.0
3.6664e-10
3.6664e-10
0.0
0.0
3.6664e-10
3.6664e-10
0.0
3.6664e-10
3.6664e-10
0.0
0.0
0.0
0.0
3.6664e-10
3.6664e-10
0.0
3.6664e-10
3.6664e-10
0.0
0.0
3.6664e-10
3.6664e-10
0.0
3.6664e-10
3.6664e-10
0.0
0.0
0.0
3.6664e-10
3.6664e-10
0.0
3.6664e-10
3.6664e-10
0.0
0.0
3.6664e-10
3.6664e-10
0.0
0.0
0.0
0.0
0.0
0.0
0.0
0.0
0.0
0.0
0.0
0.0
0.0
0.0
0.0
0.0
0.0
0.0
0.0
0.0
0.0
0.0
0.0
0.0
0.0
0.0
0.0
0.0
0.0
0.0
0.0
0.0
0.0
0.0
0.0
0.0
0.0
0.0
0.0
0.0
0.0
0.0
0.0
0.0
0.0
0.0
0.0
0.0
0.0
0.0
0.0
0.0
0.0
0.0
0.0
0.0
0.0
0.0
0.0
0.0
0.0
0.0
0.0
0.0
0.0
0.0
0.0
0.0
0.0
0.0
0.0
0.0
0.0
0.0
0.0
0.0
0.0
0.0
0.0
0.0
0.0
0.0
0.0
0.0
0.0
0.0
0.0
0.0
0.0
0.0
0.0
0.0
0.0
0.0
0.0
0.0
0.0
0.0
0.0
0.0
0.0
0.0
0.0
0.0
0.0
0.0
0.0
0.0
0.0
0.0
0.0
0.0
0.0
0.0
0.0
0.0
0.0
0.0
0.0
0.0
0.0
0.0
0.0
0.0
0.0
0.0
0.0
0.0
0.0
0.0
0.0
0.0
0.0
0.0
0.0
0.0
0.0
0.0
0.0
0.0
0.0
0.0
0.0
0.0
0.0
0.0
0.0
0.0
0.0
0.0
0.0
0.0
0.0
0.0
0.0
0.0
0.0
0.0
0.0
0.0
0.0
0.0
0.0
0.0
0.0
0.0
0.0
0.0
0.0
0.0
0.0
0.0
0.0
0.0
0.0
0.0
0.0
0.0
0.0
0.0
0.0
0.0
0.0
0.0
0.0
0.0
0.0
0.0
0.0
0.0
0.0
0.0
0.0
0.0
0.0
0.0
0.0
0.0
0.0
0.0
0.0
0.0
0.0
0.0
0.0
0.0
0.0
0.0
0.0
0.0
0.0
0.0
0.0
0.0
0.0
0.0
0.0
0.0
0.0
0.0
0.0
0.0
0.0
0.0
0.0
0.0
0.0
0.0
0.0
0.0
0.0
0.0
0.0
0.0
0.0
0.0
0.0
0.0
0.0
0.0
0.0
0.0
0.0
0.0
0.0
0.0
0.0
0.0
0.0
0.0
0.0
0.0
0.0
0.0
0.0
0.0
0.0
0.0
0.0
0.0
0.0
0.0
0.0
0.0
0.0
0.0
0.0
0.0
0.0
0.0
0.0
0.0
0.0
0.0
0.0
0.0
0.0
0.0
0.0
0.0
0.0
0.0
0.0
0.0
0.0
0.0
0.0
0.0
0.0
0.0
0.0
0.0
0.0
0.0
0.0
0.0
0.0
0.0
0.0
0.0
0.0
0.0
0.0
0.0
0.0
0.0
0.0
0.0
0.0
0.0
0.0
0.0
0.0
0.0
0.0
0.0
0.0
0.0
0.0
0.0
0.0
0.0
0.0
0.0
0.0
0.0
0.0
0.0
0.0
0.0
0.0
0.0
0.0
0.0
0.0
0.0
0.0
0.0
0.0
0.0
0.0
0.0
0.0
0.0
0.0
0.0
0.0
0.0
0.0
0.0
0.0
0.0
0.0
0.0
0.0
0.0
0.0
0.0
0.0
0.0
0.0
0.0
0.0
0.0
0.0
0.0
0.0
0.0
0.0
0.0
0.0
0.0
0.0
0.0
0.0
0.0
0.0
0.0
0.0
0.0
0.0
0.0
0.0
0.0
0.0
0.0
0.0
0.0
0.0
0.0
0.0
0.0
0.0
0.0
0.0
0.0
0.0
0.0
0.0
0.0
0.0
0.0
0.0
0.0
0.0
0.0
0.0
0.0
0.0
0.0
0.0
0.0
0.0
0.0
0.0
0.0
0.0
0.0
0.0
0.0
0.0
0.0
0.0
0.0
0.0
0.0
0.0
0.0
0.0
0.0
0.0
0.0
0.0
0.0
0.0
0.0
0.0
0.0
0.0
0.0
0.0
0.0
0.0
0.0
0.0
0.0
0.0
0.0
0.0
0.0
0.0
0.0
0.0
0.0
0.0
0.0
0.0
0.0
0.0
0.0
0.0
0.0
0.0
0.0
0.0
0.0
0.0
0.0
0.0
0.0
0.0
0.0
0.0
0.0
0.0
0.0
0.0
0.0
0.0
0.0
0.0
0.0
0.0
0.0
0.0
0.0
0.0
0.0
0.0
0.0
0.0
0.0
0.0
0.0
0.0
0.0
0.0
0.0
0.0
0.0
0.0
0.0
0.0
0.0
0.0
0.0
0.0
0.0
0.0
0.0
0.0
0.0
0.0
0.0
0.0
0.0
0.0
0.0
0.0
0.0
0.0
0.0
0.0
0.0
0.0
0.0
0.0
0.0
0.0
0.0
0.0
0.0
0.0
0.0
0.0
0.0
0.0
0.0
0.0
0.0
0.0
0.0
0.0
0.0
0.0
0.0
0.0
0.0
0.0
0.0
0.0
0.0
0.0
0.0
0.0
0.0
0.0
0.0
0.0
0.0
0.0
0.0
0.0
0.0
0.0
0.0
0.0
0.0
0.0
0.0
0.0
0.0
0.0
0.0
0.0
0.0
0.0
0.0
0.0
0.0
0.0
0.0
0.0
0.0
0.0
0.0
0.0
0.0
0.0
0.0
0.0
0.0
0.0
0.0
0.0
0.0
0.0
0.0
0.0
0.0
0.0
0.0
0.0
0.0
0.0
0.0
0.0
0.0
0.0
0.0
0.0
0.0
0.0
0.0
0.0
0.0
0.0
0.0
0.0
0.0
0.0
0.0
0.0
0.0
0.0
0.0
0.0
0.0
0.0
0.0
0.0
0.0
0.0
0.0
0.0
0.0
0.0
0.0
0.0
0.0
0.0
0.0
0.0
0.0
0.0
0.0
0.0
0.0
0.0
0.0
0.0
0.0
0.0
0.0
0.0
0.0
0.0
0.0
0.0
0.0
0.0
0.0
0.0
0.0
0.0
0.0
0.0
0.0
0.0
0.0
0.0
0.0
0.0
0.0
0.0
0.0
0.0
0.0
0.0
0.0
0.0
0.0
0.0
0.0
0.0
0.0
0.0
0.0
0.0
0.0
0.0
0.0
0.0
0.0
0.0
0.0
0.0
0.0
0.0
0.0
0.0
0.0
0.0
0.0
0.0
0.0
0.0
0.0
0.0
0.0
0.0
0.0
0.0
0.0
0.0
0.0
0.0
0.0
0.0
0.0
0.0
0.0
0.0
0.0
0.0
0.0
0.0
0.0
0.0
0.0
0.0
0.0
0.0
0.0
0.0
0.0
0.0
0.0
0.0
0.0
0.0
0.0
0.0
0.0
0.0
0.0
0.0
0.0
0.0
0.0
0.0
0.0
0.0
0.0
0.0
0.0
0.0
0.0
0.0
0.0
0.0
0.0
0.0
0.0
0.0
0.0
0.0
0.0
0.0
0.0
0.0
0.0
0.0
0.0
0.0
0.0
0.0
0.0
0.0
0.0
0.0
0.0
0.0
0.0
0.0
0.0
0.0
0.0
0.0
0.0
0.0
0.0
0.0
0.0
0.0
0.0
0.0
0.0
0.0
0.0
0.0
0.0
0.0
0.0
0.0
0.0
0.0
0.0
0.0
0.0
0.0
0.0
0.0
0.0
0.0
0.0
0.0
0.0
0.0
0.0
0.0
0.0
0.0
0.0
0.0
0.0
0.0
0.0
0.0
0.0
0.0
0.0
0.0
0.0
0.0
0.0
0.0
0.0
0.0
0.0
0.0
0.0
0.0
0.0
0.0
0.0
0.0
0.0
0.0
0.0
0.0
0.0
0.0
0.0
0.0
0.0
0.0
0.0
0.0
0.0
0.0
0.0
0.0
0.0
0.0
0.0
0.0
0.0
0.0
0.0
0.0
0.0
0.0
0.0
0.0
0.0
0.0
0.0
0.0
0.0
0.0
0.0
0.0
0.0
0.0
0.0
0.0
0.0
0.0
0.0
0.0
0.0
0.0
0.0
0.0
0.0
0.0
0.0
0.0
0.0
0.0
0.0
0.0
0.0
0.0
0.0
0.0
0.0
0.0
0.0
0.0
0.0
0.0
0.0
0.0
0.0
0.0
0.0
0.0
0.0
0.0
0.0
0.0
0.0
0.0
0.0
0.0
0.0
0.0
0.0
0.0
0.0
0.0
0.0
0.0
0.0
0.0
0.0
0.0
0.0
0.0
0.0
0.0
0.0
0.0
0.0
0.0
0.0
0.0
0.0
0.0
0.0
0.0
0.0
0.0
0.0
0.0
0.0
0.0
0.0
0.0
0.0
0.0
0.0
0.0
0.0
0.0
0.0
0.0
0.0
0.0
0.0
0.0
0.0
0.0
0.0
0.0
0.0
0.0
0.0
0.0
0.0
0.0
0.0
0.0
0.0
0.0
0.0
0.0
0.0
0.0
0.0
0.0
0.0
0.0
0.0
0.0
0.0
0.0
0.0
0.0
0.0
0.0
0.0
0.0
0.0
0.0
0.0
0.0
0.0
0.0
0.0
0.0
0.0
0.0
0.0
0.0
0.0
0.0
0.0
0.0
0.0
0.0
0.0
0.0
0.0
0.0
0.0
0.0
0.0
0.0
0.0
0.0
0.0
0.0
0.0
0.0
0.0
0.0
0.0
0.0
0.0
0.0
0.0
0.0
0.0
0.0
0.0
0.0
0.0
0.0
0.0
0.0
0.0
0.0
0.0
0.0
0.0
0.0
0.0
0.0
0.0
0.0
0.0
0.0
0.0
0.0
0.0
0.0
0.0
0.0
0.0
0.0
0.0
0.0
0.0
0.0
0.0
0.0
0.0
0.0
0.0
0.0
0.0
0.0
0.0
0.0
0.0
0.0
0.0
0.0
0.0
0.0
0.0
0.0
0.0
0.0
0.0
0.0
0.0
0.0
0.0
0.0
0.0
0.0
0.0
0.0
0.0
0.0
0.0
0.0
0.0
0.0
0.0
0.0
0.0
0.0
0.0
0.0
0.0
0.0
0.0
0.0
0.0
0.0
0.0
0.0
0.0
0.0
0.0
0.0
0.0
0.0
0.0
0.0
0.0
0.0
0.0
0.0
0.0
0.0
0.0
0.0
0.0
0.0
0.0
0.0
0.0
0.0
0.0
0.0
0.0
0.0
0.0
0.0
0.0
0.0
0.0
0.0
0.0
0.0
0.0
0.0
0.0
0.0
0.0
0.0
0.0
0.0
0.0
0.0
0.0
0.0
0.0
0.0
0.0
0.0
0.0
0.0
0.0
0.0
0.0
0.0
0.0
0.0
0.0
0.0
0.0
0.0
0.0
0.0
0.0
0.0
0.0
0.0
0.0
0.0
0.0
0.0
0.0
0.0
0.0
0.0
0.0
0.0
0.0
0.0
0.0
0.0
0.0
0.0
0.0
0.0
0.0
0.0
0.0
0.0
0.0
0.0
0.0
0.0
0.0
0.0
0.0
0.0
0.0
0.0
0.0
0.0
0.0
0.0
0.0
0.0
0.0
0.0
0.0
0.0
0.0
0.0
0.0
0.0
0.0
0.0
0.0
0.0
0.0
0.0
0.0
0.0
0.0
0.0
0.0
0.0
0.0
0.0
0.0
0.0
0.0
0.0
0.0
0.0
0.0
0.0
0.0
0.0
0.0
0.0
0.0
0.0
0.0
0.0
0.0
0.0
0.0
0.0
0.0
0.0
0.0
0.0
0.0
0.0
0.0
0.0
0.0
0.0
0.0
0.0
0.0
0.0
0.0
0.0
0.0
0.0
0.0
0.0
0.0
0.0
0.0
0.0
0.0
0.0
0.0
0.0
0.0
0.0
0.0
0.0
0.0
0.0
0.0
0.0
0.0
0.0
0.0
0.0
0.0
0.0
0.0
0.0
0.0
0.0
0.0
0.0
0.0
0.0
0.0
0.0
0.0
0.0
0.0
0.0
0.0
0.0
0.0
0.0
0.0
0.0
0.0
0.0
0.0
0.0
0.0
0.0
0.0
0.0
0.0
0.0
0.0
0.0
0.0
0.0
0.0
0.0
0.0
0.0
0.0
0.0
0.0
0.0
0.0
0.0
0.0
0.0
0.0
0.0
0.0
0.0
0.0
0.0
0.0
0.0
0.0
0.0
0.0
0.0
0.0
0.0
0.0
0.0
0.0
0.0
0.0
0.0
0.0
0.0
0.0
0.0
0.0
0.0
0.0
0.0
0.0
0.0
0.0
0.0
0.0
0.0
0.0
0.0
0.0
0.0
0.0
0.0
0.0
0.0
0.0
0.0
0.0
0.0
0.0
0.0
0.0
0.0
0.0
0.0
0.0
0.0
0.0
0.0
0.0
0.0
0.0
0.0
0.0
0.0
0.0
0.0
0.0
0.0
0.0
0.0
0.0
0.0
0.0
0.0
0.0
0.0
0.0
0.0
0.0
0.0
0.0
0.0
0.0
0.0
0.0
0.0
0.0
0.0
0.0
0.0
0.0
0.0
0.0
0.0
0.0
0.0
0.0
0.0
0.0
0.0
0.0
0.0
0.0
0.0
0.0
0.0
0.0
0.0
0.0
0.0
0.0
0.0
0.0
0.0
0.0
0.0
0.0
0.0
0.0
0.0
0.0
0.0
0.0
0.0
0.0
0.0
0.0
0.0
0.0
0.0
0.0
0.0
0.0
0.0
0.0
0.0
0.0
0.0
0.0
0.0
0.0
0.0
0.0
0.0
0.0
0.0
0.0
0.0
0.0
0.0
0.0
0.0
0.0
0.0
0.0
0.0
0.0
0.0
0.0
0.0
0.0
0.0
0.0
0.0
0.0
0.0
0.0
0.0
0.0
0.0
0.0
0.0
0.0
0.0
0.0
0.0
SCALARS P_out double 1
LOOKUP_TABLE default
0.0
0.0
0.0
0.0
0.0
0.0
0.0
0.0
0.0
0.0
0.0
0.0
0.0
0.0
0.0
0.0
0.0
0.0
0.0
0.0
0.0
0.0
0.0
0.0
0.0
0.0
0.0
0.0
0.0
0.0
0.0
0.0
0.0
0.0
0.0
0.0
0.0
0.0
0.0
0.0
0.0
0.0
0.0
0.0
0.0
0.0
0.0
0.0
0.0
0.0
0.0
0.0
0.0
0.0
0.0
0.0
0.0
0.0
0.0
0.0
0.0
0.0
0.0
0.0
0.0
0.0
0.0
0.0
0.0
0.0
0.0
0.0
0.0
0.0
0.0
0.0
0.0
0.0
0.0
0.0
0.0
0.0
0.0
0.0
0.0
0.0
0.0
0.0
0.0
0.0
0.0
0.0
0.0
0.0
0.0
0.0
0.0
0.0
0.0
0.0
0.0
0.0
0.0
0.0
0.0
0.0
0.0
0.0
0.0
0.0
0.0
0.0
0.0
0.0
0.0
0.0
0.0
0.0
0.0
0.0
0.0
0.0
0.0
0.0
0.0
0.0
0.0
0.0
0.0
0.0
0.0
0.0
0.0
0.0
0.0
0.0
0.0
0.0
0.0
0.0
0.0
0.0
0.0
0.0
0.0
0.0
0.0
0.0
0.0
0.0
0.0
0.0
0.0
0.0
0.0
0.0
0.0
0.0
0.0
0.0
0.0
0.0
0.0
0.0
0.0
0.0
0.0
0.0
0.0
0.0
0.0
0.0
0.0
0.0
0.0
0.0
0.0
0.0
0.0
0.0
0.0
0.0
0.0
0.0
0.0
0.0
0.0
0.0
0.0
0.0
0.0
0.0
0.0
0.0
0.0
0.0
0.0
0.0
0.0
0.0
0.0
0.0
0.0
0.0
0.0
0.0
0.0
0.0
0.0
0.0
0.0
0.0
0.0
0.0
0.0
0.0
0.0
0.0
0.0
0.0
0.0
0.0
0.0
0.0
0.0
0.0
0.0
0.0
0.0
0.0
0.0
0.0
0.0
0.0
0.0
0.0
0.0
0.0
0.0
0.0
0.0
0.0
0.0
0.0
0.0
0.0
0.0
0.0
0.0
0.0
0.0
0.0
0.0
0.0
0.0
0.0
0.0
0.0
0.0
0.0
0.0
0.0
0.0
0.0
0.0
0.0
0.0
0.0
0.0
0.0
0.0
0.0
0.0
0.0
0.0
0.0
0.0
0.0
0.0
0.0
0.0
0.0
0.0
0.0
0.0
0.0
0.0
0.0
0.0
0.0
0.0
0.0
0.0
0.0
0.0
0.0
0.0
0.0
0.0
0.0
0.0
0.0
0.0
0.0
0.0
0.0
0.0
0.0
0.0
0.0
0.0
0.0
0.0
0.0
0.0
0.0
0.0
0.0
0.0
0.0
0.0
0.0
0.0
0.0
0.0
0.0
0.0
0.0
0.0
0.0
0.0
0.0
0.0
0.0
0.0
0.0
0.0
0.0
0.0
0.0
0.0
0.0
0.0
0.0
0.0
0.0
0.0
0.0
0.0
0.0
0.0
0.0
0.0
0.0
0.0
0.0
0.0
0.0
0.0
0.0
0.0
0.0
0.0
0.0
0.0
0.0
0.0
0.0
0.0
0.0
0.0
0.0
0.0
0.0
0.0
0.0
0.0
0.0
0.0
0.0
0.0
0.0
0.0
0.0
0.0
0.0
0.0
0.0
0.0
0.0
0.0
0.0
0.0
0.0
0.0
0.0
0.0
0.0
0.0
0.0
0.0
0.0
0.0
0.0
0.0
0.0
0.0
0.0
0.0
0.0
0.0
0.0
0.0
0.0
0.0
0.0
0.0
0.0
0.0
0.0
0.0
0.0
0.0
0.0
0.0
0.0
0.0
0.0
0.0
0.0
0.0
0.0
0.0
0.0
0.0
0.0
0.0
0.0
0.0
0.0
0.0
0.0
0.0
0.0
0.0
0.0
0.0
0.0
0.0
0.0
0.0
0.0
0.0
0.0
0.0
0.0
0.0
0.0
0.0
0.0
0.0
0.0
0.0
0.0
0.0
0.0
0.0
0.0
0.0
0.0
0.0
0.0
0.0
0.0
0.0
0.0
0.0
0.0
0.0
0.0
0.0
0.0
0.0
0.0
0.0
0.0
0.0
0.0
0.0
0.0
0.0
0.0
0.0
0.0
0.0
0.0
0.0
0.0
0.0
0.0
0.0
0.0
0.0
0.0
0.0
0.0
0.0
0.0
0.0
0.0
0.0
0.0
0.0
0.0
0.0
0.0
0.0
0.0
0.0
0.0
0.0
0.0
0.0
0.0
0.0
0.0
0.0
0.0
0.0
0.0
0.0
0.0
0.0
0.0
0.0
0.0
0.0
0.0
0.0
0.0
0.0
0.0
0.0
0.0
0.0
0.0
0.0
0.0
0.0
0.0
0.0
0.0
0.0
0.0
0.0
0.0
0.0
0.0
0.0
0.0
0.0
0.0
0.0
0.0
0.0
0.0
0.0
0.0
0.0
0.0
0.0
0.0
0.0
0.0
0.0
0.0
0.0
0.0
0.0
0.0
0.0
0.0
0.0
0.0
0.0
0.0
0.0
0.0
0.0
0.0
0.0
0.0
0.0
0.0
0.0
0.0
0.0
0.0
0.0
0.0
0.0
0.0
0.0
0.0
0.0
0.0
0.0
0.0
0.0
0.0
0.0
0.0
0.0
0.0
0.0
0.0
0.0
0.0
0.0
0.0
0.0
0.0
0.0
0.0
0.0
0.0
0.0
0.0
0.0
0.0
0.0
0.0
0.0
0.0
0.0
0.0
0.0
0.0
0.0
0.0
0.0
0.0
0.0
0.0
0.0
0.0
0.0
0.0
0.0
0.0
0.0
0.0
0.0
0.0
0.0
0.0
0.0
0.0
0.0
0.0
0.0
0.0
0.0
0.0
0.0
0.0
0.0
0.0
0.0
0.0
0.0
0.0
0.0
0.0
0.0
0.0
0.0
0.0
0.0
0.0
0.0
0.0
0.0
0.0
0.0
0.0
0.0
0.0
0.0
0.0
0.0
0.0
0.0
0.0
0.0
0.0
0.0
0.0
0.0
0.0
0.0
0.0
0.0
0.0
0.0
0.0
0.0
0.0
0.0
0.0
0.0
0.0
0.0
0.0
0.0
0.0
0.0
0.0
0.0
0.0
0.0
0.0
0.0
0.0
0.0
0.0
0.0
0.0
0.0
0.0
0.0
0.0
0.0
0.0
0.0
0.0
0.0
0.0
0.0
0.0
0.0
0.0
0.0
0.0
0.0
0.0
0.0
0.0
0.0
0.0
0.0
0.0
0.0
0.0
0.0
0.0
0.0
0.0
0.0
0.0
0.0
0.0
0.0
0.0
0.0
0.0
0.0
0.0
0.0
0.0
0.0
0.0
0.0
0.0
0.0
0.0
0.0
0.0
0.0
0.0
0.0
0.0
0.0
0.0
0.0
0.0
0.0
0.0
0.0
0.0
0.0
0.0
0.0
0.0
0.0
0.0
0.0
0.0
0.0
0.0
0.0
0.0
0.0
0.0
0.0
0.0
0.0
0.0
0.0
0.0
0.0
0.0
0.0
0.0
0.0
0.0
0.0
0.0
0.0
0.0
0.0
0.0
0.0
0.0
0.0
0.0
0.0
0.0
0.0
0.0
0.0
0.0
0.0
0.0
0.0
0.0
0.0
0.0
0.0
0.0
0.0
0.0
0.0
0.0
0.0
0.0
0.0
0.0
0.0
0.0
0.0
0.0
0.0
0.0
0.0
0.0
0.0
0.0
0.0
0.0
0.0
0.0
0.0
0.0
0.0
0.0
0.0
0.0
0.0
0.0
0.0
0.0
0.0
0.0
0.0
0.0
0.0
0.0
0.0
0.0
0.0
0.0
0.0
0.0
0.0
0.0
0.0
0.0
0.0
0.0
0.0
0.0
0.0
0.0
0.0
0.0
0.0
0.0
0.0
0.0
0.0
0.0
0.0
0.0
0.0
0.0
0.0
0.0
0.0
0.0
0.0
0.0
0.0
0.0
0.0
0.0
0.0
0.0
0.0
0.0
0.0
0.0
0.0
0.0
0.0
0.0
0.0
0.0
0.0
0.0
0.0
0.0
0.0
0.0
0.0
0.0
0.0
0.0
0.0
0.0
0.0
0.0
0.0
0.0
0.0
0.0
0.0
0.0
0.0
0.0
0.0
0.0
0.0
0.0
0.0
0.0
0.0
0.0
0.0
0.0
0.0
0.0
0.0
0.0
0.0
0.0
0.0
0.0
0.0
0.0
0.0
0.0
0.0
0.0
0.0
0.0
0.0
0.0
0.0
0.0
0.0
0.0
0.0
0.0
0.0
0.0
0.0
0.0
0.0
0.0
0.0
0.0
0.0
0.0
0.0
0.0
0.0
0.0
0.0
0.0
0.0
0.0
0.0
0.0
0.0
0.0
0.0
0.0
0.0
0.0
0.0
0.0
0.0
0.0
0.0
0.0
0.0
0.0
0.0
0.0
0.0
0.0
0.0
0.0
0.0
0.0
0.0
0.0
0.0
0.0
0.0
0.0
0.0
0.0
0.0
0.0
0.0
0.0
0.0
0.0
0.0
0.0
0.0
0.0
0.0
0.0
0.0
0.0
0.0
0.0
0.0
0.0
0.0
0.0
0.0
0.0
0.0
0.0
0.0
0.0
0.0
0.0
0.0
0.0
0.0
0.0
0.0
0.0
0.0
0.0
0.0
0.0
0.0
0.0
0.0
0.0
0.0
0.0
0.0
0.0
0.0
0.0
0.0
0.0
0.0
0.0
0.0
0.0
0.0
0.0
0.0
0.0
0.0
0.0
0.0
0.0
0.0
0.0
0.0
0.0
0.0
0.0
0.0
0.0
0.0
0.0
0.0
0.0
0.0
0.0
0.0
0.0
0.0
0.0
0.0
0.0
0.0
0.0
0.0
0.0
0.0
0.0
0.0
0.0
0.0
0.0
0.0
0.0
0.0
0.0
0.0
0.0
0.0
0.0
0.0
0.0
0.0
0.0
0.0
0.0
0.0
0.0
0.0
0.0
0.0
0.0
0.0
0.0
0.0
0.0
0.0
0.0
0.0
0.0
0.0
0.0
0.0
0.0
0.0
0.0
0.0
0.0
0.0
0.0
0.0
0.0
0.0
0.0
0.0
0.0
0.0
0.0
0.0
0.0
0.0
0.0
0.0
0.0
0.0
0.0
0.0
0.0
0.0
0.0
0.0
0.0
0.0
0.0
0.0
0.0
0.0
0.0
0.0
0.0
0.0
0.0
0.0
0.0
0.0
0.0
0.0
0.0
0.0
0.0
0.0
0.0
0.0
0.0
0.0
0.0
0.0
0.0
0.0
0.0
0.0
0.0
0.0
0.0
0.0
0.0
0.0
0.0
0.0
0.0
0.0
0.0
0.0
0.0
0.0
0.0
0.0
0.0
0.0
0.0
0.0
0.0
0.0
0.0
0.0
0.0
0.0
0.0
0.0
0.0
0.0
0.0
0.0
0.0
0.0
0.0
0.0
0.0
0.0
0.0
0.0
0.0
0.0
0.0
0.0
0.0
0.0
0.0
0.0
0.0
0.0
0.0
0.0
0.0
0.0
0.0
0.0
0.0
0.0
0.0
0.0
0.0
0.0
0.0
0.0
0.0
0.0
0.0
0.0
0.0
0.0
0.0
0.0
0.0
0.0
0.0
0.0
0.0
0.0
0.0
0.0
0.0
0.0
0.0
0.0
0.0
0.0
0.0
0.0
0.0
0.0
0.0
0.0
0.0
0.0
0.0
0.0
0.0
0.0
0.0
0.0
0.0
0.0
0.0
0.0
0.0
0.0
0.0
0.0
0.0
0.0
0.0
0.0
0.0
0.0
0.0
0.0
0.0
0.0
0.0
0.0
0.0
0.0
0.0
0.0
0.0
0.0
0.0
0.0
0.0
0.0
0.0
0.0
0.0
0.0
0.0
0.0
0.0
0.0
0.0
0.0
0.0
0.0
0.0
0.0
0.0
0.0
0.0
0.0
0.0
0.0
0.0
0.0
0.0
0.0
0.0
0.0
0.0
0.0
0.0
0.0
0.0
0.0
0.0
0.0
0.0
0.0
0.0
0.0
0.0
0.0
0.0
0.0
0.0
0.0
0.0
0.0
0.0
0.0
0.0
0.0
0.0
0.0
0.0
0.0
0.0
0.0
0.0
0.0
0.0
0.0
0.0
0.0
0.0
0.0
0.0
0.0
0.0
0.0
0.0
0.0
0.0
0.0
0.0
0.0
0.0
0.0
0.0
0.0
0.0
0.0
0.0
0.0
0.0
0.0
0.0
0.0
0.0
0.0
0.0
0.0
0.0
0.0
0.0
0.0
0.0
0.0
0.0
0.0
0.0
0.0
0.0
0.0
0.0
0.0
0.0
0.0
0.0
0.0
0.0
0.0
0.0
0.0
0.0
0.0
0.0
0.0
0.0
0.0
0.0
0.0
0.0
0.0
0.0
0.0
0.0
0.0
0.0
0.0
0.0
0.0
0.0
0.0
0.0
0.0
0.0
0.0
0.0
0.0
0.0
0.0
0.0
0.0
0.0
0.0
0.0
0.0
0.0
0.0
0.0
0.0
0.0
0.0
0.0
0.0
0.0
0.0
0.0
0.0
0.0
0.0
0.0
0.0
0.0
0.0
0.0
0.0
0.0
0.0
0.0
0.0
0.0
0.0
0.0
0.0
0.0
0.0
0.0
0.0
0.0
0.0
0.0
0.0
0.0
0.0
0.0
0.0
0.0
0.0
0.0
0.0
0.0
0.0
0.0
0.0
0.0
0.0
0.0
0.0
0.0
0.0
0.0
0.0
0.0
0.0
0.0
0.0
0.0
0.0
0.0
0.0
0.0
0.0
0.0
0.0
0.0
0.0
0.0
0.0
0.0
0.0
0.0
0.0
0.0
0.0
0.0
0.0
0.0
0.0
0.0
0.0
0.0
0.0
0.0
0.0
0.0
0.0
0.0
0.0
0.0
0.0
0.0
0.0
0.0
0.0
0.0
0.0
0.0
0.0
0.0
0.0
0.0
0.0
0.0
0.0
0.0
0.0
0.0
0.0
0.0
0.0
0.0
0.0
0.0
0.0
0.0
0.0
0.0
0.0
0.0
0.0
0.0
0.0
0.0
0.0
0.0
0.0
0.0
0.0
0.0
0.0
0.0
0.0
0.0
0.0
0.0
0.0
0.0
0.0
0.0
0.0
0.0
0.0
0.0
0.0
0.0
0.0
0.0
0.0
0.0
0.0
0.0
0.0
0.0
0.0
0.0
0.0
0.0
0.0
0.0
0.0
0.0
0.0
0.0
0.0
0.0
0.0
0.0
0.0
0.0
0.0
0.0
0.0
0.0
0.0
0.0
0.0
0.0
0.0
0.0
0.0
0.0
0.0
0.0
0.0
0.0
0.0
0.0
0.0
0.0
0.0
0.0
0.0
0.0
0.0
0.0
0.0
0.0
0.0
0.0
0.0
0.0
0.0
0.0
0.0
0.0
0.0
0.0
0.0
0.0
0.0
0.0
0.0
0.0
0.0
0.0
0.0
0.0
0.0
0.0
0.0
0.0
0.0
0.0
0.0
0.0
0.0
0.0
0.0
0.0
0.0
0.0
0.0
0.0
0.0
0.0
0.0
0.0
0.0
0.0
0.0
0.0
0.0
0.0
0.0
0.0
0.0
0.0
0.0
0.0
0.0
0.0
0.0
0.0
0.0
0.0
0.0
0.0
0.0
0.0
0.0
0.0
0.0
0.0
0.0
0.0
0.0
0.0
0.0
0.0
0.0
0.0
0.0
0.0
0.0
0.0
0.0
0.0
0.0
0.0
0.0
0.0
0.0
0.0
0.0
0.0
0.0
0.0
0.0
0.0
0.0
0.0
0.0
0.0
0.0
0.0
0.0
0.0
0.0
0.0
0.0
0.0
0.0
0.0
0.0
0.0
0.0
0.0
0.0
0.0
0.0
0.0
0.0
0.0
0.0
0.0
0.0
0.0
0.0
0.0
0.0
0.0
0.0
0.0
0.0
0.0
0.0
0.0
0.0
0.0
0.0
0.0
0.0
0.0
0.0
0.0
0.0
0.0
0.0
0.0
0.0
0.0
0.0
0.0
0.0
0.0
0.0
0.0
0.0
0.0
0.0
0.0
0.0
0.0
0.0
0.0
0.0
0.0
0.0
0.0
0.0
0.0
0.0
0.0
0.0
0.0
0.0
0.0
0.0
0.0
0.0
0.0
0.0
0.0
0.0
0.0
0.0
0.0
0.0
0.0
0.0
0.0
0.0
0.0
0.0
0.0
0.0
0.0
0.0
0.0
0.0
0.0
0.0
0.0
0.0
0.0
0.0
0.0
0.0
0.0
0.0
0.0
0.0
0.0
0.0
0.0
0.0
0.0
0.0
0.0
0.0
0.0
0.0
0.0
0.0
0.0
0.0
0.0
0.0
0.0
0.0
0.0
0.0
0.0
0.0
0.0
0.0
0.0
0.0
0.0
0.0
0.0
0.0
0.0
0.0
0.0
0.0
0.0
0.0
0.0
0.0
0.0
0.0
0.0
0.0
0.0
0.0
0.0
0.0
0.0
0.0
0.0
0.0
0.0
0.0
0.0
0.0
0.0
0.0
0.0
0.0
0.0
0.0
0.0
0.0
0.0
0.0
0.0
0.0
0.0
0.0
0.0
0.0
0.0
0.0
0.0
0.0
0.0
0.0
0.0
0.0
0.0
0.0
0.0
0.0
0.0
0.0
0.0
0.0
0.0
0.0
0.0
0.0
0.0
0.0
0.0
0.0
0.0
0.0
0.0
0.0
0.0
0.0
0.0
0.0
0.0
0.0
0.0
0.0
0.0
0.0
0.0
0.0
0.0
0.0
0.0
0.0
0.0
0.0
0.0
0.0
0.0
0.0
0.0
0.0
0.0
0.0
0.0
0.0
0.0
0.0
0.0
0.0
0.0
0.0
0.0
0.0
0.0
0.0
0.0
0.0
0.0
0.0
0.0
0.0
0.0
0.0
0.0
0.0
0.0
0.0
0.0
0.0
0.0
