# vtk DataFile Version 3.0
vtk output
ASCII
DATASET UNSTRUCTURED_GRID
POINTS 1150 double
4.3000000000 10.5000000000 9.3000000000
4.3547500000 10.3455000000 9.1947200000
4.3279200000 10.3091000000 8.7007800000
4.1649800000 10.1213000000 8.8016000000
4.2876200000 10.3068000000 9.0909500000
4.4520800000 10.2665000000 9.1540700000
4.0523200000 9.5958700000 8.2285600000
4.1012400000 9.7141300000 7.9166300000
5.9036700000 8.2938400000 8.7083400000
5.7493300000 8.1861000000 8.5981200000
7.6636800000 7.4747800000 8.9955600000
7.5607800000 7.6454900000 9.2226200000
4.2654300000 10.3013000000 8.4952300000
4.4356000000 10.4462000000 8.5432500000
4.1611400000 9.9259700000 6.6619200000
4.2233900000 10.1736000000 6.5872500000
4.2468000000 9.4694500000 5.5897700000
4.2676100000 9.5467700000 5.3814800000
4.1911800000 10.1812000000 8.8902800000
4.1176100000 10.3874000000 9.1517000000
5.1081000000 9.4745500000 8.8438800000
5.2386800000 9.6221900000 8.7444400000
4.1425900000 9.7159100000 7.4198600000
4.1662600000 9.5162500000 7.4474200000
6.6718400000 7.9239200000 8.9674500000
6.4301900000 7.9590500000 9.0690600000
5.3817800000 8.8542800000 8.7526400000
5.1468200000 8.7901300000 8.7286000000
4.3169600000 9.7568500000 6.1287700000
4.5221800000 9.8313800000 6.1350800000
5.7539000000 8.3445500000 8.6517300000
5.5731600000 8.6580500000 8.4817800000
4.3211700000 8.5298000000 7.0328700000
4.2197100000 8.4044800000 7.2446100000
4.5062200000 8.1864200000 6.4736800000
4.5953500000 8.2412600000 6.3171000000
4.7309400000 11.0989000000 8.1412000000
4.5766100000 11.1999000000 8.0533700000
6.9951100000 7.7683700000 9.0258300000
6.8957300000 7.5740100000 8.9622500000
8.0282900000 7.1263900000 8.9710300000
8.2340100000 7.1946800000 8.7513600000
4.0554300000 10.5067000000 9.1400200000
4.0754300000 10.3613000000 9.2283900000
4.6004700000 10.7889000000 8.2725700000
4.6495100000 10.6197000000 8.2049700000
5.4378400000 11.4930000000 7.9655800000
5.5504100000 11.5269000000 8.1276100000
4.7161700000 10.0022000000 9.0291000000
4.9450400000 10.2787000000 8.9947600000
4.1071300000 9.8880900000 8.4353000000
3.8744800000 10.0408000000 8.5335500000
3.7447900000 9.1422800000 8.2902500000
3.7124800000 9.0647500000 8.4528500000
5.2272300000 9.1862000000 8.8086100000
5.5949000000 9.4286800000 9.0487600000
3.6874300000 11.1821000000 8.8705100000
3.9603000000 11.0507000000 9.0927800000
7.3854500000 7.7031200000 9.0874800000
7.4496000000 7.9774900000 9.2561200000
4.2621300000 9.8136000000 6.4052500000
4.0070300000 9.4816500000 6.2493800000
5.1813700000 9.3306400000 8.8316400000
4.9171900000 9.1874200000 9.1389800000
5.1306500000 10.8597000000 7.3510300000
5.0140700000 11.0304000000 7.2560200000
4.1615000000 9.8775500000 7.0480300000
4.2802400000 9.7749100000 7.2047400000
5.8608600000 7.3936000000 8.2117200000
5.7750400000 7.3106800000 8.3867500000
5.6696000000 6.9172000000 7.6076100000
5.9380600000 7.0421800000 7.5462200000
5.6000000000 6.7000000000 7.4000000000
5.3000000000 6.8000000000 7.5000000000
5.5158300000 8.6824000000 8.6799500000
5.4557500000 8.7939700000 8.9030800000
4.4772500000 7.9154000000 6.2031500000
4.6933800000 7.7004600000 6.3400000000
4.8329900000 9.8966000000 5.8934700000
4.6950300000 9.9600100000 5.8042300000
7.9059800000 7.5842400000 9.3529300000
7.8719200000 7.4563500000 9.3885900000
4.9502900000 8.4334200000 8.6788400000
4.8265000000 8.5367700000 8.4458300000
8.4938400000 7.7256500000 9.4948200000
8.5777100000 7.5356800000 9.3521800000
4.5784200000 8.0046400000 6.4001300000
4.1000000000 8.2000000000 6.1000000000
3.9686100000 10.8080000000 9.0766900000
3.8694800000 10.6487000000 9.0700200000
3.5050500000 11.2460000000 8.8848800000
3.6241200000 11.3639000000 8.6952700000
5.6570200000 10.6377000000 6.8951400000
5.6000000000 10.5000000000 6.6000000000
4.1660200000 9.9187400000 6.9179400000
4.0851400000 10.0590000000 7.0598400000
4.5636500000 9.2167900000 5.1393300000
4.4390700000 9.0580600000 5.1877300000
5.4392700000 9.7180000000 5.7394500000
5.2484300000 9.5206600000 5.7239700000
3.5881400000 8.8175200000 8.0982400000
3.5000000000 9.0000000000 7.8000000000
3.3533400000 10.0909000000 8.3373300000
3.4425300000 9.9724500000 8.5603800000
5.3188100000 10.6060000000 8.8359700000
5.7834600000 10.4952000000 8.6628100000
6.2571300000 8.1463500000 8.8545100000
6.2131900000 8.3267600000 8.7098200000
4.6438500000 7.8502800000 8.9823500000
4.9057400000 7.8452200000 8.9928300000
4.1519000000 9.9652700000 6.7431800000
4.5000000000 10.1000000000 6.8000000000
5.5293700000 10.8654000000 8.9205500000
5.2000000000 11.4000000000 8.8000000000
4.8237600000 8.1724500000 8.7481100000
4.7866800000 7.7799600000 8.2896800000
4.5586300000 11.5648000000 7.7792200000
4.5672400000 11.7695000000 8.1648600000
8.6580300000 6.9699300000 8.4231300000
8.6283000000 7.0026200000 8.5761400000
4.3390000000 9.7869800000 6.2441000000
4.4836300000 9.5183500000 6.3793900000
4.8212600000 8.1220600000 8.8097000000
4.6948200000 8.1204800000 8.7217100000
4.1917800000 9.7786800000 7.2391300000
3.7202300000 9.6421100000 7.2471500000
6.3340800000 8.0981100000 8.8787500000
6.2952900000 8.2784900000 9.3589400000
5.0688700000 9.5755000000 8.8454400000
4.8085300000 9.8250300000 8.8260700000
4.1491700000 10.5474000000 6.3325300000
4.4197900000 10.9183000000 6.1841700000
6.0975400000 6.8581500000 7.2329500000
5.8595500000 6.8067800000 7.0711600000
4.9034700000 11.2917000000 6.9043200000
4.6501500000 11.1943000000 6.9669700000
5.3612100000 9.6202200000 8.6203700000
5.3000000000 9.6000000000 8.8000000000
5.7845600000 9.9009900000 8.0938000000
5.7343600000 9.8051500000 8.1221500000
4.5632300000 9.2089700000 4.9932000000
4.9000000000 9.2000000000 5.1000000000
9.1000000000 6.6000000000 7.8000000000
9.1000000000 6.5000000000 7.6000000000
4.2369400000 9.5374300000 5.6391000000
4.1961700000 9.7973000000 5.8156700000
5.5952400000 9.7240200000 8.3810800000
5.8964800000 9.5320200000 8.4851800000
5.8326200000 10.5413000000 8.5747300000
6.2000000000 10.2000000000 8.8000000000
6.0623000000 10.7259000000 8.2522500000
6.1000000000 10.8000000000 7.7000000000
5.7691500000 7.7764900000 8.4257300000
5.6731700000 7.9728700000 8.2647100000
4.8336300000 9.8584200000 8.9562800000
4.8635500000 9.8336700000 9.3208000000
4.4919800000 11.5549000000 7.6508000000
4.5824000000 11.7758000000 7.7218300000
5.0699000000 9.7575700000 5.8196600000
5.0921400000 9.9810700000 5.9048900000
5.9010700000 7.2269900000 7.9719900000
5.9973900000 7.1569600000 8.0757300000
4.1180900000 10.0098000000 8.6057100000
4.0671300000 9.6866600000 8.9754800000
4.1151400000 10.0605000000 5.4432000000
3.8000000000 10.1000000000 5.6000000000
2.9000000000 10.4000000000 8.0000000000
3.0000000000 10.6000000000 8.2000000000
5.7451600000 7.9868400000 8.4859900000
5.6193000000 7.7838500000 8.9026800000
4.6525300000 10.0845000000 9.0629600000
4.5772900000 10.4146000000 9.3303900000
8.6232500000 7.7310600000 9.5432600000
8.6000000000 8.1000000000 9.6000000000
4.1977900000 9.1429900000 7.2929600000
4.2541300000 9.2514700000 7.1869600000
4.3345400000 9.3197700000 5.4153000000
4.1931500000 9.2565200000 5.4916400000
4.2628600000 8.3699300000 7.2786300000
4.0000000000 8.4000000000 7.3000000000
3.9480900000 10.9845000000 9.0720500000
4.1000000000 11.1000000000 8.6000000000
4.7601000000 7.7137200000 8.2667700000
4.7292300000 7.7397100000 8.1307300000
5.9073900000 7.2879500000 8.1001400000
5.8796900000 7.4233100000 8.1207400000
4.8198200000 8.0341400000 8.8490400000
4.7568400000 8.1405900000 9.0947700000
6.4756000000 8.0187500000 8.9415600000
6.2867900000 7.9541600000 8.7530700000
3.8599900000 9.3316100000 8.2913600000
4.0198200000 9.2456600000 8.3881900000
6.4228500000 6.7071700000 7.0222500000
6.7000000000 6.4000000000 7.0000000000
4.8178200000 10.6871000000 7.8835400000
5.0351400000 10.5244000000 7.9990100000
6.0050500000 9.9966200000 7.9492800000
6.0581000000 9.9636000000 7.6690000000
4.5469900000 11.4006000000 7.9960700000
4.4139600000 11.2927000000 8.0267700000
3.2887100000 10.1887000000 8.2651600000
3.2118300000 9.9169300000 8.1703400000
4.1958100000 9.8594300000 6.5212000000
3.6000000000 9.8000000000 6.5000000000
5.3408500000 10.6658000000 8.8677000000
5.5000000000 11.0000000000 8.3000000000
5.3046600000 10.8080000000 7.1695300000
5.7000000000 11.1000000000 7.2000000000
3.8946300000 11.3167000000 7.7670000000
4.1296700000 11.5308000000 7.9224500000
4.4601000000 8.3676100000 6.7476700000
4.4635200000 8.1502800000 6.8632700000
4.8889100000 11.1397000000 7.0425200000
5.0605800000 11.2972000000 7.2645000000
4.0369300000 11.2734000000 9.1405200000
3.8000000000 11.2000000000 9.3000000000
4.1317000000 9.6803500000 7.5189500000
4.1568700000 9.8948600000 7.8546600000
4.7754500000 9.0967300000 9.1253900000
4.8543600000 9.1045400000 9.2647400000
6.9824000000 7.2525700000 8.8944400000
6.7000000000 7.2000000000 8.7000000000
4.7054900000 9.7160000000 9.5205000000
5.0545700000 9.7298700000 9.4075900000
5.4288200000 9.6379100000 8.5774400000
5.4167400000 9.4052600000 8.3800300000
5.9379300000 7.1763200000 8.5651400000
5.5513500000 7.1706000000 8.4869700000
4.4701400000 10.9305000000 6.1482600000
4.3000000000 11.4000000000 6.2000000000
4.7856000000 11.0681000000 5.8713500000
5.0000000000 10.8000000000 6.0000000000
4.8305900000 8.5291100000 8.3736300000
4.7054600000 8.5210600000 8.3741200000
4.7468400000 8.9062600000 9.5136700000
4.4572300000 8.9169600000 9.4696200000
4.8000000000 8.6000000000 8.2000000000
4.9000000000 8.6000000000 7.7000000000
8.4000000000 6.8000000000 9.2000000000
8.4000000000 6.9000000000 9.3000000000
4.7000200000 10.9590000000 6.0354800000
4.4544500000 11.0024000000 5.7355300000
6.9089100000 7.7745800000 8.9952700000
6.8935800000 7.9951000000 8.9726700000
6.1032500000 8.2163700000 8.7686400000
5.9223100000 8.2922200000 8.9174600000
4.5461600000 8.7455300000 5.1364400000
4.7000000000 8.6000000000 5.4000000000
4.5445200000 8.8337500000 5.1989100000
4.2299200000 8.9525300000 4.8654900000
4.1922500000 10.2206000000 5.0892500000
4.0000000000 10.1000000000 4.9000000000
4.9361400000 8.2520200000 5.9976300000
4.8038100000 7.9577100000 5.8193100000
8.7000000000 7.0000000000 8.6000000000
8.8122500000 6.9998400000 8.6682100000
6.2521900000 6.7965400000 8.0039900000
5.9000000000 6.6000000000 8.0000000000
6.7000000000 6.5000000000 8.0000000000
6.9000000000 6.5000000000 8.2000000000
8.9379700000 6.6862800000 7.9487200000
9.3000000000 6.7000000000 8.3000000000
5.4625500000 8.7418600000 9.0091200000
5.5429500000 8.8188900000 8.9219500000
5.4323100000 8.3902100000 9.4290600000
5.6000000000 8.0000000000 9.7000000000
4.7179300000 8.7801900000 9.7380600000
5.1000000000 8.6000000000 9.9000000000
3.9765600000 10.1716000000 9.5340500000
4.1617900000 10.3733000000 9.5201900000
5.5079500000 8.6137100000 9.1683800000
5.6388400000 8.8324900000 9.4445000000
5.1000000000 11.6000000000 6.5000000000
5.0000000000 11.5000000000 6.3000000000
6.3682000000 6.7172200000 7.0967900000
6.3000000000 7.0000000000 6.7000000000
4.7558500000 11.8844000000 7.6040600000
4.3000000000 12.1000000000 7.7000000000
5.1000000000 8.2000000000 5.9000000000
5.0397500000 8.3297700000 5.8510800000
8.2059400000 7.6110200000 9.3957600000
8.1557300000 7.7666700000 9.3217100000
4.0849000000 10.3405000000 9.2778100000
3.8072900000 10.3431000000 9.3265900000
4.7257800000 9.6015700000 9.6388000000
4.3000000000 9.7000000000 9.8000000000
7.3000000000 6.7000000000 8.9000000000
7.4000000000 6.8000000000 9.2000000000
4.2759100000 9.3707000000 5.4979800000
4.2608200000 9.4175900000 5.6270200000
3.8592200000 11.3349000000 7.7190700000
3.7776200000 11.1933000000 7.7964600000
4.4120200000 8.4155500000 6.8876400000
4.0974700000 8.5533200000 6.7464800000
4.9601300000 10.7816000000 7.6017200000
4.8613600000 10.6914000000 7.6760100000
5.3653700000 10.7562000000 7.0322000000
5.4543100000 10.9095000000 6.7139100000
5.1525500000 11.3820000000 8.0433900000
5.1296100000 11.6439000000 8.0954100000
5.9979500000 6.9831800000 7.4263200000
5.7504900000 7.1574100000 7.1327200000
5.3311800000 11.4615000000 8.0250300000
5.2000000000 11.4000000000 7.8000000000
7.1382900000 7.7663100000 9.0620300000
6.9944500000 7.7222800000 9.1321300000
6.1000000000 10.0000000000 7.9000000000
6.4000000000 10.3000000000 7.9000000000
4.1821200000 9.2741400000 7.0010500000
4.5016800000 9.1605100000 7.0291300000
4.2000000000 11.7000000000 9.1000000000
4.1941600000 11.6532000000 8.9386600000
4.0334000000 9.6377000000 9.0123500000
4.2000000000 9.4000000000 8.9000000000
3.5925500000 9.6749000000 7.2745300000
3.6624200000 9.5282100000 7.1141000000
4.8903900000 8.2741600000 8.6918100000
5.0510900000 8.3013400000 8.6609100000
5.9000000000 9.9000000000 7.9000000000
5.9847800000 9.6157800000 7.8684800000
4.1722100000 9.3993400000 7.3986000000
4.4496200000 9.5168200000 7.6005800000
3.7000000000 11.4000000000 7.5000000000
3.9000000000 11.3000000000 7.3000000000
5.9817400000 7.0945100000 8.5598200000
6.1000000000 7.2000000000 8.9000000000
4.2101100000 10.2842000000 6.5003300000
4.5461400000 10.3461000000 6.5702900000
3.9000000000 10.9000000000 6.1000000000
3.9000000000 10.8000000000 6.5000000000
6.2243100000 10.8708000000 8.1335000000
6.1000000000 11.1000000000 8.2000000000
4.1346200000 9.4441900000 5.0620100000
4.6000000000 9.8000000000 5.1000000000
5.1859500000 9.6855300000 5.7882000000
5.0673000000 9.6541200000 5.7128500000
6.4593700000 8.5118500000 8.7154900000
6.4000000000 8.9000000000 8.9000000000
4.8088100000 7.6050600000 6.3649500000
4.6000000000 7.6000000000 6.3000000000
5.0012700000 7.4641000000 6.3128500000
5.3000000000 7.5000000000 6.3000000000
4.9577600000 11.3364000000 6.8076100000
4.7767700000 11.5196000000 6.8014000000
4.0000000000 9.3000000000 4.9000000000
4.0418500000 9.4803300000 4.9085100000
4.5113400000 8.2825300000 6.5535100000
4.4951400000 8.4400600000 6.6925100000
4.4929500000 8.5359100000 4.9001200000
4.2000000000 8.4000000000 5.1000000000
3.7000000000 9.3000000000 9.4000000000
3.8000000000 9.1000000000 9.3000000000
4.2905900000 9.7117500000 5.9308300000
4.2000000000 9.7000000000 6.2000000000
4.7267000000 9.9160700000 5.9353400000
4.6471500000 9.7868400000 6.1864300000
6.3559400000 6.7176100000 8.0404200000
6.4000000000 6.7000000000 7.6000000000
4.3414900000 7.9439500000 7.4603600000
4.7000000000 8.0000000000 7.6000000000
7.4992100000 8.1021300000 9.3483800000
7.6000000000 8.0000000000 9.2000000000
5.7000000000 10.9000000000 9.0000000000
5.6000000000 11.0000000000 8.9000000000
4.1831700000 9.2474000000 7.3188300000
4.0556300000 9.2412100000 7.4707000000
3.2000000000 9.9000000000 7.1000000000
3.2000000000 9.9000000000 7.3000000000
5.8378700000 9.9131000000 8.0551700000
5.6849700000 10.0445000000 7.8997100000
5.8521700000 6.7524000000 6.8829300000
5.7000000000 6.8000000000 7.1000000000
5.7418700000 8.6462800000 8.0521500000
5.8074600000 8.8682400000 8.1035200000
3.5471600000 10.6997000000 9.0972500000
3.5911200000 10.6375000000 8.8708000000
5.7000000000 6.6000000000 6.5000000000
5.7000000000 6.8000000000 6.4000000000
4.1000000000 9.1000000000 8.4000000000
4.1000000000 8.8000000000 8.8000000000
3.1793100000 9.7298800000 8.6411900000
3.0000000000 10.2000000000 8.9000000000
3.7755600000 9.1803800000 8.3258300000
3.5000000000 9.4000000000 8.2000000000
8.3619500000 7.6100000000 9.4101500000
8.3000000000 7.6000000000 9.7000000000
5.5031100000 8.4561900000 9.3040300000
5.5000000000 8.5000000000 9.4000000000
8.3700400000 7.1013300000 8.6699400000
8.8000000000 7.6000000000 8.8000000000
5.1001100000 10.3540000000 8.9419500000
4.9752900000 10.3590000000 9.0530800000
5.1476000000 11.7846000000 8.2119700000
5.0767100000 11.8244000000 7.9996300000
5.7689200000 6.7433800000 6.7196900000
5.9822800000 6.6190200000 6.7034200000
4.6869000000 8.9634900000 9.3871300000
5.2000000000 9.1000000000 9.8000000000
6.3759700000 8.4937000000 8.7391800000
6.3000000000 8.4000000000 8.2000000000
3.9117300000 9.5059200000 9.1317300000
3.5000000000 9.4000000000 8.9000000000
3.4000000000 11.4000000000 8.9000000000
3.3586800000 11.2005000000 8.8355800000
4.3485300000 8.8212100000 9.4676100000
4.3000000000 9.1000000000 9.7000000000
3.8845500000 9.4095500000 9.1909400000
3.8000000000 9.6000000000 9.5000000000
7.6764300000 8.2355300000 9.5714600000
7.7000000000 8.6000000000 9.4000000000
4.1000000000 8.6000000000 9.4000000000
4.2000000000 8.4000000000 9.5000000000
4.2000000000 10.3000000000 4.9000000000
4.4000000000 10.4000000000 5.1000000000
5.3020300000 8.9639600000 8.7790800000
5.0000000000 9.2000000000 8.5000000000
3.9324300000 8.9563500000 5.4969500000
3.8000000000 9.2000000000 5.2000000000
4.6497900000 7.4304900000 8.1915200000
4.3000000000 7.5000000000 8.1000000000
4.1290700000 10.5934000000 6.3485600000
4.0000000000 10.7000000000 5.8000000000
6.3000000000 9.2000000000 8.4000000000
5.9513900000 9.5604100000 8.5133500000
3.9584400000 10.4004000000 7.1351100000
4.1441900000 10.4868000000 7.1134300000
5.1743300000 10.4084000000 8.8971000000
5.7000000000 10.1000000000 9.1000000000
3.7000000000 10.7000000000 7.1000000000
3.6000000000 10.7000000000 7.2000000000
4.6000000000 7.3000000000 8.2000000000
4.8000000000 7.2000000000 8.1000000000
3.7184300000 10.0205000000 8.4914100000
3.7949900000 10.1691000000 8.4867100000
5.4464100000 7.8857500000 8.0758200000
5.9000000000 8.0000000000 7.9000000000
3.5000000000 8.7000000000 8.1000000000
3.6000000000 8.5000000000 8.0000000000
4.1004600000 9.9852000000 7.8101900000
4.3201900000 10.0110000000 7.7451900000
4.5951400000 9.7820100000 7.1789700000
4.5000000000 9.8000000000 7.2000000000
4.2192300000 10.3533000000 6.4454800000
3.7000000000 10.3000000000 6.2000000000
4.5379000000 8.0950300000 8.7422800000
4.7000000000 8.1000000000 8.7000000000
4.2000000000 8.0000000000 8.7000000000
4.0000000000 8.0000000000 8.6000000000
5.6691600000 8.6924400000 8.3975500000
5.4009800000 8.5904400000 8.3198900000
5.1159600000 9.6925300000 7.2050300000
5.2000000000 9.9000000000 7.1000000000
4.6591200000 10.3412000000 6.5061900000
4.7000000000 10.7000000000 6.7000000000
8.2198400000 7.0188400000 9.1133200000
7.9000000000 6.7000000000 8.9000000000
4.8749100000 11.2248000000 8.1259000000
4.8045700000 11.3953000000 8.3444900000
5.9169300000 7.1185800000 7.7976500000
5.7632000000 7.2093500000 7.9111200000
6.7894200000 8.5528600000 8.6269800000
6.7000000000 8.4000000000 8.9000000000
4.0161700000 9.5337400000 8.2395000000
4.3213800000 9.2732100000 8.2423200000
9.2201500000 7.0129100000 8.9094300000
9.0000000000 7.0000000000 9.0000000000
4.3000000000 11.6000000000 7.4000000000
4.3000000000 11.7000000000 7.2000000000
4.0855000000 9.7207100000 8.2077600000
4.4000000000 10.0000000000 8.3000000000
3.5117000000 11.3163000000 8.4751000000
3.7000000000 11.7000000000 8.7000000000
4.8038900000 7.9676900000 5.6539900000
4.9000000000 7.7000000000 5.8000000000
5.7732900000 11.5982000000 8.0557900000
5.7000000000 11.5000000000 8.5000000000
6.1000000000 6.9000000000 8.6000000000
6.4000000000 6.8000000000 8.5000000000
7.7000000000 8.3000000000 9.7000000000
7.9000000000 8.2000000000 9.8000000000
4.6000000000 9.2000000000 4.9000000000
4.5000000000 9.2000000000 4.7000000000
4.5737700000 10.5800000000 9.3530900000
4.7000000000 10.3000000000 9.7000000000
4.1000000000 9.3000000000 6.9000000000
4.1000000000 9.3000000000 6.6000000000
5.4614600000 11.0442000000 6.5744500000
5.5000000000 10.8000000000 6.2000000000
4.8000000000 11.0000000000 9.4000000000
4.5971900000 10.8944000000 9.2995100000
6.4024900000 8.3691500000 9.4397100000
6.1000000000 8.2000000000 9.7000000000
4.6567500000 8.2324300000 6.2343300000
4.4915700000 8.3725000000 6.0047200000
3.4800800000 11.3919000000 8.3959200000
3.4000000000 11.1000000000 8.2000000000
3.5199000000 9.9953700000 8.4827500000
3.7424000000 9.9665900000 8.3941900000
4.3899200000 7.8288300000 7.4374300000
4.2000000000 7.9000000000 7.5000000000
4.9666400000 7.5335100000 6.3181800000
4.9107700000 7.5015600000 6.5614700000
6.5408900000 8.4507100000 9.6956600000
6.9000000000 8.4000000000 9.6000000000
4.5056700000 9.1760200000 8.1064100000
4.5000000000 9.0000000000 8.5000000000
4.0870200000 10.2966000000 7.1059100000
3.8232900000 10.1979000000 6.9013200000
5.0392500000 10.8625000000 7.4169500000
5.0092500000 10.7313000000 7.6035200000
4.8000000000 7.9000000000 5.3000000000
4.6000000000 7.9000000000 5.1000000000
4.4746700000 8.6229100000 5.0776200000
4.9000000000 8.6000000000 4.9000000000
4.2809800000 8.6044300000 7.1447600000
4.1339800000 8.9607400000 7.2344800000
4.7333800000 8.1843500000 6.1241100000
4.9000000000 8.7000000000 6.0000000000
5.2708800000 10.4753000000 8.8582600000
5.2000000000 10.5000000000 8.5000000000
5.0000000000 10.3000000000 6.4000000000
5.1000000000 10.4000000000 6.5000000000
6.5294000000 8.3956700000 9.5383900000
6.5000000000 8.8000000000 9.5000000000
5.2014500000 10.1129000000 5.8605700000
5.1000000000 10.0000000000 6.0000000000
3.5087500000 9.7304200000 7.2229900000
3.4000000000 9.5000000000 7.6000000000
6.0844100000 6.8916200000 8.0457400000
6.1827300000 7.2017700000 8.1250400000
3.2268300000 10.2312000000 8.2690700000
3.2357700000 10.2418000000 7.9284800000
4.3310600000 8.3925300000 8.1282600000
4.5000000000 8.7000000000 8.1000000000
6.1073500000 10.8412000000 8.2076200000
6.3000000000 10.6000000000 8.3000000000
6.0617200000 7.0345800000 8.5640500000
5.9000000000 6.8000000000 8.5000000000
5.5000000000 10.3000000000 5.8000000000
5.6000000000 10.4000000000 5.9000000000
4.0550200000 9.1647100000 5.4158400000
4.2000000000 8.8000000000 5.8000000000
7.1631100000 7.0110700000 8.9710200000
6.9000000000 6.7000000000 8.9000000000
5.0732000000 10.5218000000 9.1810900000
5.0000000000 10.9000000000 9.0000000000
4.8908900000 10.7275000000 7.7181100000
4.4000000000 10.9000000000 7.6000000000
4.1000000000 9.3000000000 5.7000000000
4.6000000000 9.2000000000 5.8000000000
3.2000000000 10.8000000000 9.2000000000
3.1000000000 10.7000000000 9.1000000000
5.6999000000 9.3868400000 9.0904200000
5.6874700000 9.5380600000 9.1627200000
4.4706900000 8.0557500000 8.7202200000
4.2000000000 8.1000000000 9.1000000000
5.6749600000 7.2856000000 7.7933400000
5.5000000000 6.9000000000 8.0000000000
6.3250100000 7.8821700000 8.6932100000
6.1000000000 7.8000000000 8.8000000000
4.7453900000 9.6574300000 8.3989800000
4.6000000000 9.7000000000 8.7000000000
5.2000000000 7.9000000000 8.0000000000
5.3000000000 7.7000000000 7.8000000000
3.8436400000 11.3356000000 7.6004700000
3.6000000000 11.5000000000 7.8000000000
5.8000000000 10.6000000000 6.7000000000
6.0000000000 10.6000000000 7.0000000000
3.9542900000 10.2186000000 7.7546600000
4.0552300000 10.2970000000 7.7289600000
3.6902200000 10.2677000000 9.2921500000
3.7000000000 10.5000000000 9.5000000000
5.6454200000 10.2296000000 7.8241000000
5.4000000000 10.0000000000 7.5000000000
5.6000000000 9.7000000000 5.7000000000
5.7000000000 9.8000000000 5.7000000000
6.5813900000 8.4907900000 8.7317500000
6.4606900000 8.5876000000 8.6259500000
7.0466300000 8.2080900000 9.0362700000
7.0000000000 7.9000000000 8.9000000000
5.3508300000 10.7985000000 7.0781600000
5.2840800000 10.7509000000 7.1751800000
5.9000000000 9.3000000000 9.3000000000
6.0000000000 9.2000000000 9.4000000000
5.4184600000 9.3686200000 8.2696500000
5.5000000000 9.2000000000 8.4000000000
7.8106800000 7.5585800000 9.3428200000
7.5000000000 7.7000000000 9.7000000000
7.2000000000 8.3000000000 9.1000000000
7.2000000000 8.6000000000 9.1000000000
4.8000000000 9.6000000000 8.2000000000
4.7000000000 9.6000000000 8.2000000000
3.6344200000 9.0090100000 8.1354800000
3.2000000000 9.0000000000 8.3000000000
5.5247500000 9.6472700000 8.5179900000
5.5000000000 10.0000000000 8.5000000000
5.5722200000 11.7337000000 7.9002000000
5.7000000000 11.7000000000 7.7000000000
5.4000000000 7.5000000000 7.5000000000
5.7000000000 7.5000000000 7.5000000000
3.4000000000 10.1000000000 9.3000000000
3.4000000000 9.8000000000 9.2000000000
5.8836300000 9.9336500000 7.9807300000
6.3000000000 9.9000000000 8.2000000000
4.7000000000 9.5000000000 9.7000000000
4.8000000000 9.5000000000 9.8000000000
4.7000000000 8.8000000000 9.9000000000
4.6000000000 8.6000000000 9.8000000000
4.1437300000 9.8648900000 5.7060600000
3.8000000000 9.7000000000 5.9000000000
5.7296200000 8.7056100000 8.2839100000
6.1000000000 8.9000000000 8.4000000000
4.6315600000 7.9172100000 6.8847200000
4.3000000000 8.0000000000 6.8000000000
5.4071700000 9.2868900000 8.0015600000
5.2000000000 9.1000000000 7.9000000000
3.3867900000 10.7156000000 9.0999400000
3.4000000000 10.8000000000 9.4000000000
4.8000000000 7.8000000000 6.9000000000
4.7000000000 7.7000000000 6.9000000000
4.4036200000 8.1005700000 7.4135900000
4.4000000000 8.4000000000 7.7000000000
6.4000000000 7.8000000000 8.4000000000
6.6000000000 7.7000000000 8.5000000000
4.5000000000 11.0000000000 9.3000000000
4.7000000000 11.4000000000 9.1000000000
4.6641700000 11.0446000000 8.1355800000
4.5568800000 10.8442000000 8.2983000000
6.4168400000 6.7095700000 8.0546300000
6.4000000000 6.5000000000 8.1000000000
6.6000000000 8.6000000000 9.8000000000
6.5000000000 8.4000000000 9.9000000000
4.2471000000 8.2683100000 8.0740100000
4.1000000000 8.4000000000 8.1000000000
5.7945700000 7.6712500000 8.3893100000
5.3000000000 7.5000000000 8.6000000000
6.0098800000 10.6863000000 8.2677000000
5.8000000000 10.5000000000 8.1000000000
4.9821200000 11.3745000000 6.6807500000
5.1000000000 11.4000000000 6.8000000000
4.3063500000 11.7382000000 8.8860500000
4.1000000000 12.0000000000 8.6000000000
4.2095100000 8.9819700000 7.2461800000
4.6000000000 9.0000000000 7.5000000000
4.9623900000 9.8706900000 5.8704400000
5.0000000000 9.9000000000 5.4000000000
5.2605700000 11.5345000000 7.2277400000
4.9000000000 11.5000000000 7.4000000000
6.0800400000 10.1378000000 7.5261900000
6.3000000000 9.8000000000 7.5000000000
5.7998400000 9.7918700000 8.0403900000
5.4000000000 9.6000000000 7.7000000000
4.5000000000 7.7000000000 9.0000000000
4.5000000000 7.7000000000 9.2000000000
5.3477600000 11.5707000000 7.1452700000
5.4000000000 11.7000000000 7.3000000000
8.7780600000 7.5052000000 9.3565800000
8.6000000000 7.4000000000 9.3000000000
4.7574600000 7.5353500000 7.7870900000
4.5000000000 7.6000000000 7.7000000000
4.8116300000 7.3590800000 7.5978400000
5.0000000000 7.4000000000 7.3000000000
5.9383100000 9.5239900000 7.6648700000
6.3000000000 9.5000000000 7.9000000000
9.3452100000 6.9244600000 8.8772300000
9.4000000000 7.2000000000 9.1000000000
4.0148700000 9.4013300000 4.6179300000
3.9000000000 9.6000000000 4.9000000000
4.8020200000 11.9583000000 7.6226400000
5.0000000000 12.0000000000 7.3000000000
4.2076100000 8.8038800000 4.5184100000
4.0000000000 9.0000000000 4.8000000000
5.3000000000 11.9000000000 8.3000000000
5.0000000000 12.0000000000 8.4000000000
4.5212000000 8.4452000000 4.8747800000
4.4000000000 8.5000000000 4.6000000000
7.0014600000 7.6058900000 9.4202500000
6.8000000000 7.9000000000 9.6000000000
3.6854000000 9.1031000000 8.2508300000
3.9000000000 8.9000000000 8.1000000000
5.8262300000 7.4853000000 8.3302300000
6.1000000000 7.8000000000 8.3000000000
4.3873600000 8.0564700000 8.6878900000
4.4332200000 7.9829700000 8.6723600000
4.5000000000 11.2000000000 6.9000000000
4.4209300000 11.2433000000 6.8110900000
5.4253200000 9.3356600000 5.6382500000
5.4000000000 8.9000000000 5.3000000000
3.1825800000 10.2959000000 8.2570400000
2.9000000000 10.2000000000 8.4000000000
5.2000000000 10.6000000000 9.4000000000
5.4000000000 10.4000000000 9.5000000000
5.3465300000 7.0711500000 8.4083300000
5.5000000000 7.1000000000 8.7000000000
5.2728500000 10.1414000000 5.8422200000
5.2000000000 10.5000000000 5.6000000000
4.7586700000 7.9278100000 5.5071200000
5.0000000000 8.2000000000 5.3000000000
4.8847800000 7.6459300000 8.9596900000
5.1000000000 7.8000000000 9.3000000000
4.9831600000 8.5876600000 8.6549600000
4.6000000000 8.6000000000 9.0000000000
4.5199900000 10.9436000000 6.0780300000
4.8000000000 11.0000000000 6.3000000000
8.2735400000 7.8269700000 9.2214400000
8.2000000000 8.0000000000 9.5000000000
6.1000000000 8.5000000000 9.2000000000
5.8000000000 8.1000000000 9.1000000000
4.7075300000 10.0665000000 5.7716500000
4.6000000000 9.8000000000 5.6000000000
5.8000000000 8.5000000000 7.9000000000
5.7000000000 8.7000000000 7.8000000000
4.1266500000 11.4648000000 9.0720500000
4.3000000000 11.3000000000 9.5000000000
4.4823200000 9.7819400000 7.2132500000
4.2000000000 9.7000000000 6.8000000000
7.9415900000 7.2789500000 8.9015800000
7.7000000000 7.2000000000 9.0000000000
6.1862400000 6.8414100000 7.1535400000
6.1000000000 6.5000000000 7.3000000000
4.1211600000 10.0683000000 5.3328100000
4.2000000000 10.4000000000 5.5000000000
6.4701000000 6.6772100000 8.0693700000
6.7000000000 6.9000000000 8.1000000000
5.5383600000 11.6244000000 7.9003400000
5.8000000000 11.2000000000 7.8000000000
4.9000000000 7.5000000000 9.0000000000
4.8000000000 7.3000000000 8.8000000000
6.9524800000 7.7289800000 9.2768800000
7.2000000000 7.3000000000 9.3000000000
3.8382800000 10.5280000000 7.1292200000
3.9000000000 10.4000000000 7.2000000000
4.2284500000 10.4550000000 6.3881100000
4.3000000000 10.3000000000 6.0000000000
4.4226400000 11.6054000000 7.5357000000
4.4000000000 11.3000000000 7.4000000000
4.9000000000 11.2000000000 5.8000000000
4.8000000000 11.1000000000 5.7000000000
4.6867000000 10.2067000000 5.6228600000
4.6000000000 10.6000000000 5.5000000000
4.6000000000 9.0000000000 8.0000000000
4.7000000000 9.2000000000 8.0000000000
6.1000000000 10.2000000000 7.3000000000
6.1000000000 10.4000000000 7.5000000000
3.2000000000 11.2000000000 8.9000000000
3.0000000000 11.0000000000 8.5000000000
5.6000000000 9.2000000000 5.6000000000
5.6000000000 9.0000000000 5.7000000000
4.4747500000 10.0155000000 7.7349200000
4.4000000000 10.2000000000 7.4000000000
5.3000000000 9.7000000000 7.2000000000
5.3000000000 9.4000000000 7.3000000000
8.7229000000 6.8950300000 8.3581100000
8.9000000000 7.3000000000 8.2000000000
4.6000000000 10.1000000000 7.8000000000
4.8000000000 9.9000000000 7.6000000000
3.8425800000 9.4046400000 6.2068000000
4.1000000000 9.2000000000 6.0000000000
5.8776600000 10.5738000000 8.4480500000
6.1000000000 10.9000000000 8.6000000000
5.6411800000 7.1556900000 7.1037800000
5.8000000000 7.2000000000 6.7000000000
4.3000000000 10.6000000000 7.2000000000
4.0465800000 10.7480000000 7.0215600000
6.9276400000 7.3448000000 8.8766900000
6.7332200000 7.3820600000 9.0369500000
4.8085400000 11.1777000000 8.1459600000
5.0000000000 11.0000000000 8.2000000000
3.9444900000 9.5590200000 9.0443200000
4.3000000000 9.5000000000 9.4000000000
5.4000000000 7.3000000000 6.9000000000
5.2000000000 6.9000000000 7.0000000000
3.9011600000 8.8992000000 7.1703200000
3.7000000000 9.0000000000 6.7000000000
4.2000000000 8.2000000000 8.0000000000
4.0887700000 8.1393500000 8.1039300000
7.5768000000 8.2126300000 9.4103100000
7.4000000000 8.3000000000 9.6000000000
9.1000000000 7.6000000000 9.3000000000
9.2000000000 7.6000000000 9.4000000000
3.9000000000 8.7000000000 5.5000000000
3.8000000000 8.9000000000 5.6000000000
4.5579500000 12.0126000000 8.1838100000
4.6000000000 11.8000000000 8.2000000000
4.3000000000 10.2000000000 8.3000000000
4.1000000000 10.4000000000 8.3000000000
4.1216900000 9.1432800000 7.6067100000
3.7000000000 9.1000000000 7.4000000000
6.0468800000 6.8934000000 7.2733100000
6.1463200000 7.0610000000 7.3000600000
4.7038800000 11.7417000000 6.8589700000
4.6000000000 11.6000000000 6.5000000000
5.1000000000 7.3000000000 6.3000000000
5.3000000000 7.1000000000 6.5000000000
3.9000000000 10.3000000000 7.7000000000
3.7000000000 10.3000000000 7.8000000000
3.6335600000 8.8360700000 8.7235600000
3.9000000000 8.4000000000 8.9000000000
3.5900600000 11.0549000000 7.7133600000
3.8000000000 11.1000000000 7.9000000000
4.0871700000 10.3472000000 9.3663700000
4.2000000000 10.0000000000 9.3000000000
3.4000000000 11.4000000000 8.3000000000
3.5000000000 11.6000000000 8.3000000000
5.9000000000 11.7000000000 8.0000000000
6.0000000000 11.6000000000 8.0000000000
6.4573900000 7.9113700000 9.1447500000
6.1000000000 7.8000000000 9.4000000000
5.5135600000 8.6697900000 9.1325400000
5.1000000000 8.7000000000 9.3000000000
4.0497400000 10.6676000000 6.3496800000
4.3000000000 10.7000000000 6.5000000000
4.9000000000 12.0000000000 7.6000000000
4.8000000000 12.1000000000 7.7000000000
4.0000000000 9.4000000000 4.5000000000
4.0000000000 9.3000000000 4.4000000000
5.7586500000 8.7881200000 9.6694700000
5.6000000000 9.1000000000 9.6000000000
4.0000000000 11.4000000000 6.8000000000
4.4000000000 11.2000000000 6.6000000000
5.2254700000 8.4922300000 5.7294000000
5.0000000000 8.3000000000 5.7000000000
3.0000000000 9.6000000000 8.7000000000
3.2000000000 9.5000000000 8.6000000000
3.9610000000 9.4285400000 8.2781900000
3.8000000000 9.4000000000 7.8000000000
3.6000000000 9.2000000000 6.1000000000
3.6000000000 9.1000000000 6.1000000000
3.4000000000 11.0000000000 7.7000000000
3.5000000000 10.9000000000 7.6000000000
3.9000000000 8.5000000000 6.6000000000
4.0244600000 8.6947500000 6.5059500000
5.9000000000 8.8000000000 9.8000000000
5.8000000000 8.7000000000 9.9000000000
4.1000000000 9.0000000000 7.7000000000
4.3000000000 9.1000000000 7.8000000000
4.6000000000 9.1000000000 6.3000000000
4.6000000000 9.5000000000 6.4000000000
5.7801000000 9.3376300000 9.2052200000
6.1000000000 9.3000000000 8.9000000000
4.4000000000 7.8000000000 6.1000000000
4.4000000000 7.9000000000 6.0000000000
5.2000000000 7.0000000000 8.4000000000
5.2000000000 7.0000000000 8.3000000000
4.5510900000 10.9684000000 8.5437900000
4.2000000000 11.0000000000 8.1000000000
4.8278600000 8.5606900000 8.2959000000
4.9000000000 8.2000000000 8.1000000000
4.1935300000 11.3980000000 7.9348900000
4.2000000000 11.6000000000 8.5000000000
4.6000000000 8.5000000000 6.7000000000
4.5000000000 8.8000000000 6.3000000000
5.0000000000 9.7000000000 6.4000000000
5.1000000000 9.2000000000 6.2000000000
4.0205200000 8.9637800000 7.1448800000
3.9000000000 8.7000000000 7.6000000000
4.8000000000 9.2000000000 7.0000000000
4.7000000000 8.9000000000 6.7000000000
4.8079500000 9.7536700000 7.1730400000
4.7898300000 9.5843600000 6.9628900000
3.7302800000 9.2586600000 6.1478100000
3.5000000000 9.5000000000 6.2000000000
4.6000000000 11.1000000000 8.7000000000
4.5000000000 11.0000000000 8.7000000000
4.1081900000 9.9720600000 5.5901400000
3.8000000000 9.7000000000 5.4000000000
3.6284100000 10.2248000000 6.8202300000
3.8000000000 10.3000000000 6.7000000000
5.5573800000 11.1009000000 6.5358500000
5.3000000000 11.2000000000 6.3000000000
8.5312100000 7.0122900000 8.5409100000
8.6000000000 6.7000000000 8.9000000000
4.8270800000 10.3463000000 6.5007500000
4.7000000000 10.3000000000 6.2000000000
5.4000000000 8.6000000000 5.7000000000
5.3000000000 8.6000000000 5.6000000000
5.0533400000 7.4041200000 6.3402900000
5.0000000000 7.2000000000 6.1000000000
5.4000000000 11.7000000000 7.1000000000
5.6000000000 11.5000000000 6.9000000000
8.3000000000 7.9000000000 9.1000000000
8.6000000000 7.9000000000 9.1000000000
3.9716500000 10.6414000000 9.1273500000
4.0719400000 10.5858000000 9.1869000000
7.0145500000 7.1485700000 8.9151800000
7.2000000000 7.2000000000 8.9000000000
4.5791000000 8.5144400000 8.2327100000
4.3000000000 8.4000000000 8.6000000000
5.3643300000 10.1997000000 5.8682100000
5.4000000000 10.1000000000 5.6000000000
5.7000000000 10.4000000000 7.8000000000
5.5000000000 10.4000000000 7.7000000000
4.3022700000 8.2954500000 7.3475200000
4.7000000000 8.5000000000 7.2000000000
4.6910500000 7.5950700000 7.8840600000
4.5000000000 8.0000000000 8.0000000000
3.4128600000 9.7944800000 7.2200400000
3.4000000000 9.8000000000 6.9000000000
4.3448500000 8.3814600000 5.8868100000
4.5000000000 8.6000000000 5.9000000000
5.1000000000 9.5000000000 5.7000000000
5.0000000000 9.5000000000 5.3000000000
4.7384900000 9.7453900000 8.7037800000
5.0000000000 10.0000000000 8.4000000000
3.5154800000 10.2569000000 6.9008000000
3.4000000000 10.2000000000 6.5000000000
4.3282700000 8.3613900000 5.8058700000
4.0000000000 8.5000000000 5.9000000000
5.6524300000 9.7744000000 8.3087700000
5.3000000000 9.8000000000 8.1000000000
5.4000000000 9.3000000000 7.9000000000
5.6000000000 9.2000000000 7.7000000000
4.3000000000 8.3000000000 5.6000000000
4.4000000000 8.1000000000 5.5000000000
5.8000000000 7.4000000000 8.0000000000
6.1000000000 7.6000000000 7.9000000000
6.9000000000 8.6000000000 8.5000000000
7.0000000000 8.6000000000 8.6000000000
4.7904000000 7.4657900000 7.6438600000
4.9000000000 7.5000000000 7.8000000000
4.7588900000 9.6774000000 6.2182600000
5.0000000000 10.0000000000 6.4000000000
5.2657800000 10.8285000000 7.2269900000
5.4000000000 11.2000000000 7.5000000000
5.7201100000 9.8291300000 8.2048600000
5.9000000000 10.1000000000 8.4000000000
4.2000000000 10.6000000000 9.7000000000
4.3000000000 10.2000000000 9.7000000000
5.2000000000 8.0000000000 8.9000000000
5.2000000000 8.2000000000 8.4000000000
4.5000000000 12.2000000000 8.3000000000
4.6000000000 12.2000000000 8.1000000000
3.6000000000 10.6000000000 8.7000000000
3.2000000000 10.6000000000 8.6000000000
6.0000000000 9.4000000000 7.5000000000
5.8000000000 9.5000000000 7.5000000000
4.6000000000 8.4000000000 4.8000000000
4.5000000000 8.2000000000 4.9000000000
4.7000000000 8.9000000000 9.2000000000
4.5000000000 9.1000000000 9.0000000000
4.4000000000 7.7000000000 7.5000000000
4.5000000000 7.7000000000 7.3000000000
4.0000000000 7.9000000000 8.0000000000
3.8000000000 8.1000000000 8.3000000000
4.6162800000 10.7453000000 9.3407700000
4.3000000000 10.9000000000 9.6000000000
5.6000000000 8.9000000000 8.9000000000
6.0000000000 8.8000000000 9.1000000000
4.7000000000 11.9000000000 6.9000000000
4.6000000000 11.9000000000 6.9000000000
8.0751700000 7.6132500000 9.3444300000
7.9000000000 7.8000000000 9.7000000000
7.0000000000 7.5000000000 9.5000000000
7.1000000000 7.5000000000 9.6000000000
5.6358500000 7.6842000000 9.0915700000
5.3000000000 7.4000000000 9.1000000000
4.1000000000 10.4000000000 7.7000000000
3.9000000000 10.8000000000 7.6000000000
5.5000000000 8.3000000000 9.6000000000
5.1000000000 8.3000000000 9.6000000000
4.1000000000 11.0000000000 7.0000000000
3.7000000000 11.1000000000 6.8000000000
4.1009300000 10.1053000000 5.1795900000
4.2000000000 10.0000000000 5.3000000000
6.6000000000 7.3000000000 9.2000000000
6.5000000000 7.0000000000 9.0000000000
3.5000000000 9.3000000000 7.1000000000
3.7000000000 9.5000000000 6.8000000000
3.6986000000 10.6661000000 9.0296700000
3.9000000000 10.6000000000 8.6000000000
3.9503900000 11.1563000000 9.1357900000
4.4000000000 11.2000000000 9.0000000000
4.3425100000 8.3041200000 5.7302200000
4.1000000000 8.5000000000 5.5000000000
6.3000000000 10.9000000000 8.1000000000
6.4000000000 10.9000000000 8.0000000000
9.5000000000 6.9000000000 8.9000000000
9.4000000000 6.8000000000 8.8000000000
4.0673200000 10.1492000000 7.7679500000
3.7000000000 9.9000000000 7.6000000000
3.4000000000 10.3000000000 6.9000000000
3.3000000000 10.3000000000 7.2000000000
4.8000000000 11.5000000000 8.5000000000
4.7419200000 11.5445000000 8.5343900000
5.4732200000 9.2511800000 5.6365500000
5.8000000000 9.4000000000 5.7000000000
4.7834800000 10.6548000000 7.9978800000
4.6062200000 10.4703000000 8.1120900000
4.9000000000 7.3000000000 6.7000000000
5.2000000000 7.5000000000 6.9000000000
6.6000000000 6.7000000000 6.9000000000
6.4000000000 6.7000000000 7.0000000000
5.3637200000 10.7432000000 8.8827600000
5.4000000000 10.7000000000 9.1000000000
5.3704600000 8.4373000000 8.1057700000
5.2000000000 8.7000000000 8.3000000000
4.9000000000 9.4000000000 7.6000000000
4.5000000000 9.6000000000 7.8000000000
4.8000000000 10.4000000000 7.3000000000
4.8000000000 10.7000000000 7.7000000000
4.5584500000 10.6081000000 8.3464800000
4.9000000000 10.8000000000 8.6000000000
5.0115600000 11.3201000000 8.1123800000
4.8000000000 11.2000000000 7.7000000000
5.4380800000 10.6732000000 6.9528800000
5.1000000000 10.7000000000 6.9000000000
5.3000000000 8.3000000000 8.0000000000
5.4000000000 8.3000000000 7.8000000000
5.4249500000 10.6150000000 7.2125600000
4.8000000000 10.5000000000 7.2000000000
8.9746400000 6.9778800000 8.8161500000
9.2000000000 7.1000000000 8.5000000000
6.2950000000 7.2105500000 8.0360400000
6.4000000000 7.2000000000 8.4000000000
4.6796400000 10.1752000000 5.6892100000
4.9000000000 10.3000000000 5.9000000000
4.8000000000 11.9000000000 8.7000000000
4.6000000000 11.5000000000 8.7000000000
5.3497600000 9.3815200000 5.6319000000
5.1000000000 9.1000000000 5.8000000000
4.2000000000 8.7000000000 4.4000000000
4.2000000000 8.8000000000 4.4000000000
5.1454500000 10.5055000000 9.2610200000
5.1000000000 10.8000000000 9.4000000000
8.8021600000 6.8444400000 8.2889900000
8.7000000000 6.6000000000 8.3000000000
4.4000000000 11.8000000000 8.9000000000
4.5000000000 11.9000000000 8.7000000000
4.9518900000 9.7967300000 7.1725600000
4.9000000000 9.5000000000 7.3000000000
4.6211200000 7.5845400000 8.2206100000
5.1000000000 7.5000000000 8.2000000000
3.8000000000 8.9000000000 7.2000000000
3.7000000000 8.7000000000 7.2000000000
3.1000000000 9.9000000000 7.9000000000
3.0000000000 9.5000000000 8.1000000000
3.3000000000 10.5000000000 7.6000000000
3.1000000000 10.1000000000 7.7000000000
5.5000000000 10.5000000000 7.2000000000
5.6000000000 10.5000000000 7.3000000000
5.3608400000 9.3030000000 8.1286200000
5.7000000000 9.4000000000 8.1000000000
3.6000000000 10.0000000000 8.1000000000
4.0000000000 9.7000000000 8.3000000000
3.6725600000 10.5408000000 8.1791000000
3.5000000000 10.4000000000 8.3000000000
5.5074600000 8.5574500000 9.2377800000
5.4000000000 8.2000000000 9.0000000000
4.7000000000 10.3000000000 5.6000000000
4.7000000000 10.2000000000 5.3000000000
3.7097300000 8.9581300000 8.5015900000
3.3000000000 9.1000000000 8.7000000000
4.7751200000 8.8442400000 9.6326800000
4.9000000000 8.9000000000 9.6000000000
5.6458600000 7.3808200000 7.6685700000
5.4000000000 7.3000000000 7.7000000000
3.7246800000 8.8748400000 8.5847800000
3.6000000000 8.6000000000 8.4000000000
7.8433400000 7.3527400000 9.4190300000
8.2000000000 7.3000000000 9.4000000000
5.2000000000 12.1000000000 7.8000000000
4.9000000000 11.9000000000 8.0000000000
5.2565400000 9.7990400000 9.5200900000
5.1000000000 9.5000000000 9.4000000000
6.0024800000 8.9366800000 7.9978100000
5.7000000000 9.0000000000 8.0000000000
6.5000000000 7.9000000000 9.2000000000
6.5000000000 7.7000000000 9.4000000000
3.8000000000 8.7000000000 6.2000000000
4.1000000000 8.9000000000 6.4000000000
4.2900500000 8.6978900000 9.4567600000
4.0000000000 8.8000000000 9.5000000000
4.8000000000 7.3000000000 7.5000000000
4.9000000000 7.1000000000 7.6000000000
3.5000000000 8.7000000000 8.8000000000
3.6000000000 8.9000000000 8.9000000000
6.1071600000 6.4595200000 6.3759600000
6.0000000000 6.6000000000 6.7000000000
5.4000000000 9.8000000000 9.6000000000
5.4000000000 9.9000000000 9.6000000000
3.6030500000 10.1585000000 9.2923700000
3.4000000000 10.3000000000 9.1000000000
6.4000000000 7.1000000000 7.3000000000
6.2000000000 7.2000000000 7.0000000000
5.3000000000 10.8000000000 7.7000000000
5.0000000000 10.3000000000 7.5000000000
6.1000000000 9.0000000000 7.9000000000
6.3000000000 9.0000000000 7.9000000000
5.6000000000 11.2000000000 6.5000000000
5.7000000000 11.1000000000 6.5000000000
8.9943800000 7.5830700000 9.3456000000
9.0000000000 7.2000000000 9.4000000000
4.0577200000 11.6505000000 8.0153600000
4.1000000000 11.7000000000 7.7000000000
5.7000000000 11.8000000000 7.9000000000
5.5000000000 12.0000000000 7.9000000000
5.2000000000 10.2000000000 8.0000000000
5.3000000000 10.6000000000 8.0000000000
6.0000000000 9.6000000000 8.5000000000
6.3000000000 9.7000000000 8.8000000000
5.7000000000 7.5000000000 9.2000000000
5.6000000000 7.7000000000 9.3000000000
4.6872900000 10.3240000000 8.0880200000
4.4000000000 10.4000000000 7.9000000000
6.1000000000 9.8000000000 9.2000000000
5.6000000000 9.6000000000 9.4000000000
6.3937500000 7.8498000000 8.5929000000
6.3000000000 7.5000000000 8.7000000000
4.8000000000 8.2000000000 9.3000000000
4.5000000000 8.1000000000 9.6000000000
3.7000000000 10.7000000000 8.1000000000
3.6000000000 10.7000000000 8.0000000000
6.4000000000 7.3000000000 8.0000000000
6.5000000000 7.1000000000 7.8000000000
5.0193800000 10.4939000000 9.0948500000
5.0000000000 10.3000000000 9.4000000000
3.9000000000 10.0000000000 9.6000000000
3.9000000000 10.1000000000 9.7000000000
5.5557300000 7.1443700000 7.0480300000
5.4000000000 7.2000000000 7.2000000000
4.4562900000 11.0093000000 5.4751400000
4.4000000000 11.0000000000 5.7000000000
4.0000000000 11.7000000000 8.1000000000
3.9000000000 12.0000000000 8.2000000000
4.4062300000 9.2321700000 5.2759800000
4.7000000000 9.4000000000 5.5000000000
6.2000000000 6.4000000000 6.3000000000
6.1000000000 6.4000000000 6.2000000000
7.8000000000 7.3000000000 9.5000000000
7.8000000000 7.0000000000 9.4000000000
4.5000000000 11.1000000000 5.3000000000
4.4000000000 10.9000000000 5.1000000000
4.7100500000 9.7581700000 7.1580800000
4.9000000000 10.1000000000 6.9000000000
6.6000000000 8.8000000000 8.4000000000
6.4000000000 8.6000000000 8.6000000000
3.2765500000 9.9465400000 8.6298500000
3.6000000000 9.9000000000 8.9000000000
4.7000000000 10.2000000000 8.1000000000
4.9000000000 10.1000000000 8.0000000000
3.6968100000 10.3347000000 8.3411800000
3.7000000000 10.3000000000 8.7000000000
8.7000000000 7.7000000000 9.6000000000
8.9000000000 7.8000000000 9.6000000000
4.3000000000 7.6000000000 8.7000000000
4.4000000000 8.0000000000 8.5000000000
4.2000000000 10.8000000000 9.1000000000
4.0000000000 10.7000000000 9.5000000000
5.1000000000 9.4000000000 6.7000000000
4.7000000000 9.5000000000 6.9000000000
CELLS 1149 3447
2 0 1
2 18 2
2 18 3
2 1 4
2 1 5
2 468 6
2 468 7
2 30 8
2 30 9
2 58 10
2 58 11
2 2 12
2 2 13
2 110 14
2 110 15
2 144 16
2 144 17
2 4 18
2 4 19
2 128 20
2 128 21
2 216 22
2 216 23
2 188 24
2 188 25
2 414 26
2 414 27
2 120 28
2 120 29
2 74 30
2 74 31
2 514 32
2 514 33
2 346 34
2 346 35
2 626 36
2 626 37
2 242 38
2 242 39
2 716 40
2 716 41
2 19 42
2 19 43
2 1000 44
2 1000 45
2 302 46
2 302 47
2 170 48
2 170 49
2 162 50
2 162 51
2 382 52
2 382 53
2 62 54
2 62 55
2 180 56
2 180 57
2 304 58
2 304 59
2 202 60
2 202 61
2 20 62
2 20 63
2 508 64
2 508 65
2 124 66
2 124 67
2 680 68
2 680 69
2 458 70
2 458 71
2 70 72
2 70 73
2 26 74
2 26 75
2 86 76
2 86 77
2 354 78
2 354 79
2 586 80
2 586 81
2 700 82
2 700 83
2 384 84
2 384 85
2 34 86
2 34 87
2 882 88
2 882 89
2 56 90
2 56 91
2 1004 92
2 1004 93
2 66 94
2 66 95
2 1124 96
2 1124 97
2 334 98
2 334 99
2 592 100
2 592 101
2 496 102
2 496 103
2 518 104
2 518 105
2 244 106
2 244 107
2 186 108
2 186 109
2 94 110
2 94 111
2 992 112
2 992 113
2 316 114
2 316 115
2 198 116
2 198 117
2 870 118
2 870 119
2 60 120
2 60 121
2 114 122
2 114 123
2 22 124
2 22 125
2 106 126
2 106 127
2 154 128
2 154 129
2 732 130
2 732 131
2 788 132
2 788 133
2 212 134
2 212 135
2 21 136
2 21 137
2 924 138
2 924 139
2 96 140
2 96 141
2 260 142
2 260 143
2 352 144
2 352 145
2 594 146
2 594 147
2 105 148
2 105 149
2 636 150
2 636 151
2 168 152
2 168 153
2 48 154
2 48 155
2 116 156
2 116 157
2 644 158
2 644 159
2 184 160
2 184 161
2 3 162
2 3 163
2 864 164
2 864 165
2 688 166
2 688 167
2 9 168
2 9 169
2 5 170
2 5 171
2 84 172
2 84 173
2 364 174
2 364 175
2 288 176
2 288 177
2 33 178
2 33 179
2 88 180
2 88 181
2 115 182
2 115 183
2 68 184
2 68 185
2 122 186
2 122 187
2 126 188
2 126 189
2 824 190
2 824 191
2 274 192
2 274 193
2 986 194
2 986 195
2 602 196
2 602 197
2 37 198
2 37 199
2 102 200
2 102 201
2 14 202
2 14 203
2 104 204
2 104 205
2 922 206
2 922 207
2 848 208
2 848 209
2 292 210
2 292 211
2 65 212
2 65 213
2 970 214
2 970 215
2 7 216
2 7 217
2 63 218
2 63 219
2 764 220
2 764 221
2 155 222
2 155 223
2 136 224
2 136 225
2 69 226
2 69 227
2 131 228
2 131 229
2 240 230
2 240 231
2 83 232
2 83 233
2 396 234
2 396 235
2 846 236
2 846 237
2 454 238
2 454 239
2 702 240
2 702 241
2 24 242
2 24 243
2 8 244
2 8 245
2 248 246
2 248 247
2 97 248
2 97 249
2 962 250
2 962 251
2 516 252
2 516 253
2 119 254
2 119 255
2 528 256
2 528 257
2 722 258
2 722 259
2 1024 260
2 1024 261
2 75 262
2 75 263
2 386 264
2 386 265
2 1052 266
2 1052 267
2 800 268
2 800 269
2 808 270
2 808 271
2 638 272
2 638 273
2 718 274
2 718 275
2 157 276
2 157 277
2 252 278
2 252 279
2 950 280
2 950 281
2 43 282
2 43 283
2 222 284
2 222 285
2 542 286
2 542 287
2 16 288
2 16 289
2 208 290
2 208 291
2 32 292
2 32 293
2 546 294
2 546 295
2 580 296
2 580 297
2 1002 298
2 1002 299
2 71 300
2 71 301
2 298 302
2 298 303
2 38 304
2 38 305
2 196 306
2 196 307
2 175 308
2 175 309
2 712 310
2 712 311
2 163 312
2 163 313
2 125 314
2 125 315
2 82 316
2 82 317
2 650 318
2 650 319
2 23 320
2 23 321
2 564 322
2 564 323
2 226 324
2 226 325
2 15 326
2 15 327
2 810 328
2 810 329
2 534 330
2 534 331
2 17 332
2 17 333
2 158 334
2 158 335
2 398 336
2 398 337
2 77 338
2 77 339
2 500 340
2 500 341
2 134 342
2 134 343
2 332 344
2 332 345
2 210 346
2 210 347
2 512 348
2 512 349
2 406 350
2 406 351
2 28 352
2 28 353
2 29 354
2 29 355
2 256 356
2 256 357
2 620 358
2 620 359
2 59 360
2 59 361
2 112 362
2 112 363
2 320 364
2 320 365
2 896 366
2 896 367
2 138 368
2 138 369
2 133 370
2 133 371
2 610 372
2 610 373
2 968 374
2 968 375
2 394 376
2 394 377
2 191 378
2 191 379
2 1136 380
2 1136 381
2 190 382
2 190 383
2 280 384
2 280 385
2 1046 386
2 1046 387
2 41 388
2 41 389
2 49 390
2 49 391
2 299 392
2 299 393
2 370 394
2 370 395
2 219 396
2 219 397
2 107 398
2 107 399
2 768 400
2 768 401
2 90 402
2 90 403
2 235 404
2 235 405
2 400 406
2 400 407
2 776 408
2 776 409
2 1070 410
2 1070 411
2 250 412
2 250 413
2 54 414
2 54 415
2 540 416
2 540 417
2 1030 418
2 1030 419
2 130 420
2 130 421
2 147 422
2 147 423
2 506 424
2 506 425
2 390 426
2 390 427
2 730 428
2 730 429
2 418 430
2 418 431
2 51 432
2 51 433
2 153 434
2 153 435
2 100 436
2 100 437
2 217 438
2 217 439
2 714 440
2 714 441
2 326 442
2 326 443
2 123 444
2 123 445
2 682 446
2 682 447
2 31 448
2 31 449
2 1028 450
2 1028 451
2 327 452
2 327 453
2 40 454
2 40 455
2 766 456
2 766 457
2 160 458
2 160 459
2 576 460
2 576 461
2 6 462
2 6 463
2 1010 464
2 1010 465
2 734 466
2 734 467
2 50 468
2 50 469
2 91 470
2 91 471
2 253 472
2 253 473
2 47 474
2 47 475
2 536 476
2 536 477
2 408 478
2 408 479
2 140 480
2 140 481
2 171 482
2 171 483
2 308 484
2 308 485
2 297 486
2 297 487
2 944 488
2 944 489
2 127 490
2 127 491
2 35 492
2 35 493
2 470 494
2 470 495
2 432 496
2 432 497
2 358 498
2 358 499
2 338 500
2 338 501
2 522 502
2 522 503
2 463 504
2 463 505
2 95 506
2 95 507
2 294 508
2 294 509
2 696 510
2 696 511
2 246 512
2 246 513
2 642 514
2 642 515
2 492 516
2 492 517
2 426 518
2 426 519
2 872 520
2 872 521
2 490 522
2 490 523
2 159 524
2 159 525
2 314 526
2 314 527
2 161 528
2 161 529
2 200 530
2 200 531
2 886 532
2 886 533
2 150 534
2 150 535
2 324 536
2 324 537
2 888 538
2 888 539
2 177 540
2 177 541
2 884 542
2 884 543
2 1114 544
2 1114 545
2 194 546
2 194 547
2 289 548
2 289 549
2 616 550
2 616 551
2 55 552
2 55 553
2 444 554
2 444 555
2 459 556
2 459 557
2 189 558
2 189 559
2 902 560
2 902 561
2 434 562
2 434 563
2 290 564
2 290 565
2 92 566
2 92 567
2 978 568
2 978 569
2 283 570
2 283 571
2 369 572
2 369 573
2 98 574
2 98 575
2 336 576
2 336 577
2 243 578
2 243 579
2 206 580
2 206 581
2 838 582
2 838 583
2 225 584
2 225 585
2 11 586
2 11 587
2 578 588
2 578 589
2 560 590
2 560 591
2 678 592
2 678 593
2 224 594
2 224 595
2 724 596
2 724 597
2 1054 598
2 1054 599
2 1080 600
2 1080 601
2 368 602
2 368 603
2 284 604
2 284 605
2 266 606
2 266 607
2 145 608
2 145 609
2 448 610
2 448 611
2 211 612
2 211 613
2 1040 614
2 1040 615
2 374 616
2 374 617
2 612 618
2 612 619
2 892 620
2 892 621
2 1106 622
2 1106 623
2 489 624
2 489 625
2 44 626
2 44 627
2 356 628
2 356 629
2 502 630
2 502 631
2 532 632
2 532 633
2 152 634
2 152 635
2 758 636
2 758 637
2 342 638
2 342 639
2 311 640
2 311 641
2 174 642
2 174 643
2 78 644
2 78 645
2 213 646
2 213 647
2 197 648
2 197 649
2 139 650
2 139 651
2 108 652
2 108 653
2 646 654
2 646 655
2 85 656
2 85 657
2 894 658
2 894 659
2 918 660
2 918 661
2 319 662
2 319 663
2 464 664
2 464 665
2 345 666
2 345 667
2 276 668
2 276 669
2 249 670
2 249 671
2 392 672
2 392 673
2 348 674
2 348 675
2 728 676
2 728 677
2 52 678
2 52 679
2 634 680
2 634 681
2 554 682
2 554 683
2 135 684
2 135 685
2 1018 686
2 1018 687
2 530 688
2 530 689
2 1022 690
2 1022 691
2 227 692
2 227 693
2 524 694
2 524 695
2 472 696
2 472 697
2 109 698
2 109 699
2 27 700
2 27 701
2 228 702
2 228 703
2 281 704
2 281 705
2 245 706
2 245 707
2 79 708
2 79 709
2 372 710
2 372 711
2 214 712
2 214 713
2 67 714
2 67 715
2 10 716
2 10 717
2 132 718
2 132 719
2 164 720
2 164 721
2 628 722
2 628 723
2 46 724
2 46 725
2 698 726
2 698 727
2 305 728
2 305 729
2 424 730
2 424 731
2 442 732
2 442 733
2 156 734
2 156 735
2 230 736
2 230 737
2 1014 738
2 1014 739
2 504 740
2 504 741
2 648 742
2 648 743
2 403 744
2 403 745
2 984 746
2 984 747
2 439 748
2 439 749
2 450 750
2 450 751
2 118 752
2 118 753
2 748 754
2 748 755
2 61 756
2 61 757
2 148 758
2 148 759
2 301 760
2 301 761
2 425 762
2 425 763
2 39 764
2 39 765
2 36 766
2 36 767
2 312 768
2 312 769
2 1118 770
2 1118 771
2 854 772
2 854 773
2 632 774
2 632 775
2 360 776
2 360 777
2 1090 778
2 1090 779
2 416 780
2 416 781
2 117 782
2 117 783
2 12 784
2 12 785
2 365 786
2 365 787
2 300 788
2 300 789
2 343 790
2 343 791
2 876 792
2 876 793
2 568 794
2 568 795
2 1056 796
2 1056 797
2 291 798
2 291 799
2 282 800
2 282 801
2 494 802
2 494 803
2 474 804
2 474 805
2 25 806
2 25 807
2 262 808
2 262 809
2 420 810
2 420 811
2 668 812
2 668 813
2 666 814
2 666 815
2 271 816
2 271 817
2 685 818
2 685 819
2 279 820
2 279 821
2 380 822
2 380 823
2 462 824
2 462 825
2 860 826
2 860 827
2 798 828
2 798 829
2 293 830
2 293 831
2 816 832
2 816 833
2 786 834
2 786 835
2 121 836
2 121 837
2 552 838
2 552 839
2 76 840
2 76 841
2 692 842
2 692 843
2 627 844
2 627 845
2 232 846
2 232 847
2 199 848
2 199 849
2 347 850
2 347 851
2 920 852
2 920 853
2 515 854
2 515 855
2 309 856
2 309 857
2 1132 858
2 1132 859
2 756 860
2 756 861
2 844 862
2 844 863
2 608 864
2 608 865
2 507 866
2 507 867
2 486 868
2 486 869
2 388 870
2 388 871
2 452 872
2 452 873
2 820 874
2 820 875
2 340 876
2 340 877
2 654 878
2 654 879
2 704 880
2 704 881
2 42 882
2 42 883
2 220 884
2 220 885
2 233 886
2 233 887
2 694 888
2 694 889
2 572 890
2 572 891
2 178 892
2 178 893
2 183 894
2 183 895
2 526 896
2 526 897
2 493 898
2 493 899
2 335 900
2 335 901
2 129 902
2 129 903
2 866 904
2 866 905
2 898 906
2 898 907
2 146 908
2 146 909
2 614 910
2 614 911
2 972 912
2 972 913
2 185 914
2 185 915
2 460 916
2 460 917
2 658 918
2 658 919
2 355 920
2 355 921
2 64 922
2 64 923
2 908 924
2 908 925
2 269 926
2 269 927
2 317 928
2 317 929
2 782 930
2 782 931
2 375 932
2 375 933
2 662 934
2 662 935
2 674 936
2 674 937
2 218 938
2 218 939
2 498 940
2 498 941
2 775 942
2 775 943
2 482 944
2 482 945
2 263 946
2 263 947
2 790 948
2 790 949
2 80 950
2 80 951
2 676 952
2 676 953
2 169 954
2 169 955
2 569 956
2 569 957
2 264 958
2 264 959
2 763 960
2 763 961
2 720 962
2 720 963
2 765 964
2 765 965
2 315 966
2 315 967
2 89 968
2 89 969
2 57 970
2 57 971
2 906 972
2 906 973
2 330 974
2 330 975
2 664 976
2 664 977
2 438 978
2 438 979
2 904 980
2 904 981
2 457 982
2 457 983
2 686 984
2 686 985
2 45 986
2 45 987
2 501 988
2 501 989
2 192 990
2 192 991
2 204 992
2 204 993
2 449 994
2 449 995
2 321 996
2 321 997
2 295 998
2 295 999
2 13 1000
2 13 1001
2 456 1002
2 456 1003
2 296 1004
2 296 1005
2 994 1006
2 994 1007
2 581 1008
2 581 1009
2 255 1010
2 255 1011
2 529 1012
2 529 1013
2 708 1014
2 708 1015
2 983 1016
2 983 1017
2 99 1018
2 99 1019
2 670 1020
2 670 1021
2 544 1022
2 544 1023
2 752 1024
2 752 1025
2 640 1026
2 640 1027
2 858 1028
2 858 1029
2 182 1030
2 182 1031
2 772 1032
2 772 1033
2 201 1034
2 201 1035
2 531 1036
2 531 1037
2 1008 1038
2 1008 1039
2 584 1040
2 584 1041
2 497 1042
2 497 1043
2 1140 1044
2 1140 1045
2 270 1046
2 270 1047
2 738 1048
2 738 1049
2 53 1050
2 53 1051
2 234 1052
2 234 1053
2 556 1054
2 556 1055
2 1050 1056
2 1050 1057
2 81 1058
2 81 1059
2 393 1060
2 393 1061
2 223 1062
2 223 1063
2 373 1064
2 373 1065
2 806 1066
2 806 1067
2 831 1068
2 831 1069
2 404 1070
2 404 1071
2 660 1072
2 660 1073
2 796 1074
2 796 1075
2 395 1076
2 395 1077
2 1062 1078
2 1062 1079
2 570 1080
2 570 1081
2 789 1082
2 789 1083
2 509 1084
2 509 1085
2 1064 1086
2 1064 1087
2 868 1088
2 868 1089
2 656 1090
2 656 1091
2 209 1092
2 209 1093
2 596 1094
2 596 1095
2 195 1096
2 195 1097
2 423 1098
2 423 1099
2 954 1100
2 954 1101
2 987 1102
2 987 1103
2 553 1104
2 553 1105
2 558 1106
2 558 1107
2 187 1108
2 187 1109
2 1044 1110
2 1044 1111
2 1012 1112
2 1012 1113
2 391 1114
2 391 1115
2 268 1116
2 268 1117
2 760 1118
2 760 1119
2 241 1120
2 241 1121
2 1092 1122
2 1092 1123
2 176 1124
2 176 1125
2 1076 1126
2 1076 1127
2 1058 1128
2 1058 1129
2 1120 1130
2 1120 1131
2 440 1132
2 440 1133
2 577 1134
2 577 1135
2 103 1136
2 103 1137
2 1102 1138
2 1102 1139
2 433 1140
2 433 1141
2 172 1142
2 172 1143
2 683 1144
2 683 1145
2 883 1146
2 883 1147
2 859 1148
2 859 1149
CELL_TYPES 1149
3
3
3
3
3
3
3
3
3
3
3
3
3
3
3
3
3
3
3
3
3
3
3
3
3
3
3
3
3
3
3
3
3
3
3
3
3
3
3
3
3
3
3
3
3
3
3
3
3
3
3
3
3
3
3
3
3
3
3
3
3
3
3
3
3
3
3
3
3
3
3
3
3
3
3
3
3
3
3
3
3
3
3
3
3
3
3
3
3
3
3
3
3
3
3
3
3
3
3
3
3
3
3
3
3
3
3
3
3
3
3
3
3
3
3
3
3
3
3
3
3
3
3
3
3
3
3
3
3
3
3
3
3
3
3
3
3
3
3
3
3
3
3
3
3
3
3
3
3
3
3
3
3
3
3
3
3
3
3
3
3
3
3
3
3
3
3
3
3
3
3
3
3
3
3
3
3
3
3
3
3
3
3
3
3
3
3
3
3
3
3
3
3
3
3
3
3
3
3
3
3
3
3
3
3
3
3
3
3
3
3
3
3
3
3
3
3
3
3
3
3
3
3
3
3
3
3
3
3
3
3
3
3
3
3
3
3
3
3
3
3
3
3
3
3
3
3
3
3
3
3
3
3
3
3
3
3
3
3
3
3
3
3
3
3
3
3
3
3
3
3
3
3
3
3
3
3
3
3
3
3
3
3
3
3
3
3
3
3
3
3
3
3
3
3
3
3
3
3
3
3
3
3
3
3
3
3
3
3
3
3
3
3
3
3
3
3
3
3
3
3
3
3
3
3
3
3
3
3
3
3
3
3
3
3
3
3
3
3
3
3
3
3
3
3
3
3
3
3
3
3
3
3
3
3
3
3
3
3
3
3
3
3
3
3
3
3
3
3
3
3
3
3
3
3
3
3
3
3
3
3
3
3
3
3
3
3
3
3
3
3
3
3
3
3
3
3
3
3
3
3
3
3
3
3
3
3
3
3
3
3
3
3
3
3
3
3
3
3
3
3
3
3
3
3
3
3
3
3
3
3
3
3
3
3
3
3
3
3
3
3
3
3
3
3
3
3
3
3
3
3
3
3
3
3
3
3
3
3
3
3
3
3
3
3
3
3
3
3
3
3
3
3
3
3
3
3
3
3
3
3
3
3
3
3
3
3
3
3
3
3
3
3
3
3
3
3
3
3
3
3
3
3
3
3
3
3
3
3
3
3
3
3
3
3
3
3
3
3
3
3
3
3
3
3
3
3
3
3
3
3
3
3
3
3
3
3
3
3
3
3
3
3
3
3
3
3
3
3
3
3
3
3
3
3
3
3
3
3
3
3
3
3
3
3
3
3
3
3
3
3
3
3
3
3
3
3
3
3
3
3
3
3
3
3
3
3
3
3
3
3
3
3
3
3
3
3
3
3
3
3
3
3
3
3
3
3
3
3
3
3
3
3
3
3
3
3
3
3
3
3
3
3
3
3
3
3
3
3
3
3
3
3
3
3
3
3
3
3
3
3
3
3
3
3
3
3
3
3
3
3
3
3
3
3
3
3
3
3
3
3
3
3
3
3
3
3
3
3
3
3
3
3
3
3
3
3
3
3
3
3
3
3
3
3
3
3
3
3
3
3
3
3
3
3
3
3
3
3
3
3
3
3
3
3
3
3
3
3
3
3
3
3
3
3
3
3
3
3
3
3
3
3
3
3
3
3
3
3
3
3
3
3
3
3
3
3
3
3
3
3
3
3
3
3
3
3
3
3
3
3
3
3
3
3
3
3
3
3
3
3
3
3
3
3
3
3
3
3
3
3
3
3
3
3
3
3
3
3
3
3
3
3
3
3
3
3
3
3
3
3
3
3
3
3
3
3
3
3
3
3
3
3
3
3
3
3
3
3
3
3
3
3
3
3
3
3
3
3
3
3
3
3
3
3
3
3
3
3
3
3
3
3
3
3
3
3
3
3
3
3
3
3
3
3
3
3
3
3
3
3
3
3
3
3
3
3
3
3
3
3
3
3
3
3
3
3
3
3
3
3
3
3
3
3
3
3
3
3
3
3
3
3
3
3
3
3
3
3
3
3
3
3
3
3
3
3
3
3
3
3
3
3
3
3
3
3
3
3
3
3
3
3
3
3
3
3
3
3
3
3
3
3
3
3
3
3
3
3
3
3
3
3
3
3
3
3
3
3
3
3
3
3
3
3
3
3
3
3
3
3
3
3
3
3
3
3
3
3
3
3
3
3
3
3
3
3
3
3
3
3
3
3
3
3
3
3
3
3
3
3
3
3
3
3
3
3
3
3
3
3
3
3
3
3
3
3
3
3
3
3
3
3
3
3
3
3
3
3
3
3
3
3
3
3
3
3
3
3
3
3
3
3
3
3
3
3
3
3
3
3
3
3
3
3
3
3
3
3
3
3
3
3
3
3
3
3
3
3
3
3
3
3
3
3
3
3
3
3
3
3
3
3
3
3
3
3
3
3
3
3
3
3
3
3
3
3
3
3
3
3
3
3
3
3
3
3
3
3
3
3
3
3
3
3
3
3
3
3
3
3
3
3
3
3
3
3
3
3
3
3
3
3
3
3
3
3
3
3
3
3
3
3
3
3
3
3
3
3
3
3
3
3
3
3
3
3
3
3
3
3
3
3
3
3
3
3
3
3
CELL_DATA 1149
SCALARS vessel_id int 1
LOOKUP_TABLE default
0
1
2
3
4
5
6
7
8
9
10
11
12
13
14
15
16
17
18
19
20
21
22
23
24
25
26
27
28
29
30
31
32
33
34
35
36
37
38
39
40
41
42
43
44
45
46
47
48
49
50
51
52
53
54
55
56
57
58
59
60
61
62
63
64
65
66
67
68
69
70
71
72
73
74
75
76
77
78
79
80
81
82
83
84
85
86
87
88
89
90
91
92
93
94
95
96
97
98
99
100
101
102
103
104
105
106
107
108
109
110
111
112
113
114
115
116
117
118
119
120
121
122
123
124
125
126
127
128
129
130
131
132
133
134
135
136
137
138
139
140
141
142
143
144
145
146
147
148
149
150
151
152
153
154
155
156
157
158
159
160
161
162
163
164
165
166
167
168
169
170
171
172
173
174
175
176
177
178
179
180
181
182
183
184
185
186
187
188
189
190
191
192
193
194
195
196
197
198
199
200
201
202
203
204
205
206
207
208
209
210
211
212
213
214
215
216
217
218
219
220
221
222
223
224
225
226
227
228
229
230
231
232
233
234
235
236
237
238
239
240
241
242
243
244
245
246
247
248
249
250
251
252
253
254
255
256
257
258
259
260
261
262
263
264
265
266
267
268
269
270
271
272
273
274
275
276
277
278
279
280
281
282
283
284
285
286
287
288
289
290
291
292
293
294
295
296
297
298
299
300
301
302
303
304
305
306
307
308
309
310
311
312
313
314
315
316
317
318
319
320
321
322
323
324
325
326
327
328
329
330
331
332
333
334
335
336
337
338
339
340
341
342
343
344
345
346
347
348
349
350
351
352
353
354
355
356
357
358
359
360
361
362
363
364
365
366
367
368
369
370
371
372
373
374
375
376
377
378
379
380
381
382
383
384
385
386
387
388
389
390
391
392
393
394
395
396
397
398
399
400
401
402
403
404
405
406
407
408
409
410
411
412
413
414
415
416
417
418
419
420
421
422
423
424
425
426
427
428
429
430
431
432
433
434
435
436
437
438
439
440
441
442
443
444
445
446
447
448
449
450
451
452
453
454
455
456
457
458
459
460
461
462
463
464
465
466
467
468
469
470
471
472
473
474
475
476
477
478
479
480
481
482
483
484
485
486
487
488
489
490
491
492
493
494
495
496
497
498
499
500
501
502
503
504
505
506
507
508
509
510
511
512
513
514
515
516
517
518
519
520
521
522
523
524
525
526
527
528
529
530
531
532
533
534
535
536
537
538
539
540
541
542
543
544
545
546
547
548
549
550
551
552
553
554
555
556
557
558
559
560
561
562
563
564
565
566
567
568
569
570
571
572
573
574
575
576
577
578
579
580
581
582
583
584
585
586
587
588
589
590
591
592
593
594
595
596
597
598
599
600
601
602
603
604
605
606
607
608
609
610
611
612
613
614
615
616
617
618
619
620
621
622
623
624
625
626
627
628
629
630
631
632
633
634
635
636
637
638
639
640
641
642
643
644
645
646
647
648
649
650
651
652
653
654
655
656
657
658
659
660
661
662
663
664
665
666
667
668
669
670
671
672
673
674
675
676
677
678
679
680
681
682
683
684
685
686
687
688
689
690
691
692
693
694
695
696
697
698
699
700
701
702
703
704
705
706
707
708
709
710
711
712
713
714
715
716
717
718
719
720
721
722
723
724
725
726
727
728
729
730
731
732
733
734
735
736
737
738
739
740
741
742
743
744
745
746
747
748
749
750
751
752
753
754
755
756
757
758
759
760
761
762
763
764
765
766
767
768
769
770
771
772
773
774
775
776
777
778
779
780
781
782
783
784
785
786
787
788
789
790
791
792
793
794
795
796
797
798
799
800
801
802
803
804
805
806
807
808
809
810
811
812
813
814
815
816
817
818
819
820
821
822
823
824
825
826
827
828
829
830
831
832
833
834
835
836
837
838
839
840
841
842
843
844
845
846
847
848
849
850
851
852
853
854
855
856
857
858
859
860
861
862
863
864
865
866
867
868
869
870
871
872
873
874
875
876
877
878
879
880
881
882
883
884
885
886
887
888
889
890
891
892
893
894
895
896
897
898
899
900
901
902
903
904
905
906
907
908
909
910
911
912
913
914
915
916
917
918
919
920
921
922
923
924
925
926
927
928
929
930
931
932
933
934
935
936
937
938
939
940
941
942
943
944
945
946
947
948
949
950
951
952
953
954
955
956
957
958
959
960
961
962
963
964
965
966
967
968
969
970
971
972
973
974
975
976
977
978
979
980
981
982
983
984
985
986
987
988
989
990
991
992
993
994
995
996
997
998
999
1000
1001
1002
1003
1004
1005
1006
1007
1008
1009
1010
1011
1012
1013
1014
1015
1016
1017
1018
1019
1020
1021
1022
1023
1024
1025
1026
1027
1028
1029
1030
1031
1032
1033
1034
1035
1036
1037
1038
1039
1040
1041
1042
1043
1044
1045
1046
1047
1048
1049
1050
1051
1052
1053
1054
1055
1056
1057
1058
1059
1060
1061
1062
1063
1064
1065
1066
1067
1068
1069
1070
1071
1072
1073
1074
1075
1076
1077
1078
1079
1080
1081
1082
1083
1084
1085
1086
1087
1088
1089
1090
1091
1092
1093
1094
1095
1096
1097
1098
1099
1100
1101
1102
1103
1104
1105
1106
1107
1108
1109
1110
1111
1112
1113
1114
1115
1116
1117
1118
1119
1120
1121
1122
1123
1124
1125
1126
1127
1128
1129
1130
1131
1132
1133
1134
1135
1136
1137
1138
1139
1140
1141
1142
1143
1144
1145
1146
1147
1148
SCALARS a0 double 1
LOOKUP_TABLE default
0.06546021567476237
0.02597790380604575
0.02597790380604575
0.06546021567476237
0.06546021567476237
0.004091263479672648
0.004091263479672648
0.0002557039674795405
0.0002557039674795405
2.51692821225865e-06
2.51692821225865e-06
0.016365053918690593
0.016365053918690593
0.0001610834055845536
0.0001610834055845536
6.3422616713978884e-06
6.3422616713978884e-06
0.04123735182964572
0.04123735182964572
0.006494475951511438
0.006494475951511438
0.0016236189878778594
0.0016236189878778594
2.5369046685591554e-05
2.5369046685591554e-05
0.001022815869918162
0.001022815869918162
2.5369046685591554e-05
2.5369046685591554e-05
0.00040590474696946486
0.00040590474696946486
0.00010147618674236622
0.00010147618674236622
1.5981497967471283e-05
1.5981497967471283e-05
0.0025773344893528574
0.0025773344893528574
1.00677128490346e-05
1.00677128490346e-05
9.988436229669552e-07
9.988436229669552e-07
0.02597790380604575
0.02597790380604575
0.006494475951511438
0.006494475951511438
0.0001610834055845536
0.0001610834055845536
0.02597790380604575
0.02597790380604575
0.01030933795741143
0.01030933795741143
0.00040590474696946486
0.00040590474696946486
0.0025773344893528574
0.0025773344893528574
0.004091263479672648
0.004091263479672648
3.995374491867821e-06
3.995374491867821e-06
6.392599186988513e-05
6.392599186988513e-05
0.004091263479672648
0.004091263479672648
0.00040590474696946486
0.00040590474696946486
0.0006443336223382144
0.0006443336223382144
2.5369046685591554e-05
2.5369046685591554e-05
3.995374491867821e-06
3.995374491867821e-06
2.51692821225865e-06
2.51692821225865e-06
0.0006443336223382144
0.0006443336223382144
6.3422616713978884e-06
6.3422616713978884e-06
1.00677128490346e-05
1.00677128490346e-05
9.988436229669552e-07
9.988436229669552e-07
0.00040590474696946486
0.00040590474696946486
1.5730801326616561e-07
1.5730801326616561e-07
1.00677128490346e-05
1.00677128490346e-05
0.01030933795741143
0.01030933795741143
0.0025773344893528574
0.0025773344893528574
2.5369046685591554e-05
2.5369046685591554e-05
0.00040590474696946486
0.00040590474696946486
9.988436229669552e-07
9.988436229669552e-07
1.5855654178494721e-06
1.5855654178494721e-06
0.00010147618674236622
0.00010147618674236622
0.0025773344893528574
0.0025773344893528574
0.004091263479672648
0.004091263479672648
0.00010147618674236622
0.00010147618674236622
4.02708513961384e-05
4.02708513961384e-05
0.0002557039674795405
0.0002557039674795405
0.001022815869918162
0.001022815869918162
0.0001610834055845536
0.0001610834055845536
0.001022815869918162
0.001022815869918162
2.497109057417388e-07
2.497109057417388e-07
4.02708513961384e-05
4.02708513961384e-05
0.00010147618674236622
0.00010147618674236622
0.001022815869918162
0.001022815869918162
6.392599186988513e-05
6.392599186988513e-05
0.01030933795741143
0.01030933795741143
2.5369046685591554e-05
2.5369046685591554e-05
9.988436229669552e-07
9.988436229669552e-07
0.0001610834055845536
0.0001610834055845536
0.004091263479672648
0.004091263479672648
0.0002557039674795405
0.0002557039674795405
6.292320530646625e-07
6.292320530646625e-07
3.9327003316541403e-08
3.9327003316541403e-08
1.00677128490346e-05
1.00677128490346e-05
0.001022815869918162
0.001022815869918162
0.0025773344893528574
0.0025773344893528574
0.0006443336223382144
0.0006443336223382144
0.00010147618674236622
0.00010147618674236622
0.016365053918690593
0.016365053918690593
0.0006443336223382144
0.0006443336223382144
3.995374491867821e-06
3.995374491867821e-06
1.00677128490346e-05
1.00677128490346e-05
0.016365053918690593
0.016365053918690593
2.51692821225865e-06
2.51692821225865e-06
0.00040590474696946486
0.00040590474696946486
0.0001610834055845536
0.0001610834055845536
0.04123735182964572
0.04123735182964572
9.909783861559201e-08
9.909783861559201e-08
0.00040590474696946486
0.00040590474696946486
2.51692821225865e-06
2.51692821225865e-06
6.392599186988513e-05
6.392599186988513e-05
0.006494475951511438
0.006494475951511438
0.00010147618674236622
0.00010147618674236622
1.5981497967471283e-05
1.5981497967471283e-05
6.392599186988513e-05
6.392599186988513e-05
4.02708513961384e-05
4.02708513961384e-05
0.001022815869918162
0.001022815869918162
2.497109057417388e-07
2.497109057417388e-07
0.0025773344893528574
0.0025773344893528574
6.392599186988513e-05
6.392599186988513e-05
0.0016236189878778594
0.0016236189878778594
0.0016236189878778594
0.0016236189878778594
0.00010147618674236622
0.00010147618674236622
0.0025773344893528574
0.0025773344893528574
0.0001610834055845536
0.0001610834055845536
0.0006443336223382144
0.0006443336223382144
4.02708513961384e-05
4.02708513961384e-05
0.0002557039674795405
0.0002557039674795405
0.0016236189878778594
0.0016236189878778594
0.0025773344893528574
0.0025773344893528574
0.0025773344893528574
0.0025773344893528574
3.995374491867821e-06
3.995374491867821e-06
0.01030933795741143
0.01030933795741143
0.0025773344893528574
0.0025773344893528574
1.5981497967471283e-05
1.5981497967471283e-05
1.5981497967471283e-05
1.5981497967471283e-05
3.995374491867821e-06
3.995374491867821e-06
0.0002557039674795405
0.0002557039674795405
0.001022815869918162
0.001022815869918162
0.00010147618674236622
0.00010147618674236622
3.9639135446236803e-07
3.9639135446236803e-07
6.3422616713978884e-06
6.3422616713978884e-06
1.5981497967471283e-05
1.5981497967471283e-05
0.0001610834055845536
0.0001610834055845536
3.9639135446236803e-07
3.9639135446236803e-07
6.292320530646625e-07
6.292320530646625e-07
6.292320530646625e-07
6.292320530646625e-07
3.995374491867821e-06
3.995374491867821e-06
1.5730801326616561e-07
1.5730801326616561e-07
3.995374491867821e-06
3.995374491867821e-06
6.292320530646625e-07
6.292320530646625e-07
6.24277264354347e-08
6.24277264354347e-08
0.00040590474696946486
0.00040590474696946486
4.02708513961384e-05
4.02708513961384e-05
0.00040590474696946486
0.00040590474696946486
0.006494475951511438
0.006494475951511438
0.0001610834055845536
0.0001610834055845536
4.02708513961384e-05
4.02708513961384e-05
3.9639135446236803e-07
3.9639135446236803e-07
0.00040590474696946486
0.00040590474696946486
2.51692821225865e-06
2.51692821225865e-06
3.9639135446236803e-07
3.9639135446236803e-07
0.016365053918690593
0.016365053918690593
0.006494475951511438
0.006494475951511438
9.988436229669552e-07
9.988436229669552e-07
3.995374491867821e-06
3.995374491867821e-06
0.00040590474696946486
0.00040590474696946486
6.392599186988513e-05
6.392599186988513e-05
0.001022815869918162
0.001022815869918162
6.392599186988513e-05
6.392599186988513e-05
0.00040590474696946486
0.00040590474696946486
2.51692821225865e-06
2.51692821225865e-06
0.0002557039674795405
0.0002557039674795405
6.3422616713978884e-06
6.3422616713978884e-06
4.02708513961384e-05
4.02708513961384e-05
0.0002557039674795405
0.0002557039674795405
0.0006443336223382144
0.0006443336223382144
0.01030933795741143
0.01030933795741143
0.0006443336223382144
0.0006443336223382144
0.0002557039674795405
0.0002557039674795405
0.00010147618674236622
0.00010147618674236622
0.001022815869918162
0.001022815869918162
0.0001610834055845536
0.0001610834055845536
1.00677128490346e-05
1.00677128490346e-05
0.00010147618674236622
0.00010147618674236622
6.3422616713978884e-06
6.3422616713978884e-06
0.0002557039674795405
0.0002557039674795405
3.995374491867821e-06
3.995374491867821e-06
2.51692821225865e-06
2.51692821225865e-06
4.02708513961384e-05
4.02708513961384e-05
3.995374491867821e-06
3.995374491867821e-06
1.5855654178494721e-06
1.5855654178494721e-06
0.00010147618674236622
0.00010147618674236622
2.51692821225865e-06
2.51692821225865e-06
2.5369046685591554e-05
2.5369046685591554e-05
1.5730801326616561e-07
1.5730801326616561e-07
0.0016236189878778594
0.0016236189878778594
1.5981497967471283e-05
1.5981497967471283e-05
1.5981497967471283e-05
1.5981497967471283e-05
2.51692821225865e-06
2.51692821225865e-06
1.5981497967471283e-05
1.5981497967471283e-05
2.51692821225865e-06
2.51692821225865e-06
0.0006443336223382144
0.0006443336223382144
0.0006443336223382144
0.0006443336223382144
0.0001610834055845536
0.0001610834055845536
0.0001610834055845536
0.0001610834055845536
6.292320530646625e-07
6.292320530646625e-07
0.00010147618674236622
0.00010147618674236622
0.004091263479672648
0.004091263479672648
2.497109057417388e-07
2.497109057417388e-07
0.0006443336223382144
0.0006443336223382144
0.001022815869918162
0.001022815869918162
0.0006443336223382144
0.0006443336223382144
2.497109057417388e-07
2.497109057417388e-07
6.392599186988513e-05
6.392599186988513e-05
6.292320530646625e-07
6.292320530646625e-07
0.016365053918690593
0.016365053918690593
0.0002557039674795405
0.0002557039674795405
3.9639135446236803e-07
3.9639135446236803e-07
0.0016236189878778594
0.0016236189878778594
6.392599186988513e-05
6.392599186988513e-05
0.004091263479672648
0.004091263479672648
0.0016236189878778594
0.0016236189878778594
0.0006443336223382144
0.0006443336223382144
0.0025773344893528574
0.0025773344893528574
9.988436229669552e-07
9.988436229669552e-07
0.0002557039674795405
0.0002557039674795405
3.9639135446236803e-07
3.9639135446236803e-07
0.0016236189878778594
0.0016236189878778594
9.988436229669552e-07
9.988436229669552e-07
4.02708513961384e-05
4.02708513961384e-05
1.5981497967471283e-05
1.5981497967471283e-05
0.0006443336223382144
0.0006443336223382144
0.0001610834055845536
0.0001610834055845536
0.01030933795741143
0.01030933795741143
6.392599186988513e-05
6.392599186988513e-05
2.5369046685591554e-05
2.5369046685591554e-05
0.006494475951511438
0.006494475951511438
6.392599186988513e-05
6.392599186988513e-05
6.392599186988513e-05
6.392599186988513e-05
0.0016236189878778594
0.0016236189878778594
0.0002557039674795405
0.0002557039674795405
6.392599186988513e-05
6.392599186988513e-05
6.392599186988513e-05
6.392599186988513e-05
1.5981497967471283e-05
1.5981497967471283e-05
0.0002557039674795405
0.0002557039674795405
4.02708513961384e-05
4.02708513961384e-05
6.392599186988513e-05
6.392599186988513e-05
6.292320530646625e-07
6.292320530646625e-07
0.001022815869918162
0.001022815869918162
6.3422616713978884e-06
6.3422616713978884e-06
1.5981497967471283e-05
1.5981497967471283e-05
0.0025773344893528574
0.0025773344893528574
6.24277264354347e-08
6.24277264354347e-08
0.0002557039674795405
0.0002557039674795405
0.006494475951511438
0.006494475951511438
0.0016236189878778594
0.0016236189878778594
2.51692821225865e-06
2.51692821225865e-06
0.00010147618674236622
0.00010147618674236622
3.995374491867821e-06
3.995374491867821e-06
6.292320530646625e-07
6.292320530646625e-07
3.9639135446236803e-07
3.9639135446236803e-07
0.02597790380604575
0.02597790380604575
0.0001610834055845536
0.0001610834055845536
4.02708513961384e-05
4.02708513961384e-05
0.01030933795741143
0.01030933795741143
4.02708513961384e-05
4.02708513961384e-05
1.00677128490346e-05
1.00677128490346e-05
0.001022815869918162
0.001022815869918162
0.004091263479672648
0.004091263479672648
1.00677128490346e-05
1.00677128490346e-05
2.51692821225865e-06
2.51692821225865e-06
1.5981497967471283e-05
1.5981497967471283e-05
0.0016236189878778594
0.0016236189878778594
0.0002557039674795405
0.0002557039674795405
0.0006443336223382144
0.0006443336223382144
9.988436229669552e-07
9.988436229669552e-07
2.497109057417388e-07
2.497109057417388e-07
0.0001610834055845536
0.0001610834055845536
6.3422616713978884e-06
6.3422616713978884e-06
0.006494475951511438
0.006494475951511438
2.5369046685591554e-05
2.5369046685591554e-05
2.5369046685591554e-05
2.5369046685591554e-05
2.51692821225865e-06
2.51692821225865e-06
0.00040590474696946486
0.00040590474696946486
6.3422616713978884e-06
6.3422616713978884e-06
0.001022815869918162
0.001022815869918162
0.00010147618674236622
0.00010147618674236622
0.00040590474696946486
0.00040590474696946486
6.3422616713978884e-06
6.3422616713978884e-06
6.292320530646625e-07
6.292320530646625e-07
1.5855654178494721e-06
1.5855654178494721e-06
1.5855654178494721e-06
1.5855654178494721e-06
0.006494475951511438
0.006494475951511438
0.0016236189878778594
0.0016236189878778594
2.51692821225865e-06
2.51692821225865e-06
0.0016236189878778594
0.0016236189878778594
0.0016236189878778594
0.0016236189878778594
4.02708513961384e-05
4.02708513961384e-05
3.995374491867821e-06
3.995374491867821e-06
2.5369046685591554e-05
2.5369046685591554e-05
0.004091263479672648
0.004091263479672648
4.02708513961384e-05
4.02708513961384e-05
0.0002557039674795405
0.0002557039674795405
1.5981497967471283e-05
1.5981497967471283e-05
0.0006443336223382144
0.0006443336223382144
0.01030933795741143
0.01030933795741143
0.00010147618674236622
0.00010147618674236622
9.988436229669552e-07
9.988436229669552e-07
2.5369046685591554e-05
2.5369046685591554e-05
1.00677128490346e-05
1.00677128490346e-05
0.00010147618674236622
0.00010147618674236622
0.0006443336223382144
0.0006443336223382144
0.0016236189878778594
0.0016236189878778594
1.5855654178494721e-06
1.5855654178494721e-06
6.3422616713978884e-06
6.3422616713978884e-06
0.0025773344893528574
0.0025773344893528574
0.0001610834055845536
0.0001610834055845536
0.0016236189878778594
0.0016236189878778594
6.392599186988513e-05
6.392599186988513e-05
1.5855654178494721e-06
1.5855654178494721e-06
0.004091263479672648
0.004091263479672648
0.00010147618674236622
0.00010147618674236622
0.004091263479672648
0.004091263479672648
0.0002557039674795405
0.0002557039674795405
6.3422616713978884e-06
6.3422616713978884e-06
0.0001610834055845536
0.0001610834055845536
2.5369046685591554e-05
2.5369046685591554e-05
0.0006443336223382144
0.0006443336223382144
0.0025773344893528574
0.0025773344893528574
1.5981497967471283e-05
1.5981497967471283e-05
2.5369046685591554e-05
2.5369046685591554e-05
1.00677128490346e-05
1.00677128490346e-05
0.006494475951511438
0.006494475951511438
0.004091263479672648
0.004091263479672648
1.5855654178494721e-06
1.5855654178494721e-06
1.00677128490346e-05
1.00677128490346e-05
6.392599186988513e-05
6.392599186988513e-05
6.392599186988513e-05
6.392599186988513e-05
0.001022815869918162
0.001022815869918162
6.392599186988513e-05
6.392599186988513e-05
0.00040590474696946486
0.00040590474696946486
0.0002557039674795405
0.0002557039674795405
6.3422616713978884e-06
6.3422616713978884e-06
0.0001610834055845536
0.0001610834055845536
4.02708513961384e-05
4.02708513961384e-05
0.0001610834055845536
0.0001610834055845536
2.5369046685591554e-05
2.5369046685591554e-05
0.00010147618674236622
0.00010147618674236622
9.909783861559201e-08
9.909783861559201e-08
4.02708513961384e-05
4.02708513961384e-05
1.5981497967471283e-05
1.5981497967471283e-05
6.392599186988513e-05
6.392599186988513e-05
3.9327003316541403e-08
3.9327003316541403e-08
1.5855654178494721e-06
1.5855654178494721e-06
0.0002557039674795405
0.0002557039674795405
3.9639135446236803e-07
3.9639135446236803e-07
0.0001610834055845536
0.0001610834055845536
9.909783861559201e-08
9.909783861559201e-08
2.51692821225865e-06
2.51692821225865e-06
0.0002557039674795405
0.0002557039674795405
4.02708513961384e-05
4.02708513961384e-05
2.5369046685591554e-05
2.5369046685591554e-05
0.00010147618674236622
0.00010147618674236622
6.292320530646625e-07
6.292320530646625e-07
0.0006443336223382144
0.0006443336223382144
0.0025773344893528574
0.0025773344893528574
1.00677128490346e-05
1.00677128490346e-05
1.5855654178494721e-06
1.5855654178494721e-06
1.5855654178494721e-06
1.5855654178494721e-06
2.5369046685591554e-05
2.5369046685591554e-05
0.0006443336223382144
0.0006443336223382144
1.00677128490346e-05
1.00677128490346e-05
2.497109057417388e-07
2.497109057417388e-07
0.00010147618674236622
0.00010147618674236622
6.3422616713978884e-06
6.3422616713978884e-06
6.392599186988513e-05
6.392599186988513e-05
0.001022815869918162
0.001022815869918162
0.00040590474696946486
0.00040590474696946486
1.5855654178494721e-06
1.5855654178494721e-06
6.292320530646625e-07
6.292320530646625e-07
1.5855654178494721e-06
1.5855654178494721e-06
9.988436229669552e-07
9.988436229669552e-07
0.00010147618674236622
0.00010147618674236622
1.5981497967471283e-05
1.5981497967471283e-05
3.995374491867821e-06
3.995374491867821e-06
0.00010147618674236622
0.00010147618674236622
4.02708513961384e-05
4.02708513961384e-05
0.00040590474696946486
0.00040590474696946486
2.51692821225865e-06
2.51692821225865e-06
2.51692821225865e-06
2.51692821225865e-06
0.001022815869918162
0.001022815869918162
2.5369046685591554e-05
2.5369046685591554e-05
0.001022815869918162
0.001022815869918162
2.497109057417388e-07
2.497109057417388e-07
0.001022815869918162
0.001022815869918162
2.5369046685591554e-05
2.5369046685591554e-05
1.5730801326616561e-07
1.5730801326616561e-07
0.0006443336223382144
0.0006443336223382144
4.02708513961384e-05
4.02708513961384e-05
0.0016236189878778594
0.0016236189878778594
1.5855654178494721e-06
1.5855654178494721e-06
0.00010147618674236622
0.00010147618674236622
6.3422616713978884e-06
6.3422616713978884e-06
0.0016236189878778594
0.0016236189878778594
0.006494475951511438
0.006494475951511438
6.292320530646625e-07
6.292320530646625e-07
6.392599186988513e-05
6.392599186988513e-05
4.02708513961384e-05
4.02708513961384e-05
1.5855654178494721e-06
1.5855654178494721e-06
3.9327003316541403e-08
3.9327003316541403e-08
6.292320530646625e-07
6.292320530646625e-07
0.0006443336223382144
0.0006443336223382144
0.01030933795741143
0.01030933795741143
0.00040590474696946486
0.00040590474696946486
1.5855654178494721e-06
1.5855654178494721e-06
6.392599186988513e-05
6.392599186988513e-05
6.292320530646625e-07
6.292320530646625e-07
0.00040590474696946486
0.00040590474696946486
0.00010147618674236622
0.00010147618674236622
0.0002557039674795405
0.0002557039674795405
0.01030933795741143
0.01030933795741143
0.0006443336223382144
0.0006443336223382144
6.392599186988513e-05
6.392599186988513e-05
1.5981497967471283e-05
1.5981497967471283e-05
0.0002557039674795405
0.0002557039674795405
1.00677128490346e-05
1.00677128490346e-05
0.0001610834055845536
0.0001610834055845536
9.988436229669552e-07
9.988436229669552e-07
0.00010147618674236622
0.00010147618674236622
6.392599186988513e-05
6.392599186988513e-05
1.5855654178494721e-06
1.5855654178494721e-06
0.0006443336223382144
0.0006443336223382144
0.0016236189878778594
0.0016236189878778594
1.5981497967471283e-05
1.5981497967471283e-05
0.0001610834055845536
0.0001610834055845536
4.02708513961384e-05
4.02708513961384e-05
6.392599186988513e-05
6.392599186988513e-05
0.0002557039674795405
0.0002557039674795405
2.5369046685591554e-05
2.5369046685591554e-05
0.001022815869918162
0.001022815869918162
3.995374491867821e-06
3.995374491867821e-06
6.3422616713978884e-06
6.3422616713978884e-06
0.0025773344893528574
0.0025773344893528574
0.0001610834055845536
0.0001610834055845536
0.001022815869918162
0.001022815869918162
1.5981497967471283e-05
1.5981497967471283e-05
6.3422616713978884e-06
6.3422616713978884e-06
0.00010147618674236622
0.00010147618674236622
0.0001610834055845536
0.0001610834055845536
0.00010147618674236622
0.00010147618674236622
2.5369046685591554e-05
2.5369046685591554e-05
0.0016236189878778594
0.0016236189878778594
3.995374491867821e-06
3.995374491867821e-06
0.0001610834055845536
0.0001610834055845536
2.5369046685591554e-05
2.5369046685591554e-05
3.9639135446236803e-07
3.9639135446236803e-07
4.02708513961384e-05
4.02708513961384e-05
9.988436229669552e-07
9.988436229669552e-07
9.988436229669552e-07
9.988436229669552e-07
6.392599186988513e-05
6.392599186988513e-05
1.5730801326616561e-07
1.5730801326616561e-07
0.016365053918690593
0.016365053918690593
2.51692821225865e-06
2.51692821225865e-06
0.0001610834055845536
0.0001610834055845536
9.988436229669552e-07
9.988436229669552e-07
6.392599186988513e-05
6.392599186988513e-05
4.02708513961384e-05
4.02708513961384e-05
6.392599186988513e-05
6.392599186988513e-05
0.0002557039674795405
0.0002557039674795405
6.3422616713978884e-06
6.3422616713978884e-06
1.5855654178494721e-06
1.5855654178494721e-06
0.006494475951511438
0.006494475951511438
0.00010147618674236622
0.00010147618674236622
3.995374491867821e-06
3.995374491867821e-06
0.0006443336223382144
0.0006443336223382144
0.00040590474696946486
0.00040590474696946486
1.5855654178494721e-06
1.5855654178494721e-06
1.00677128490346e-05
1.00677128490346e-05
1.00677128490346e-05
1.00677128490346e-05
2.5369046685591554e-05
2.5369046685591554e-05
1.00677128490346e-05
1.00677128490346e-05
0.0002557039674795405
0.0002557039674795405
0.00040590474696946486
0.00040590474696946486
0.004091263479672648
0.004091263479672648
0.0001610834055845536
0.0001610834055845536
0.00040590474696946486
0.00040590474696946486
0.0025773344893528574
0.0025773344893528574
4.02708513961384e-05
4.02708513961384e-05
6.24277264354347e-08
6.24277264354347e-08
0.0016236189878778594
0.0016236189878778594
6.3422616713978884e-06
6.3422616713978884e-06
2.5369046685591554e-05
2.5369046685591554e-05
0.016365053918690593
0.016365053918690593
0.0002557039674795405
0.0002557039674795405
4.02708513961384e-05
4.02708513961384e-05
6.292320530646625e-07
6.292320530646625e-07
1.5855654178494721e-06
1.5855654178494721e-06
0.00010147618674236622
0.00010147618674236622
0.00040590474696946486
0.00040590474696946486
2.5369046685591554e-05
2.5369046685591554e-05
6.392599186988513e-05
6.392599186988513e-05
9.988436229669552e-07
9.988436229669552e-07
3.995374491867821e-06
3.995374491867821e-06
0.00040590474696946486
0.00040590474696946486
0.006494475951511438
0.006494475951511438
0.0025773344893528574
0.0025773344893528574
2.51692821225865e-06
2.51692821225865e-06
0.0001610834055845536
0.0001610834055845536
2.4774459653898002e-08
2.4774459653898002e-08
0.001022815869918162
0.001022815869918162
6.392599186988513e-05
6.392599186988513e-05
0.0006443336223382144
0.0006443336223382144
3.9639135446236803e-07
3.9639135446236803e-07
0.004091263479672648
0.004091263479672648
1.5855654178494721e-06
1.5855654178494721e-06
1.5730801326616561e-07
1.5730801326616561e-07
0.0016236189878778594
0.0016236189878778594
0.0001610834055845536
0.0001610834055845536
0.0006443336223382144
0.0006443336223382144
0.0006443336223382144
0.0006443336223382144
0.01030933795741143
0.01030933795741143
0.0006443336223382144
0.0006443336223382144
4.02708513961384e-05
4.02708513961384e-05
0.00010147618674236622
0.00010147618674236622
6.392599186988513e-05
6.392599186988513e-05
9.909783861559201e-08
9.909783861559201e-08
3.995374491867821e-06
3.995374491867821e-06
3.995374491867821e-06
3.995374491867821e-06
0.00040590474696946486
0.00040590474696946486
9.988436229669552e-07
9.988436229669552e-07
2.497109057417388e-07
2.497109057417388e-07
0.004091263479672648
0.004091263479672648
9.909783861559201e-08
9.909783861559201e-08
0.0002557039674795405
0.0002557039674795405
6.392599186988513e-05
6.392599186988513e-05
6.392599186988513e-05
6.392599186988513e-05
4.02708513961384e-05
4.02708513961384e-05
0.001022815869918162
0.001022815869918162
0.0006443336223382144
0.0006443336223382144
4.02708513961384e-05
4.02708513961384e-05
0.001022815869918162
0.001022815869918162
0.0025773344893528574
0.0025773344893528574
0.0025773344893528574
0.0025773344893528574
0.00010147618674236622
0.00010147618674236622
1.5855654178494721e-06
1.5855654178494721e-06
0.0002557039674795405
0.0002557039674795405
0.0006443336223382144
0.0006443336223382144
2.51692821225865e-06
2.51692821225865e-06
0.0001610834055845536
0.0001610834055845536
6.292320530646625e-07
6.292320530646625e-07
0.0001610834055845536
0.0001610834055845536
0.006494475951511438
0.006494475951511438
6.392599186988513e-05
6.392599186988513e-05
1.00677128490346e-05
1.00677128490346e-05
2.5369046685591554e-05
2.5369046685591554e-05
0.00040590474696946486
0.00040590474696946486
1.00677128490346e-05
1.00677128490346e-05
6.392599186988513e-05
6.392599186988513e-05
2.497109057417388e-07
2.497109057417388e-07
0.004091263479672648
0.004091263479672648
0.006494475951511438
0.006494475951511438
9.988436229669552e-07
9.988436229669552e-07
0.00040590474696946486
0.00040590474696946486
4.02708513961384e-05
4.02708513961384e-05
1.5981497967471283e-05
1.5981497967471283e-05
6.24277264354347e-08
6.24277264354347e-08
0.00040590474696946486
0.00040590474696946486
4.02708513961384e-05
4.02708513961384e-05
0.0016236189878778594
0.0016236189878778594
0.00040590474696946486
0.00040590474696946486
6.392599186988513e-05
6.392599186988513e-05
0.0025773344893528574
0.0025773344893528574
0.001022815869918162
0.001022815869918162
1.5981497967471283e-05
1.5981497967471283e-05
4.02708513961384e-05
4.02708513961384e-05
0.0016236189878778594
0.0016236189878778594
2.51692821225865e-06
2.51692821225865e-06
0.01030933795741143
0.01030933795741143
0.004091263479672648
0.004091263479672648
9.988436229669552e-07
9.988436229669552e-07
3.995374491867821e-06
3.995374491867821e-06
0.0002557039674795405
0.0002557039674795405
1.5855654178494721e-06
1.5855654178494721e-06
1.5730801326616561e-07
1.5730801326616561e-07
3.9639135446236803e-07
3.9639135446236803e-07
2.51692821225865e-06
2.51692821225865e-06
0.0001610834055845536
0.0001610834055845536
1.5981497967471283e-05
1.5981497967471283e-05
0.0016236189878778594
0.0016236189878778594
0.0016236189878778594
0.0016236189878778594
0.004091263479672648
0.004091263479672648
6.24277264354347e-08
6.24277264354347e-08
1.5981497967471283e-05
1.5981497967471283e-05
0.01030933795741143
0.01030933795741143
6.392599186988513e-05
6.392599186988513e-05
SCALARS a_d double 1
LOOKUP_TABLE default
0.06546021567476237
0.02597790380604575
0.02597790380604575
0.06546021567476237
0.06546021567476237
0.004091263479672648
0.004091263479672648
0.0002557039674795405
0.0002557039674795405
2.51692821225865e-06
2.51692821225865e-06
0.016365053918690593
0.016365053918690593
0.0001610834055845536
0.0001610834055845536
6.3422616713978884e-06
6.3422616713978884e-06
0.04123735182964572
0.04123735182964572
0.006494475951511438
0.006494475951511438
0.0016236189878778594
0.0016236189878778594
2.5369046685591554e-05
2.5369046685591554e-05
0.001022815869918162
0.001022815869918162
2.5369046685591554e-05
2.5369046685591554e-05
0.00040590474696946486
0.00040590474696946486
0.00010147618674236622
0.00010147618674236622
1.5981497967471283e-05
1.5981497967471283e-05
0.0025773344893528574
0.0025773344893528574
1.00677128490346e-05
1.00677128490346e-05
9.988436229669552e-07
9.988436229669552e-07
0.02597790380604575
0.02597790380604575
0.006494475951511438
0.006494475951511438
0.0001610834055845536
0.0001610834055845536
0.02597790380604575
0.02597790380604575
0.01030933795741143
0.01030933795741143
0.00040590474696946486
0.00040590474696946486
0.0025773344893528574
0.0025773344893528574
0.004091263479672648
0.004091263479672648
3.995374491867821e-06
3.995374491867821e-06
6.392599186988513e-05
6.392599186988513e-05
0.004091263479672648
0.004091263479672648
0.00040590474696946486
0.00040590474696946486
0.0006443336223382144
0.0006443336223382144
2.5369046685591554e-05
2.5369046685591554e-05
3.995374491867821e-06
3.995374491867821e-06
2.51692821225865e-06
2.51692821225865e-06
0.0006443336223382144
0.0006443336223382144
6.3422616713978884e-06
6.3422616713978884e-06
1.00677128490346e-05
1.00677128490346e-05
9.988436229669552e-07
9.988436229669552e-07
0.00040590474696946486
0.00040590474696946486
1.5730801326616561e-07
1.5730801326616561e-07
1.00677128490346e-05
1.00677128490346e-05
0.01030933795741143
0.01030933795741143
0.0025773344893528574
0.0025773344893528574
2.5369046685591554e-05
2.5369046685591554e-05
0.00040590474696946486
0.00040590474696946486
9.988436229669552e-07
9.988436229669552e-07
1.5855654178494721e-06
1.5855654178494721e-06
0.00010147618674236622
0.00010147618674236622
0.0025773344893528574
0.0025773344893528574
0.004091263479672648
0.004091263479672648
0.00010147618674236622
0.00010147618674236622
4.02708513961384e-05
4.02708513961384e-05
0.0002557039674795405
0.0002557039674795405
0.001022815869918162
0.001022815869918162
0.0001610834055845536
0.0001610834055845536
0.001022815869918162
0.001022815869918162
2.497109057417388e-07
2.497109057417388e-07
4.02708513961384e-05
4.02708513961384e-05
0.00010147618674236622
0.00010147618674236622
0.001022815869918162
0.001022815869918162
6.392599186988513e-05
6.392599186988513e-05
0.01030933795741143
0.01030933795741143
2.5369046685591554e-05
2.5369046685591554e-05
9.988436229669552e-07
9.988436229669552e-07
0.0001610834055845536
0.0001610834055845536
0.004091263479672648
0.004091263479672648
0.0002557039674795405
0.0002557039674795405
6.292320530646625e-07
6.292320530646625e-07
3.9327003316541403e-08
3.9327003316541403e-08
1.00677128490346e-05
1.00677128490346e-05
0.001022815869918162
0.001022815869918162
0.0025773344893528574
0.0025773344893528574
0.0006443336223382144
0.0006443336223382144
0.00010147618674236622
0.00010147618674236622
0.016365053918690593
0.016365053918690593
0.0006443336223382144
0.0006443336223382144
3.995374491867821e-06
3.995374491867821e-06
1.00677128490346e-05
1.00677128490346e-05
0.016365053918690593
0.016365053918690593
2.51692821225865e-06
2.51692821225865e-06
0.00040590474696946486
0.00040590474696946486
0.0001610834055845536
0.0001610834055845536
0.04123735182964572
0.04123735182964572
9.909783861559201e-08
9.909783861559201e-08
0.00040590474696946486
0.00040590474696946486
2.51692821225865e-06
2.51692821225865e-06
6.392599186988513e-05
6.392599186988513e-05
0.006494475951511438
0.006494475951511438
0.00010147618674236622
0.00010147618674236622
1.5981497967471283e-05
1.5981497967471283e-05
6.392599186988513e-05
6.392599186988513e-05
4.02708513961384e-05
4.02708513961384e-05
0.001022815869918162
0.001022815869918162
2.497109057417388e-07
2.497109057417388e-07
0.0025773344893528574
0.0025773344893528574
6.392599186988513e-05
6.392599186988513e-05
0.0016236189878778594
0.0016236189878778594
0.0016236189878778594
0.0016236189878778594
0.00010147618674236622
0.00010147618674236622
0.0025773344893528574
0.0025773344893528574
0.0001610834055845536
0.0001610834055845536
0.0006443336223382144
0.0006443336223382144
4.02708513961384e-05
4.02708513961384e-05
0.0002557039674795405
0.0002557039674795405
0.0016236189878778594
0.0016236189878778594
0.0025773344893528574
0.0025773344893528574
0.0025773344893528574
0.0025773344893528574
3.995374491867821e-06
3.995374491867821e-06
0.01030933795741143
0.01030933795741143
0.0025773344893528574
0.0025773344893528574
1.5981497967471283e-05
1.5981497967471283e-05
1.5981497967471283e-05
1.5981497967471283e-05
3.995374491867821e-06
3.995374491867821e-06
0.0002557039674795405
0.0002557039674795405
0.001022815869918162
0.001022815869918162
0.00010147618674236622
0.00010147618674236622
3.9639135446236803e-07
3.9639135446236803e-07
6.3422616713978884e-06
6.3422616713978884e-06
1.5981497967471283e-05
1.5981497967471283e-05
0.0001610834055845536
0.0001610834055845536
3.9639135446236803e-07
3.9639135446236803e-07
6.292320530646625e-07
6.292320530646625e-07
6.292320530646625e-07
6.292320530646625e-07
3.995374491867821e-06
3.995374491867821e-06
1.5730801326616561e-07
1.5730801326616561e-07
3.995374491867821e-06
3.995374491867821e-06
6.292320530646625e-07
6.292320530646625e-07
6.24277264354347e-08
6.24277264354347e-08
0.00040590474696946486
0.00040590474696946486
4.02708513961384e-05
4.02708513961384e-05
0.00040590474696946486
0.00040590474696946486
0.006494475951511438
0.006494475951511438
0.0001610834055845536
0.0001610834055845536
4.02708513961384e-05
4.02708513961384e-05
3.9639135446236803e-07
3.9639135446236803e-07
0.00040590474696946486
0.00040590474696946486
2.51692821225865e-06
2.51692821225865e-06
3.9639135446236803e-07
3.9639135446236803e-07
0.016365053918690593
0.016365053918690593
0.006494475951511438
0.006494475951511438
9.988436229669552e-07
9.988436229669552e-07
3.995374491867821e-06
3.995374491867821e-06
0.00040590474696946486
0.00040590474696946486
6.392599186988513e-05
6.392599186988513e-05
0.001022815869918162
0.001022815869918162
6.392599186988513e-05
6.392599186988513e-05
0.00040590474696946486
0.00040590474696946486
2.51692821225865e-06
2.51692821225865e-06
0.0002557039674795405
0.0002557039674795405
6.3422616713978884e-06
6.3422616713978884e-06
4.02708513961384e-05
4.02708513961384e-05
0.0002557039674795405
0.0002557039674795405
0.0006443336223382144
0.0006443336223382144
0.01030933795741143
0.01030933795741143
0.0006443336223382144
0.0006443336223382144
0.0002557039674795405
0.0002557039674795405
0.00010147618674236622
0.00010147618674236622
0.001022815869918162
0.001022815869918162
0.0001610834055845536
0.0001610834055845536
1.00677128490346e-05
1.00677128490346e-05
0.00010147618674236622
0.00010147618674236622
6.3422616713978884e-06
6.3422616713978884e-06
0.0002557039674795405
0.0002557039674795405
3.995374491867821e-06
3.995374491867821e-06
2.51692821225865e-06
2.51692821225865e-06
4.02708513961384e-05
4.02708513961384e-05
3.995374491867821e-06
3.995374491867821e-06
1.5855654178494721e-06
1.5855654178494721e-06
0.00010147618674236622
0.00010147618674236622
2.51692821225865e-06
2.51692821225865e-06
2.5369046685591554e-05
2.5369046685591554e-05
1.5730801326616561e-07
1.5730801326616561e-07
0.0016236189878778594
0.0016236189878778594
1.5981497967471283e-05
1.5981497967471283e-05
1.5981497967471283e-05
1.5981497967471283e-05
2.51692821225865e-06
2.51692821225865e-06
1.5981497967471283e-05
1.5981497967471283e-05
2.51692821225865e-06
2.51692821225865e-06
0.0006443336223382144
0.0006443336223382144
0.0006443336223382144
0.0006443336223382144
0.0001610834055845536
0.0001610834055845536
0.0001610834055845536
0.0001610834055845536
6.292320530646625e-07
6.292320530646625e-07
0.00010147618674236622
0.00010147618674236622
0.004091263479672648
0.004091263479672648
2.497109057417388e-07
2.497109057417388e-07
0.0006443336223382144
0.0006443336223382144
0.001022815869918162
0.001022815869918162
0.0006443336223382144
0.0006443336223382144
2.497109057417388e-07
2.497109057417388e-07
6.392599186988513e-05
6.392599186988513e-05
6.292320530646625e-07
6.292320530646625e-07
0.016365053918690593
0.016365053918690593
0.0002557039674795405
0.0002557039674795405
3.9639135446236803e-07
3.9639135446236803e-07
0.0016236189878778594
0.0016236189878778594
6.392599186988513e-05
6.392599186988513e-05
0.004091263479672648
0.004091263479672648
0.0016236189878778594
0.0016236189878778594
0.0006443336223382144
0.0006443336223382144
0.0025773344893528574
0.0025773344893528574
9.988436229669552e-07
9.988436229669552e-07
0.0002557039674795405
0.0002557039674795405
3.9639135446236803e-07
3.9639135446236803e-07
0.0016236189878778594
0.0016236189878778594
9.988436229669552e-07
9.988436229669552e-07
4.02708513961384e-05
4.02708513961384e-05
1.5981497967471283e-05
1.5981497967471283e-05
0.0006443336223382144
0.0006443336223382144
0.0001610834055845536
0.0001610834055845536
0.01030933795741143
0.01030933795741143
6.392599186988513e-05
6.392599186988513e-05
2.5369046685591554e-05
2.5369046685591554e-05
0.006494475951511438
0.006494475951511438
6.392599186988513e-05
6.392599186988513e-05
6.392599186988513e-05
6.392599186988513e-05
0.0016236189878778594
0.0016236189878778594
0.0002557039674795405
0.0002557039674795405
6.392599186988513e-05
6.392599186988513e-05
6.392599186988513e-05
6.392599186988513e-05
1.5981497967471283e-05
1.5981497967471283e-05
0.0002557039674795405
0.0002557039674795405
4.02708513961384e-05
4.02708513961384e-05
6.392599186988513e-05
6.392599186988513e-05
6.292320530646625e-07
6.292320530646625e-07
0.001022815869918162
0.001022815869918162
6.3422616713978884e-06
6.3422616713978884e-06
1.5981497967471283e-05
1.5981497967471283e-05
0.0025773344893528574
0.0025773344893528574
6.24277264354347e-08
6.24277264354347e-08
0.0002557039674795405
0.0002557039674795405
0.006494475951511438
0.006494475951511438
0.0016236189878778594
0.0016236189878778594
2.51692821225865e-06
2.51692821225865e-06
0.00010147618674236622
0.00010147618674236622
3.995374491867821e-06
3.995374491867821e-06
6.292320530646625e-07
6.292320530646625e-07
3.9639135446236803e-07
3.9639135446236803e-07
0.02597790380604575
0.02597790380604575
0.0001610834055845536
0.0001610834055845536
4.02708513961384e-05
4.02708513961384e-05
0.01030933795741143
0.01030933795741143
4.02708513961384e-05
4.02708513961384e-05
1.00677128490346e-05
1.00677128490346e-05
0.001022815869918162
0.001022815869918162
0.004091263479672648
0.004091263479672648
1.00677128490346e-05
1.00677128490346e-05
2.51692821225865e-06
2.51692821225865e-06
1.5981497967471283e-05
1.5981497967471283e-05
0.0016236189878778594
0.0016236189878778594
0.0002557039674795405
0.0002557039674795405
0.0006443336223382144
0.0006443336223382144
9.988436229669552e-07
9.988436229669552e-07
2.497109057417388e-07
2.497109057417388e-07
0.0001610834055845536
0.0001610834055845536
6.3422616713978884e-06
6.3422616713978884e-06
0.006494475951511438
0.006494475951511438
2.5369046685591554e-05
2.5369046685591554e-05
2.5369046685591554e-05
2.5369046685591554e-05
2.51692821225865e-06
2.51692821225865e-06
0.00040590474696946486
0.00040590474696946486
6.3422616713978884e-06
6.3422616713978884e-06
0.001022815869918162
0.001022815869918162
0.00010147618674236622
0.00010147618674236622
0.00040590474696946486
0.00040590474696946486
6.3422616713978884e-06
6.3422616713978884e-06
6.292320530646625e-07
6.292320530646625e-07
1.5855654178494721e-06
1.5855654178494721e-06
1.5855654178494721e-06
1.5855654178494721e-06
0.006494475951511438
0.006494475951511438
0.0016236189878778594
0.0016236189878778594
2.51692821225865e-06
2.51692821225865e-06
0.0016236189878778594
0.0016236189878778594
0.0016236189878778594
0.0016236189878778594
4.02708513961384e-05
4.02708513961384e-05
3.995374491867821e-06
3.995374491867821e-06
2.5369046685591554e-05
2.5369046685591554e-05
0.004091263479672648
0.004091263479672648
4.02708513961384e-05
4.02708513961384e-05
0.0002557039674795405
0.0002557039674795405
1.5981497967471283e-05
1.5981497967471283e-05
0.0006443336223382144
0.0006443336223382144
0.01030933795741143
0.01030933795741143
0.00010147618674236622
0.00010147618674236622
9.988436229669552e-07
9.988436229669552e-07
2.5369046685591554e-05
2.5369046685591554e-05
1.00677128490346e-05
1.00677128490346e-05
0.00010147618674236622
0.00010147618674236622
0.0006443336223382144
0.0006443336223382144
0.0016236189878778594
0.0016236189878778594
1.5855654178494721e-06
1.5855654178494721e-06
6.3422616713978884e-06
6.3422616713978884e-06
0.0025773344893528574
0.0025773344893528574
0.0001610834055845536
0.0001610834055845536
0.0016236189878778594
0.0016236189878778594
6.392599186988513e-05
6.392599186988513e-05
1.5855654178494721e-06
1.5855654178494721e-06
0.004091263479672648
0.004091263479672648
0.00010147618674236622
0.00010147618674236622
0.004091263479672648
0.004091263479672648
0.0002557039674795405
0.0002557039674795405
6.3422616713978884e-06
6.3422616713978884e-06
0.0001610834055845536
0.0001610834055845536
2.5369046685591554e-05
2.5369046685591554e-05
0.0006443336223382144
0.0006443336223382144
0.0025773344893528574
0.0025773344893528574
1.5981497967471283e-05
1.5981497967471283e-05
2.5369046685591554e-05
2.5369046685591554e-05
1.00677128490346e-05
1.00677128490346e-05
0.006494475951511438
0.006494475951511438
0.004091263479672648
0.004091263479672648
1.5855654178494721e-06
1.5855654178494721e-06
1.00677128490346e-05
1.00677128490346e-05
6.392599186988513e-05
6.392599186988513e-05
6.392599186988513e-05
6.392599186988513e-05
0.001022815869918162
0.001022815869918162
6.392599186988513e-05
6.392599186988513e-05
0.00040590474696946486
0.00040590474696946486
0.0002557039674795405
0.0002557039674795405
6.3422616713978884e-06
6.3422616713978884e-06
0.0001610834055845536
0.0001610834055845536
4.02708513961384e-05
4.02708513961384e-05
0.0001610834055845536
0.0001610834055845536
2.5369046685591554e-05
2.5369046685591554e-05
0.00010147618674236622
0.00010147618674236622
9.909783861559201e-08
9.909783861559201e-08
4.02708513961384e-05
4.02708513961384e-05
1.5981497967471283e-05
1.5981497967471283e-05
6.392599186988513e-05
6.392599186988513e-05
3.9327003316541403e-08
3.9327003316541403e-08
1.5855654178494721e-06
1.5855654178494721e-06
0.0002557039674795405
0.0002557039674795405
3.9639135446236803e-07
3.9639135446236803e-07
0.0001610834055845536
0.0001610834055845536
9.909783861559201e-08
9.909783861559201e-08
2.51692821225865e-06
2.51692821225865e-06
0.0002557039674795405
0.0002557039674795405
4.02708513961384e-05
4.02708513961384e-05
2.5369046685591554e-05
2.5369046685591554e-05
0.00010147618674236622
0.00010147618674236622
6.292320530646625e-07
6.292320530646625e-07
0.0006443336223382144
0.0006443336223382144
0.0025773344893528574
0.0025773344893528574
1.00677128490346e-05
1.00677128490346e-05
1.5855654178494721e-06
1.5855654178494721e-06
1.5855654178494721e-06
1.5855654178494721e-06
2.5369046685591554e-05
2.5369046685591554e-05
0.0006443336223382144
0.0006443336223382144
1.00677128490346e-05
1.00677128490346e-05
2.497109057417388e-07
2.497109057417388e-07
0.00010147618674236622
0.00010147618674236622
6.3422616713978884e-06
6.3422616713978884e-06
6.392599186988513e-05
6.392599186988513e-05
0.001022815869918162
0.001022815869918162
0.00040590474696946486
0.00040590474696946486
1.5855654178494721e-06
1.5855654178494721e-06
6.292320530646625e-07
6.292320530646625e-07
1.5855654178494721e-06
1.5855654178494721e-06
9.988436229669552e-07
9.988436229669552e-07
0.00010147618674236622
0.00010147618674236622
1.5981497967471283e-05
1.5981497967471283e-05
3.995374491867821e-06
3.995374491867821e-06
0.00010147618674236622
0.00010147618674236622
4.02708513961384e-05
4.02708513961384e-05
0.00040590474696946486
0.00040590474696946486
2.51692821225865e-06
2.51692821225865e-06
2.51692821225865e-06
2.51692821225865e-06
0.001022815869918162
0.001022815869918162
2.5369046685591554e-05
2.5369046685591554e-05
0.001022815869918162
0.001022815869918162
2.497109057417388e-07
2.497109057417388e-07
0.001022815869918162
0.001022815869918162
2.5369046685591554e-05
2.5369046685591554e-05
1.5730801326616561e-07
1.5730801326616561e-07
0.0006443336223382144
0.0006443336223382144
4.02708513961384e-05
4.02708513961384e-05
0.0016236189878778594
0.0016236189878778594
1.5855654178494721e-06
1.5855654178494721e-06
0.00010147618674236622
0.00010147618674236622
6.3422616713978884e-06
6.3422616713978884e-06
0.0016236189878778594
0.0016236189878778594
0.006494475951511438
0.006494475951511438
6.292320530646625e-07
6.292320530646625e-07
6.392599186988513e-05
6.392599186988513e-05
4.02708513961384e-05
4.02708513961384e-05
1.5855654178494721e-06
1.5855654178494721e-06
3.9327003316541403e-08
3.9327003316541403e-08
6.292320530646625e-07
6.292320530646625e-07
0.0006443336223382144
0.0006443336223382144
0.01030933795741143
0.01030933795741143
0.00040590474696946486
0.00040590474696946486
1.5855654178494721e-06
1.5855654178494721e-06
6.392599186988513e-05
6.392599186988513e-05
6.292320530646625e-07
6.292320530646625e-07
0.00040590474696946486
0.00040590474696946486
0.00010147618674236622
0.00010147618674236622
0.0002557039674795405
0.0002557039674795405
0.01030933795741143
0.01030933795741143
0.0006443336223382144
0.0006443336223382144
6.392599186988513e-05
6.392599186988513e-05
1.5981497967471283e-05
1.5981497967471283e-05
0.0002557039674795405
0.0002557039674795405
1.00677128490346e-05
1.00677128490346e-05
0.0001610834055845536
0.0001610834055845536
9.988436229669552e-07
9.988436229669552e-07
0.00010147618674236622
0.00010147618674236622
6.392599186988513e-05
6.392599186988513e-05
1.5855654178494721e-06
1.5855654178494721e-06
0.0006443336223382144
0.0006443336223382144
0.0016236189878778594
0.0016236189878778594
1.5981497967471283e-05
1.5981497967471283e-05
0.0001610834055845536
0.0001610834055845536
4.02708513961384e-05
4.02708513961384e-05
6.392599186988513e-05
6.392599186988513e-05
0.0002557039674795405
0.0002557039674795405
2.5369046685591554e-05
2.5369046685591554e-05
0.001022815869918162
0.001022815869918162
3.995374491867821e-06
3.995374491867821e-06
6.3422616713978884e-06
6.3422616713978884e-06
0.0025773344893528574
0.0025773344893528574
0.0001610834055845536
0.0001610834055845536
0.001022815869918162
0.001022815869918162
1.5981497967471283e-05
1.5981497967471283e-05
6.3422616713978884e-06
6.3422616713978884e-06
0.00010147618674236622
0.00010147618674236622
0.0001610834055845536
0.0001610834055845536
0.00010147618674236622
0.00010147618674236622
2.5369046685591554e-05
2.5369046685591554e-05
0.0016236189878778594
0.0016236189878778594
3.995374491867821e-06
3.995374491867821e-06
0.0001610834055845536
0.0001610834055845536
2.5369046685591554e-05
2.5369046685591554e-05
3.9639135446236803e-07
3.9639135446236803e-07
4.02708513961384e-05
4.02708513961384e-05
9.988436229669552e-07
9.988436229669552e-07
9.988436229669552e-07
9.988436229669552e-07
6.392599186988513e-05
6.392599186988513e-05
1.5730801326616561e-07
1.5730801326616561e-07
0.016365053918690593
0.016365053918690593
2.51692821225865e-06
2.51692821225865e-06
0.0001610834055845536
0.0001610834055845536
9.988436229669552e-07
9.988436229669552e-07
6.392599186988513e-05
6.392599186988513e-05
4.02708513961384e-05
4.02708513961384e-05
6.392599186988513e-05
6.392599186988513e-05
0.0002557039674795405
0.0002557039674795405
6.3422616713978884e-06
6.3422616713978884e-06
1.5855654178494721e-06
1.5855654178494721e-06
0.006494475951511438
0.006494475951511438
0.00010147618674236622
0.00010147618674236622
3.995374491867821e-06
3.995374491867821e-06
0.0006443336223382144
0.0006443336223382144
0.00040590474696946486
0.00040590474696946486
1.5855654178494721e-06
1.5855654178494721e-06
1.00677128490346e-05
1.00677128490346e-05
1.00677128490346e-05
1.00677128490346e-05
2.5369046685591554e-05
2.5369046685591554e-05
1.00677128490346e-05
1.00677128490346e-05
0.0002557039674795405
0.0002557039674795405
0.00040590474696946486
0.00040590474696946486
0.004091263479672648
0.004091263479672648
0.0001610834055845536
0.0001610834055845536
0.00040590474696946486
0.00040590474696946486
0.0025773344893528574
0.0025773344893528574
4.02708513961384e-05
4.02708513961384e-05
6.24277264354347e-08
6.24277264354347e-08
0.0016236189878778594
0.0016236189878778594
6.3422616713978884e-06
6.3422616713978884e-06
2.5369046685591554e-05
2.5369046685591554e-05
0.016365053918690593
0.016365053918690593
0.0002557039674795405
0.0002557039674795405
4.02708513961384e-05
4.02708513961384e-05
6.292320530646625e-07
6.292320530646625e-07
1.5855654178494721e-06
1.5855654178494721e-06
0.00010147618674236622
0.00010147618674236622
0.00040590474696946486
0.00040590474696946486
2.5369046685591554e-05
2.5369046685591554e-05
6.392599186988513e-05
6.392599186988513e-05
9.988436229669552e-07
9.988436229669552e-07
3.995374491867821e-06
3.995374491867821e-06
0.00040590474696946486
0.00040590474696946486
0.006494475951511438
0.006494475951511438
0.0025773344893528574
0.0025773344893528574
2.51692821225865e-06
2.51692821225865e-06
0.0001610834055845536
0.0001610834055845536
2.4774459653898002e-08
2.4774459653898002e-08
0.001022815869918162
0.001022815869918162
6.392599186988513e-05
6.392599186988513e-05
0.0006443336223382144
0.0006443336223382144
3.9639135446236803e-07
3.9639135446236803e-07
0.004091263479672648
0.004091263479672648
1.5855654178494721e-06
1.5855654178494721e-06
1.5730801326616561e-07
1.5730801326616561e-07
0.0016236189878778594
0.0016236189878778594
0.0001610834055845536
0.0001610834055845536
0.0006443336223382144
0.0006443336223382144
0.0006443336223382144
0.0006443336223382144
0.01030933795741143
0.01030933795741143
0.0006443336223382144
0.0006443336223382144
4.02708513961384e-05
4.02708513961384e-05
0.00010147618674236622
0.00010147618674236622
6.392599186988513e-05
6.392599186988513e-05
9.909783861559201e-08
9.909783861559201e-08
3.995374491867821e-06
3.995374491867821e-06
3.995374491867821e-06
3.995374491867821e-06
0.00040590474696946486
0.00040590474696946486
9.988436229669552e-07
9.988436229669552e-07
2.497109057417388e-07
2.497109057417388e-07
0.004091263479672648
0.004091263479672648
9.909783861559201e-08
9.909783861559201e-08
0.0002557039674795405
0.0002557039674795405
6.392599186988513e-05
6.392599186988513e-05
6.392599186988513e-05
6.392599186988513e-05
4.02708513961384e-05
4.02708513961384e-05
0.001022815869918162
0.001022815869918162
0.0006443336223382144
0.0006443336223382144
4.02708513961384e-05
4.02708513961384e-05
0.001022815869918162
0.001022815869918162
0.0025773344893528574
0.0025773344893528574
0.0025773344893528574
0.0025773344893528574
0.00010147618674236622
0.00010147618674236622
1.5855654178494721e-06
1.5855654178494721e-06
0.0002557039674795405
0.0002557039674795405
0.0006443336223382144
0.0006443336223382144
2.51692821225865e-06
2.51692821225865e-06
0.0001610834055845536
0.0001610834055845536
6.292320530646625e-07
6.292320530646625e-07
0.0001610834055845536
0.0001610834055845536
0.006494475951511438
0.006494475951511438
6.392599186988513e-05
6.392599186988513e-05
1.00677128490346e-05
1.00677128490346e-05
2.5369046685591554e-05
2.5369046685591554e-05
0.00040590474696946486
0.00040590474696946486
1.00677128490346e-05
1.00677128490346e-05
6.392599186988513e-05
6.392599186988513e-05
2.497109057417388e-07
2.497109057417388e-07
0.004091263479672648
0.004091263479672648
0.006494475951511438
0.006494475951511438
9.988436229669552e-07
9.988436229669552e-07
0.00040590474696946486
0.00040590474696946486
4.02708513961384e-05
4.02708513961384e-05
1.5981497967471283e-05
1.5981497967471283e-05
6.24277264354347e-08
6.24277264354347e-08
0.00040590474696946486
0.00040590474696946486
4.02708513961384e-05
4.02708513961384e-05
0.0016236189878778594
0.0016236189878778594
0.00040590474696946486
0.00040590474696946486
6.392599186988513e-05
6.392599186988513e-05
0.0025773344893528574
0.0025773344893528574
0.001022815869918162
0.001022815869918162
1.5981497967471283e-05
1.5981497967471283e-05
4.02708513961384e-05
4.02708513961384e-05
0.0016236189878778594
0.0016236189878778594
2.51692821225865e-06
2.51692821225865e-06
0.01030933795741143
0.01030933795741143
0.004091263479672648
0.004091263479672648
9.988436229669552e-07
9.988436229669552e-07
3.995374491867821e-06
3.995374491867821e-06
0.0002557039674795405
0.0002557039674795405
1.5855654178494721e-06
1.5855654178494721e-06
1.5730801326616561e-07
1.5730801326616561e-07
3.9639135446236803e-07
3.9639135446236803e-07
2.51692821225865e-06
2.51692821225865e-06
0.0001610834055845536
0.0001610834055845536
1.5981497967471283e-05
1.5981497967471283e-05
0.0016236189878778594
0.0016236189878778594
0.0016236189878778594
0.0016236189878778594
0.004091263479672648
0.004091263479672648
6.24277264354347e-08
6.24277264354347e-08
1.5981497967471283e-05
1.5981497967471283e-05
0.01030933795741143
0.01030933795741143
6.392599186988513e-05
6.392599186988513e-05
SCALARS E double 1
LOOKUP_TABLE default
50000000.0
50000000.0
50000000.0
50000000.0
50000000.0
50000000.0
50000000.0
50000000.0
50000000.0
50000000.0
50000000.0
50000000.0
50000000.0
50000000.0
50000000.0
50000000.0
50000000.0
50000000.0
50000000.0
50000000.0
50000000.0
50000000.0
50000000.0
50000000.0
50000000.0
50000000.0
50000000.0
50000000.0
50000000.0
50000000.0
50000000.0
50000000.0
50000000.0
50000000.0
50000000.0
50000000.0
50000000.0
50000000.0
50000000.0
50000000.0
50000000.0
50000000.0
50000000.0
50000000.0
50000000.0
50000000.0
50000000.0
50000000.0
50000000.0
50000000.0
50000000.0
50000000.0
50000000.0
50000000.0
50000000.0
50000000.0
50000000.0
50000000.0
50000000.0
50000000.0
50000000.0
50000000.0
50000000.0
50000000.0
50000000.0
50000000.0
50000000.0
50000000.0
50000000.0
50000000.0
50000000.0
50000000.0
50000000.0
50000000.0
50000000.0
50000000.0
50000000.0
50000000.0
50000000.0
50000000.0
50000000.0
50000000.0
50000000.0
50000000.0
50000000.0
50000000.0
50000000.0
50000000.0
50000000.0
50000000.0
50000000.0
50000000.0
50000000.0
50000000.0
50000000.0
50000000.0
50000000.0
50000000.0
50000000.0
50000000.0
50000000.0
50000000.0
50000000.0
50000000.0
50000000.0
50000000.0
50000000.0
50000000.0
50000000.0
50000000.0
50000000.0
50000000.0
50000000.0
50000000.0
50000000.0
50000000.0
50000000.0
50000000.0
50000000.0
50000000.0
50000000.0
50000000.0
50000000.0
50000000.0
50000000.0
50000000.0
50000000.0
50000000.0
50000000.0
50000000.0
50000000.0
50000000.0
50000000.0
50000000.0
50000000.0
50000000.0
50000000.0
50000000.0
50000000.0
50000000.0
50000000.0
50000000.0
50000000.0
50000000.0
50000000.0
50000000.0
50000000.0
50000000.0
50000000.0
50000000.0
50000000.0
50000000.0
50000000.0
50000000.0
50000000.0
50000000.0
50000000.0
50000000.0
50000000.0
50000000.0
50000000.0
50000000.0
50000000.0
50000000.0
50000000.0
50000000.0
50000000.0
50000000.0
50000000.0
50000000.0
50000000.0
50000000.0
50000000.0
50000000.0
50000000.0
50000000.0
50000000.0
50000000.0
50000000.0
50000000.0
50000000.0
50000000.0
50000000.0
50000000.0
50000000.0
50000000.0
50000000.0
50000000.0
50000000.0
50000000.0
50000000.0
50000000.0
50000000.0
50000000.0
50000000.0
50000000.0
50000000.0
50000000.0
50000000.0
50000000.0
50000000.0
50000000.0
50000000.0
50000000.0
50000000.0
50000000.0
50000000.0
50000000.0
50000000.0
50000000.0
50000000.0
50000000.0
50000000.0
50000000.0
50000000.0
50000000.0
50000000.0
50000000.0
50000000.0
50000000.0
50000000.0
50000000.0
50000000.0
50000000.0
50000000.0
50000000.0
50000000.0
50000000.0
50000000.0
50000000.0
50000000.0
50000000.0
50000000.0
50000000.0
50000000.0
50000000.0
50000000.0
50000000.0
50000000.0
50000000.0
50000000.0
50000000.0
50000000.0
50000000.0
50000000.0
50000000.0
50000000.0
50000000.0
50000000.0
50000000.0
50000000.0
50000000.0
50000000.0
50000000.0
50000000.0
50000000.0
50000000.0
50000000.0
50000000.0
50000000.0
50000000.0
50000000.0
50000000.0
50000000.0
50000000.0
50000000.0
50000000.0
50000000.0
50000000.0
50000000.0
50000000.0
50000000.0
50000000.0
50000000.0
50000000.0
50000000.0
50000000.0
50000000.0
50000000.0
50000000.0
50000000.0
50000000.0
50000000.0
50000000.0
50000000.0
50000000.0
50000000.0
50000000.0
50000000.0
50000000.0
50000000.0
50000000.0
50000000.0
50000000.0
50000000.0
50000000.0
50000000.0
50000000.0
50000000.0
50000000.0
50000000.0
50000000.0
50000000.0
50000000.0
50000000.0
50000000.0
50000000.0
50000000.0
50000000.0
50000000.0
50000000.0
50000000.0
50000000.0
50000000.0
50000000.0
50000000.0
50000000.0
50000000.0
50000000.0
50000000.0
50000000.0
50000000.0
50000000.0
50000000.0
50000000.0
50000000.0
50000000.0
50000000.0
50000000.0
50000000.0
50000000.0
50000000.0
50000000.0
50000000.0
50000000.0
50000000.0
50000000.0
50000000.0
50000000.0
50000000.0
50000000.0
50000000.0
50000000.0
50000000.0
50000000.0
50000000.0
50000000.0
50000000.0
50000000.0
50000000.0
50000000.0
50000000.0
50000000.0
50000000.0
50000000.0
50000000.0
50000000.0
50000000.0
50000000.0
50000000.0
50000000.0
50000000.0
50000000.0
50000000.0
50000000.0
50000000.0
50000000.0
50000000.0
50000000.0
50000000.0
50000000.0
50000000.0
50000000.0
50000000.0
50000000.0
50000000.0
50000000.0
50000000.0
50000000.0
50000000.0
50000000.0
50000000.0
50000000.0
50000000.0
50000000.0
50000000.0
50000000.0
50000000.0
50000000.0
50000000.0
50000000.0
50000000.0
50000000.0
50000000.0
50000000.0
50000000.0
50000000.0
50000000.0
50000000.0
50000000.0
50000000.0
50000000.0
50000000.0
50000000.0
50000000.0
50000000.0
50000000.0
50000000.0
50000000.0
50000000.0
50000000.0
50000000.0
50000000.0
50000000.0
50000000.0
50000000.0
50000000.0
50000000.0
50000000.0
50000000.0
50000000.0
50000000.0
50000000.0
50000000.0
50000000.0
50000000.0
50000000.0
50000000.0
50000000.0
50000000.0
50000000.0
50000000.0
50000000.0
50000000.0
50000000.0
50000000.0
50000000.0
50000000.0
50000000.0
50000000.0
50000000.0
50000000.0
50000000.0
50000000.0
50000000.0
50000000.0
50000000.0
50000000.0
50000000.0
50000000.0
50000000.0
50000000.0
50000000.0
50000000.0
50000000.0
50000000.0
50000000.0
50000000.0
50000000.0
50000000.0
50000000.0
50000000.0
50000000.0
50000000.0
50000000.0
50000000.0
50000000.0
50000000.0
50000000.0
50000000.0
50000000.0
50000000.0
50000000.0
50000000.0
50000000.0
50000000.0
50000000.0
50000000.0
50000000.0
50000000.0
50000000.0
50000000.0
50000000.0
50000000.0
50000000.0
50000000.0
50000000.0
50000000.0
50000000.0
50000000.0
50000000.0
50000000.0
50000000.0
50000000.0
50000000.0
50000000.0
50000000.0
50000000.0
50000000.0
50000000.0
50000000.0
50000000.0
50000000.0
50000000.0
50000000.0
50000000.0
50000000.0
50000000.0
50000000.0
50000000.0
50000000.0
50000000.0
50000000.0
50000000.0
50000000.0
50000000.0
50000000.0
50000000.0
50000000.0
50000000.0
50000000.0
50000000.0
50000000.0
50000000.0
50000000.0
50000000.0
50000000.0
50000000.0
50000000.0
50000000.0
50000000.0
50000000.0
50000000.0
50000000.0
50000000.0
50000000.0
50000000.0
50000000.0
50000000.0
50000000.0
50000000.0
50000000.0
50000000.0
50000000.0
50000000.0
50000000.0
50000000.0
50000000.0
50000000.0
50000000.0
50000000.0
50000000.0
50000000.0
50000000.0
50000000.0
50000000.0
50000000.0
50000000.0
50000000.0
50000000.0
50000000.0
50000000.0
50000000.0
50000000.0
50000000.0
50000000.0
50000000.0
50000000.0
50000000.0
50000000.0
50000000.0
50000000.0
50000000.0
50000000.0
50000000.0
50000000.0
50000000.0
50000000.0
50000000.0
50000000.0
50000000.0
50000000.0
50000000.0
50000000.0
50000000.0
50000000.0
50000000.0
50000000.0
50000000.0
50000000.0
50000000.0
50000000.0
50000000.0
50000000.0
50000000.0
50000000.0
50000000.0
50000000.0
50000000.0
50000000.0
50000000.0
50000000.0
50000000.0
50000000.0
50000000.0
50000000.0
50000000.0
50000000.0
50000000.0
50000000.0
50000000.0
50000000.0
50000000.0
50000000.0
50000000.0
50000000.0
50000000.0
50000000.0
50000000.0
50000000.0
50000000.0
50000000.0
50000000.0
50000000.0
50000000.0
50000000.0
50000000.0
50000000.0
50000000.0
50000000.0
50000000.0
50000000.0
50000000.0
50000000.0
50000000.0
50000000.0
50000000.0
50000000.0
50000000.0
50000000.0
50000000.0
50000000.0
50000000.0
50000000.0
50000000.0
50000000.0
50000000.0
50000000.0
50000000.0
50000000.0
50000000.0
50000000.0
50000000.0
50000000.0
50000000.0
50000000.0
50000000.0
50000000.0
50000000.0
50000000.0
50000000.0
50000000.0
50000000.0
50000000.0
50000000.0
50000000.0
50000000.0
50000000.0
50000000.0
50000000.0
50000000.0
50000000.0
50000000.0
50000000.0
50000000.0
50000000.0
50000000.0
50000000.0
50000000.0
50000000.0
50000000.0
50000000.0
50000000.0
50000000.0
50000000.0
50000000.0
50000000.0
50000000.0
50000000.0
50000000.0
50000000.0
50000000.0
50000000.0
50000000.0
50000000.0
50000000.0
50000000.0
50000000.0
50000000.0
50000000.0
50000000.0
50000000.0
50000000.0
50000000.0
50000000.0
50000000.0
50000000.0
50000000.0
50000000.0
50000000.0
50000000.0
50000000.0
50000000.0
50000000.0
50000000.0
50000000.0
50000000.0
50000000.0
50000000.0
50000000.0
50000000.0
50000000.0
50000000.0
50000000.0
50000000.0
50000000.0
50000000.0
50000000.0
50000000.0
50000000.0
50000000.0
50000000.0
50000000.0
50000000.0
50000000.0
50000000.0
50000000.0
50000000.0
50000000.0
50000000.0
50000000.0
50000000.0
50000000.0
50000000.0
50000000.0
50000000.0
50000000.0
50000000.0
50000000.0
50000000.0
50000000.0
50000000.0
50000000.0
50000000.0
50000000.0
50000000.0
50000000.0
50000000.0
50000000.0
50000000.0
50000000.0
50000000.0
50000000.0
50000000.0
50000000.0
50000000.0
50000000.0
50000000.0
50000000.0
50000000.0
50000000.0
50000000.0
50000000.0
50000000.0
50000000.0
50000000.0
50000000.0
50000000.0
50000000.0
50000000.0
50000000.0
50000000.0
50000000.0
50000000.0
50000000.0
50000000.0
50000000.0
50000000.0
50000000.0
50000000.0
50000000.0
50000000.0
50000000.0
50000000.0
50000000.0
50000000.0
50000000.0
50000000.0
50000000.0
50000000.0
50000000.0
50000000.0
50000000.0
50000000.0
50000000.0
50000000.0
50000000.0
50000000.0
50000000.0
50000000.0
50000000.0
50000000.0
50000000.0
50000000.0
50000000.0
50000000.0
50000000.0
50000000.0
50000000.0
50000000.0
50000000.0
50000000.0
50000000.0
50000000.0
50000000.0
50000000.0
50000000.0
50000000.0
50000000.0
50000000.0
50000000.0
50000000.0
50000000.0
50000000.0
50000000.0
50000000.0
50000000.0
50000000.0
50000000.0
50000000.0
50000000.0
50000000.0
50000000.0
50000000.0
50000000.0
50000000.0
50000000.0
50000000.0
50000000.0
50000000.0
50000000.0
50000000.0
50000000.0
50000000.0
50000000.0
50000000.0
50000000.0
50000000.0
50000000.0
50000000.0
50000000.0
50000000.0
50000000.0
50000000.0
50000000.0
50000000.0
50000000.0
50000000.0
50000000.0
50000000.0
50000000.0
50000000.0
50000000.0
50000000.0
50000000.0
50000000.0
50000000.0
50000000.0
50000000.0
50000000.0
50000000.0
50000000.0
50000000.0
50000000.0
50000000.0
50000000.0
50000000.0
50000000.0
50000000.0
50000000.0
50000000.0
50000000.0
50000000.0
50000000.0
50000000.0
50000000.0
50000000.0
50000000.0
50000000.0
50000000.0
50000000.0
50000000.0
50000000.0
50000000.0
50000000.0
50000000.0
50000000.0
50000000.0
50000000.0
50000000.0
50000000.0
50000000.0
50000000.0
50000000.0
50000000.0
50000000.0
50000000.0
50000000.0
50000000.0
50000000.0
50000000.0
50000000.0
50000000.0
50000000.0
50000000.0
50000000.0
50000000.0
50000000.0
50000000.0
50000000.0
50000000.0
50000000.0
50000000.0
50000000.0
50000000.0
50000000.0
50000000.0
50000000.0
50000000.0
50000000.0
50000000.0
50000000.0
50000000.0
50000000.0
50000000.0
50000000.0
50000000.0
50000000.0
50000000.0
50000000.0
50000000.0
50000000.0
50000000.0
50000000.0
50000000.0
50000000.0
50000000.0
50000000.0
50000000.0
50000000.0
50000000.0
50000000.0
50000000.0
50000000.0
50000000.0
50000000.0
50000000.0
50000000.0
50000000.0
50000000.0
50000000.0
50000000.0
50000000.0
50000000.0
50000000.0
50000000.0
50000000.0
50000000.0
50000000.0
50000000.0
50000000.0
50000000.0
50000000.0
50000000.0
50000000.0
50000000.0
50000000.0
50000000.0
50000000.0
50000000.0
50000000.0
50000000.0
50000000.0
50000000.0
50000000.0
50000000.0
50000000.0
50000000.0
50000000.0
50000000.0
50000000.0
50000000.0
50000000.0
50000000.0
50000000.0
50000000.0
50000000.0
50000000.0
50000000.0
50000000.0
50000000.0
50000000.0
50000000.0
50000000.0
50000000.0
50000000.0
50000000.0
50000000.0
50000000.0
50000000.0
50000000.0
50000000.0
50000000.0
50000000.0
50000000.0
50000000.0
50000000.0
50000000.0
50000000.0
50000000.0
50000000.0
50000000.0
50000000.0
50000000.0
50000000.0
50000000.0
50000000.0
50000000.0
50000000.0
50000000.0
50000000.0
50000000.0
50000000.0
50000000.0
50000000.0
50000000.0
50000000.0
50000000.0
50000000.0
50000000.0
50000000.0
50000000.0
50000000.0
50000000.0
50000000.0
50000000.0
50000000.0
50000000.0
50000000.0
50000000.0
50000000.0
50000000.0
50000000.0
50000000.0
50000000.0
50000000.0
50000000.0
50000000.0
50000000.0
50000000.0
50000000.0
50000000.0
50000000.0
50000000.0
50000000.0
50000000.0
50000000.0
50000000.0
50000000.0
50000000.0
50000000.0
50000000.0
50000000.0
50000000.0
50000000.0
50000000.0
50000000.0
50000000.0
50000000.0
50000000.0
50000000.0
50000000.0
50000000.0
50000000.0
50000000.0
50000000.0
50000000.0
50000000.0
50000000.0
50000000.0
50000000.0
50000000.0
50000000.0
50000000.0
50000000.0
50000000.0
50000000.0
50000000.0
50000000.0
50000000.0
50000000.0
50000000.0
50000000.0
50000000.0
50000000.0
50000000.0
50000000.0
50000000.0
50000000.0
50000000.0
50000000.0
50000000.0
50000000.0
50000000.0
50000000.0
50000000.0
50000000.0
50000000.0
50000000.0
50000000.0
50000000.0
50000000.0
50000000.0
50000000.0
50000000.0
50000000.0
50000000.0
50000000.0
50000000.0
50000000.0
50000000.0
50000000.0
50000000.0
50000000.0
50000000.0
50000000.0
50000000.0
50000000.0
50000000.0
SCALARS h_wall double 1
LOOKUP_TABLE default
0.001
0.001
0.001
0.001
0.001
0.001
0.001
0.001
0.001
0.001
0.001
0.001
0.001
0.001
0.001
0.001
0.001
0.001
0.001
0.001
0.001
0.001
0.001
0.001
0.001
0.001
0.001
0.001
0.001
0.001
0.001
0.001
0.001
0.001
0.001
0.001
0.001
0.001
0.001
0.001
0.001
0.001
0.001
0.001
0.001
0.001
0.001
0.001
0.001
0.001
0.001
0.001
0.001
0.001
0.001
0.001
0.001
0.001
0.001
0.001
0.001
0.001
0.001
0.001
0.001
0.001
0.001
0.001
0.001
0.001
0.001
0.001
0.001
0.001
0.001
0.001
0.001
0.001
0.001
0.001
0.001
0.001
0.001
0.001
0.001
0.001
0.001
0.001
0.001
0.001
0.001
0.001
0.001
0.001
0.001
0.001
0.001
0.001
0.001
0.001
0.001
0.001
0.001
0.001
0.001
0.001
0.001
0.001
0.001
0.001
0.001
0.001
0.001
0.001
0.001
0.001
0.001
0.001
0.001
0.001
0.001
0.001
0.001
0.001
0.001
0.001
0.001
0.001
0.001
0.001
0.001
0.001
0.001
0.001
0.001
0.001
0.001
0.001
0.001
0.001
0.001
0.001
0.001
0.001
0.001
0.001
0.001
0.001
0.001
0.001
0.001
0.001
0.001
0.001
0.001
0.001
0.001
0.001
0.001
0.001
0.001
0.001
0.001
0.001
0.001
0.001
0.001
0.001
0.001
0.001
0.001
0.001
0.001
0.001
0.001
0.001
0.001
0.001
0.001
0.001
0.001
0.001
0.001
0.001
0.001
0.001
0.001
0.001
0.001
0.001
0.001
0.001
0.001
0.001
0.001
0.001
0.001
0.001
0.001
0.001
0.001
0.001
0.001
0.001
0.001
0.001
0.001
0.001
0.001
0.001
0.001
0.001
0.001
0.001
0.001
0.001
0.001
0.001
0.001
0.001
0.001
0.001
0.001
0.001
0.001
0.001
0.001
0.001
0.001
0.001
0.001
0.001
0.001
0.001
0.001
0.001
0.001
0.001
0.001
0.001
0.001
0.001
0.001
0.001
0.001
0.001
0.001
0.001
0.001
0.001
0.001
0.001
0.001
0.001
0.001
0.001
0.001
0.001
0.001
0.001
0.001
0.001
0.001
0.001
0.001
0.001
0.001
0.001
0.001
0.001
0.001
0.001
0.001
0.001
0.001
0.001
0.001
0.001
0.001
0.001
0.001
0.001
0.001
0.001
0.001
0.001
0.001
0.001
0.001
0.001
0.001
0.001
0.001
0.001
0.001
0.001
0.001
0.001
0.001
0.001
0.001
0.001
0.001
0.001
0.001
0.001
0.001
0.001
0.001
0.001
0.001
0.001
0.001
0.001
0.001
0.001
0.001
0.001
0.001
0.001
0.001
0.001
0.001
0.001
0.001
0.001
0.001
0.001
0.001
0.001
0.001
0.001
0.001
0.001
0.001
0.001
0.001
0.001
0.001
0.001
0.001
0.001
0.001
0.001
0.001
0.001
0.001
0.001
0.001
0.001
0.001
0.001
0.001
0.001
0.001
0.001
0.001
0.001
0.001
0.001
0.001
0.001
0.001
0.001
0.001
0.001
0.001
0.001
0.001
0.001
0.001
0.001
0.001
0.001
0.001
0.001
0.001
0.001
0.001
0.001
0.001
0.001
0.001
0.001
0.001
0.001
0.001
0.001
0.001
0.001
0.001
0.001
0.001
0.001
0.001
0.001
0.001
0.001
0.001
0.001
0.001
0.001
0.001
0.001
0.001
0.001
0.001
0.001
0.001
0.001
0.001
0.001
0.001
0.001
0.001
0.001
0.001
0.001
0.001
0.001
0.001
0.001
0.001
0.001
0.001
0.001
0.001
0.001
0.001
0.001
0.001
0.001
0.001
0.001
0.001
0.001
0.001
0.001
0.001
0.001
0.001
0.001
0.001
0.001
0.001
0.001
0.001
0.001
0.001
0.001
0.001
0.001
0.001
0.001
0.001
0.001
0.001
0.001
0.001
0.001
0.001
0.001
0.001
0.001
0.001
0.001
0.001
0.001
0.001
0.001
0.001
0.001
0.001
0.001
0.001
0.001
0.001
0.001
0.001
0.001
0.001
0.001
0.001
0.001
0.001
0.001
0.001
0.001
0.001
0.001
0.001
0.001
0.001
0.001
0.001
0.001
0.001
0.001
0.001
0.001
0.001
0.001
0.001
0.001
0.001
0.001
0.001
0.001
0.001
0.001
0.001
0.001
0.001
0.001
0.001
0.001
0.001
0.001
0.001
0.001
0.001
0.001
0.001
0.001
0.001
0.001
0.001
0.001
0.001
0.001
0.001
0.001
0.001
0.001
0.001
0.001
0.001
0.001
0.001
0.001
0.001
0.001
0.001
0.001
0.001
0.001
0.001
0.001
0.001
0.001
0.001
0.001
0.001
0.001
0.001
0.001
0.001
0.001
0.001
0.001
0.001
0.001
0.001
0.001
0.001
0.001
0.001
0.001
0.001
0.001
0.001
0.001
0.001
0.001
0.001
0.001
0.001
0.001
0.001
0.001
0.001
0.001
0.001
0.001
0.001
0.001
0.001
0.001
0.001
0.001
0.001
0.001
0.001
0.001
0.001
0.001
0.001
0.001
0.001
0.001
0.001
0.001
0.001
0.001
0.001
0.001
0.001
0.001
0.001
0.001
0.001
0.001
0.001
0.001
0.001
0.001
0.001
0.001
0.001
0.001
0.001
0.001
0.001
0.001
0.001
0.001
0.001
0.001
0.001
0.001
0.001
0.001
0.001
0.001
0.001
0.001
0.001
0.001
0.001
0.001
0.001
0.001
0.001
0.001
0.001
0.001
0.001
0.001
0.001
0.001
0.001
0.001
0.001
0.001
0.001
0.001
0.001
0.001
0.001
0.001
0.001
0.001
0.001
0.001
0.001
0.001
0.001
0.001
0.001
0.001
0.001
0.001
0.001
0.001
0.001
0.001
0.001
0.001
0.001
0.001
0.001
0.001
0.001
0.001
0.001
0.001
0.001
0.001
0.001
0.001
0.001
0.001
0.001
0.001
0.001
0.001
0.001
0.001
0.001
0.001
0.001
0.001
0.001
0.001
0.001
0.001
0.001
0.001
0.001
0.001
0.001
0.001
0.001
0.001
0.001
0.001
0.001
0.001
0.001
0.001
0.001
0.001
0.001
0.001
0.001
0.001
0.001
0.001
0.001
0.001
0.001
0.001
0.001
0.001
0.001
0.001
0.001
0.001
0.001
0.001
0.001
0.001
0.001
0.001
0.001
0.001
0.001
0.001
0.001
0.001
0.001
0.001
0.001
0.001
0.001
0.001
0.001
0.001
0.001
0.001
0.001
0.001
0.001
0.001
0.001
0.001
0.001
0.001
0.001
0.001
0.001
0.001
0.001
0.001
0.001
0.001
0.001
0.001
0.001
0.001
0.001
0.001
0.001
0.001
0.001
0.001
0.001
0.001
0.001
0.001
0.001
0.001
0.001
0.001
0.001
0.001
0.001
0.001
0.001
0.001
0.001
0.001
0.001
0.001
0.001
0.001
0.001
0.001
0.001
0.001
0.001
0.001
0.001
0.001
0.001
0.001
0.001
0.001
0.001
0.001
0.001
0.001
0.001
0.001
0.001
0.001
0.001
0.001
0.001
0.001
0.001
0.001
0.001
0.001
0.001
0.001
0.001
0.001
0.001
0.001
0.001
0.001
0.001
0.001
0.001
0.001
0.001
0.001
0.001
0.001
0.001
0.001
0.001
0.001
0.001
0.001
0.001
0.001
0.001
0.001
0.001
0.001
0.001
0.001
0.001
0.001
0.001
0.001
0.001
0.001
0.001
0.001
0.001
0.001
0.001
0.001
0.001
0.001
0.001
0.001
0.001
0.001
0.001
0.001
0.001
0.001
0.001
0.001
0.001
0.001
0.001
0.001
0.001
0.001
0.001
0.001
0.001
0.001
0.001
0.001
0.001
0.001
0.001
0.001
0.001
0.001
0.001
0.001
0.001
0.001
0.001
0.001
0.001
0.001
0.001
0.001
0.001
0.001
0.001
0.001
0.001
0.001
0.001
0.001
0.001
0.001
0.001
0.001
0.001
0.001
0.001
0.001
0.001
0.001
0.001
0.001
0.001
0.001
0.001
0.001
0.001
0.001
0.001
0.001
0.001
0.001
0.001
0.001
0.001
0.001
0.001
0.001
0.001
0.001
0.001
0.001
0.001
0.001
0.001
0.001
0.001
0.001
0.001
0.001
0.001
0.001
0.001
0.001
0.001
0.001
0.001
0.001
0.001
0.001
0.001
0.001
0.001
0.001
0.001
0.001
0.001
0.001
0.001
0.001
0.001
0.001
0.001
0.001
0.001
0.001
0.001
0.001
0.001
0.001
0.001
0.001
0.001
0.001
0.001
0.001
0.001
0.001
0.001
0.001
0.001
0.001
0.001
0.001
0.001
0.001
0.001
0.001
0.001
0.001
0.001
0.001
0.001
0.001
0.001
0.001
0.001
0.001
0.001
0.001
0.001
0.001
0.001
0.001
0.001
0.001
0.001
0.001
0.001
0.001
0.001
0.001
0.001
0.001
0.001
0.001
0.001
0.001
0.001
0.001
0.001
0.001
0.001
0.001
0.001
0.001
0.001
0.001
0.001
0.001
0.001
0.001
0.001
0.001
0.001
0.001
0.001
0.001
0.001
0.001
0.001
0.001
0.001
0.001
0.001
0.001
0.001
0.001
0.001
0.001
0.001
0.001
0.001
0.001
0.001
0.001
0.001
0.001
0.001
0.001
0.001
0.001
0.001
0.001
0.001
0.001
0.001
0.001
0.001
0.001
0.001
0.001
0.001
0.001
0.001
0.001
0.001
0.001
0.001
0.001
0.001
0.001
0.001
0.001
0.001
0.001
0.001
0.001
0.001
0.001
0.001
0.001
0.001
0.001
0.001
0.001
0.001
0.001
0.001
0.001
0.001
0.001
0.001
0.001
0.001
0.001
0.001
0.001
0.001
0.001
0.001
0.001
0.001
0.001
0.001
0.001
0.001
0.001
0.001
0.001
0.001
0.001
0.001
0.001
0.001
SCALARS p0 double 1
LOOKUP_TABLE default
0.0
0.0
0.0
0.0
0.0
0.0
0.0
0.0
0.0
0.0
0.0
0.0
0.0
0.0
0.0
0.0
0.0
0.0
0.0
0.0
0.0
0.0
0.0
0.0
0.0
0.0
0.0
0.0
0.0
0.0
0.0
0.0
0.0
0.0
0.0
0.0
0.0
0.0
0.0
0.0
0.0
0.0
0.0
0.0
0.0
0.0
0.0
0.0
0.0
0.0
0.0
0.0
0.0
0.0
0.0
0.0
0.0
0.0
0.0
0.0
0.0
0.0
0.0
0.0
0.0
0.0
0.0
0.0
0.0
0.0
0.0
0.0
0.0
0.0
0.0
0.0
0.0
0.0
0.0
0.0
0.0
0.0
0.0
0.0
0.0
0.0
0.0
0.0
0.0
0.0
0.0
0.0
0.0
0.0
0.0
0.0
0.0
0.0
0.0
0.0
0.0
0.0
0.0
0.0
0.0
0.0
0.0
0.0
0.0
0.0
0.0
0.0
0.0
0.0
0.0
0.0
0.0
0.0
0.0
0.0
0.0
0.0
0.0
0.0
0.0
0.0
0.0
0.0
0.0
0.0
0.0
0.0
0.0
0.0
0.0
0.0
0.0
0.0
0.0
0.0
0.0
0.0
0.0
0.0
0.0
0.0
0.0
0.0
0.0
0.0
0.0
0.0
0.0
0.0
0.0
0.0
0.0
0.0
0.0
0.0
0.0
0.0
0.0
0.0
0.0
0.0
0.0
0.0
0.0
0.0
0.0
0.0
0.0
0.0
0.0
0.0
0.0
0.0
0.0
0.0
0.0
0.0
0.0
0.0
0.0
0.0
0.0
0.0
0.0
0.0
0.0
0.0
0.0
0.0
0.0
0.0
0.0
0.0
0.0
0.0
0.0
0.0
0.0
0.0
0.0
0.0
0.0
0.0
0.0
0.0
0.0
0.0
0.0
0.0
0.0
0.0
0.0
0.0
0.0
0.0
0.0
0.0
0.0
0.0
0.0
0.0
0.0
0.0
0.0
0.0
0.0
0.0
0.0
0.0
0.0
0.0
0.0
0.0
0.0
0.0
0.0
0.0
0.0
0.0
0.0
0.0
0.0
0.0
0.0
0.0
0.0
0.0
0.0
0.0
0.0
0.0
0.0
0.0
0.0
0.0
0.0
0.0
0.0
0.0
0.0
0.0
0.0
0.0
0.0
0.0
0.0
0.0
0.0
0.0
0.0
0.0
0.0
0.0
0.0
0.0
0.0
0.0
0.0
0.0
0.0
0.0
0.0
0.0
0.0
0.0
0.0
0.0
0.0
0.0
0.0
0.0
0.0
0.0
0.0
0.0
0.0
0.0
0.0
0.0
0.0
0.0
0.0
0.0
0.0
0.0
0.0
0.0
0.0
0.0
0.0
0.0
0.0
0.0
0.0
0.0
0.0
0.0
0.0
0.0
0.0
0.0
0.0
0.0
0.0
0.0
0.0
0.0
0.0
0.0
0.0
0.0
0.0
0.0
0.0
0.0
0.0
0.0
0.0
0.0
0.0
0.0
0.0
0.0
0.0
0.0
0.0
0.0
0.0
0.0
0.0
0.0
0.0
0.0
0.0
0.0
0.0
0.0
0.0
0.0
0.0
0.0
0.0
0.0
0.0
0.0
0.0
0.0
0.0
0.0
0.0
0.0
0.0
0.0
0.0
0.0
0.0
0.0
0.0
0.0
0.0
0.0
0.0
0.0
0.0
0.0
0.0
0.0
0.0
0.0
0.0
0.0
0.0
0.0
0.0
0.0
0.0
0.0
0.0
0.0
0.0
0.0
0.0
0.0
0.0
0.0
0.0
0.0
0.0
0.0
0.0
0.0
0.0
0.0
0.0
0.0
0.0
0.0
0.0
0.0
0.0
0.0
0.0
0.0
0.0
0.0
0.0
0.0
0.0
0.0
0.0
0.0
0.0
0.0
0.0
0.0
0.0
0.0
0.0
0.0
0.0
0.0
0.0
0.0
0.0
0.0
0.0
0.0
0.0
0.0
0.0
0.0
0.0
0.0
0.0
0.0
0.0
0.0
0.0
0.0
0.0
0.0
0.0
0.0
0.0
0.0
0.0
0.0
0.0
0.0
0.0
0.0
0.0
0.0
0.0
0.0
0.0
0.0
0.0
0.0
0.0
0.0
0.0
0.0
0.0
0.0
0.0
0.0
0.0
0.0
0.0
0.0
0.0
0.0
0.0
0.0
0.0
0.0
0.0
0.0
0.0
0.0
0.0
0.0
0.0
0.0
0.0
0.0
0.0
0.0
0.0
0.0
0.0
0.0
0.0
0.0
0.0
0.0
0.0
0.0
0.0
0.0
0.0
0.0
0.0
0.0
0.0
0.0
0.0
0.0
0.0
0.0
0.0
0.0
0.0
0.0
0.0
0.0
0.0
0.0
0.0
0.0
0.0
0.0
0.0
0.0
0.0
0.0
0.0
0.0
0.0
0.0
0.0
0.0
0.0
0.0
0.0
0.0
0.0
0.0
0.0
0.0
0.0
0.0
0.0
0.0
0.0
0.0
0.0
0.0
0.0
0.0
0.0
0.0
0.0
0.0
0.0
0.0
0.0
0.0
0.0
0.0
0.0
0.0
0.0
0.0
0.0
0.0
0.0
0.0
0.0
0.0
0.0
0.0
0.0
0.0
0.0
0.0
0.0
0.0
0.0
0.0
0.0
0.0
0.0
0.0
0.0
0.0
0.0
0.0
0.0
0.0
0.0
0.0
0.0
0.0
0.0
0.0
0.0
0.0
0.0
0.0
0.0
0.0
0.0
0.0
0.0
0.0
0.0
0.0
0.0
0.0
0.0
0.0
0.0
0.0
0.0
0.0
0.0
0.0
0.0
0.0
0.0
0.0
0.0
0.0
0.0
0.0
0.0
0.0
0.0
0.0
0.0
0.0
0.0
0.0
0.0
0.0
0.0
0.0
0.0
0.0
0.0
0.0
0.0
0.0
0.0
0.0
0.0
0.0
0.0
0.0
0.0
0.0
0.0
0.0
0.0
0.0
0.0
0.0
0.0
0.0
0.0
0.0
0.0
0.0
0.0
0.0
0.0
0.0
0.0
0.0
0.0
0.0
0.0
0.0
0.0
0.0
0.0
0.0
0.0
0.0
0.0
0.0
0.0
0.0
0.0
0.0
0.0
0.0
0.0
0.0
0.0
0.0
0.0
0.0
0.0
0.0
0.0
0.0
0.0
0.0
0.0
0.0
0.0
0.0
0.0
0.0
0.0
0.0
0.0
0.0
0.0
0.0
0.0
0.0
0.0
0.0
0.0
0.0
0.0
0.0
0.0
0.0
0.0
0.0
0.0
0.0
0.0
0.0
0.0
0.0
0.0
0.0
0.0
0.0
0.0
0.0
0.0
0.0
0.0
0.0
0.0
0.0
0.0
0.0
0.0
0.0
0.0
0.0
0.0
0.0
0.0
0.0
0.0
0.0
0.0
0.0
0.0
0.0
0.0
0.0
0.0
0.0
0.0
0.0
0.0
0.0
0.0
0.0
0.0
0.0
0.0
0.0
0.0
0.0
0.0
0.0
0.0
0.0
0.0
0.0
0.0
0.0
0.0
0.0
0.0
0.0
0.0
0.0
0.0
0.0
0.0
0.0
0.0
0.0
0.0
0.0
0.0
0.0
0.0
0.0
0.0
0.0
0.0
0.0
0.0
0.0
0.0
0.0
0.0
0.0
0.0
0.0
0.0
0.0
0.0
0.0
0.0
0.0
0.0
0.0
0.0
0.0
0.0
0.0
0.0
0.0
0.0
0.0
0.0
0.0
0.0
0.0
0.0
0.0
0.0
0.0
0.0
0.0
0.0
0.0
0.0
0.0
0.0
0.0
0.0
0.0
0.0
0.0
0.0
0.0
0.0
0.0
0.0
0.0
0.0
0.0
0.0
0.0
0.0
0.0
0.0
0.0
0.0
0.0
0.0
0.0
0.0
0.0
0.0
0.0
0.0
0.0
0.0
0.0
0.0
0.0
0.0
0.0
0.0
0.0
0.0
0.0
0.0
0.0
0.0
0.0
0.0
0.0
0.0
0.0
0.0
0.0
0.0
0.0
0.0
0.0
0.0
0.0
0.0
0.0
0.0
0.0
0.0
0.0
0.0
0.0
0.0
0.0
0.0
0.0
0.0
0.0
0.0
0.0
0.0
0.0
0.0
0.0
0.0
0.0
0.0
0.0
0.0
0.0
0.0
0.0
0.0
0.0
0.0
0.0
0.0
0.0
0.0
0.0
0.0
0.0
0.0
0.0
0.0
0.0
0.0
0.0
0.0
0.0
0.0
0.0
0.0
0.0
0.0
0.0
0.0
0.0
0.0
0.0
0.0
0.0
0.0
0.0
0.0
0.0
0.0
0.0
0.0
0.0
0.0
0.0
0.0
0.0
0.0
0.0
0.0
0.0
0.0
0.0
0.0
0.0
0.0
0.0
0.0
0.0
0.0
0.0
0.0
0.0
0.0
0.0
0.0
0.0
0.0
0.0
0.0
0.0
0.0
0.0
0.0
0.0
0.0
0.0
0.0
0.0
0.0
0.0
0.0
0.0
0.0
0.0
0.0
0.0
0.0
0.0
0.0
0.0
0.0
0.0
0.0
0.0
0.0
0.0
0.0
0.0
0.0
0.0
0.0
0.0
0.0
0.0
0.0
0.0
0.0
0.0
0.0
0.0
0.0
0.0
0.0
0.0
0.0
0.0
0.0
0.0
0.0
0.0
0.0
0.0
0.0
0.0
0.0
0.0
0.0
0.0
0.0
0.0
0.0
0.0
0.0
0.0
0.0
0.0
0.0
0.0
0.0
0.0
0.0
0.0
0.0
0.0
0.0
0.0
0.0
0.0
0.0
0.0
0.0
0.0
0.0
0.0
0.0
0.0
0.0
0.0
0.0
0.0
0.0
0.0
0.0
0.0
0.0
0.0
0.0
0.0
0.0
0.0
0.0
0.0
0.0
0.0
0.0
0.0
0.0
0.0
0.0
0.0
0.0
0.0
0.0
0.0
0.0
0.0
0.0
0.0
0.0
0.0
0.0
0.0
0.0
0.0
0.0
0.0
0.0
0.0
0.0
0.0
0.0
SCALARS p_d double 1
LOOKUP_TABLE default
0.0
0.0
0.0
0.0
0.0
0.0
0.0
0.0
0.0
0.0
0.0
0.0
0.0
0.0
0.0
0.0
0.0
0.0
0.0
0.0
0.0
0.0
0.0
0.0
0.0
0.0
0.0
0.0
0.0
0.0
0.0
0.0
0.0
0.0
0.0
0.0
0.0
0.0
0.0
0.0
0.0
0.0
0.0
0.0
0.0
0.0
0.0
0.0
0.0
0.0
0.0
0.0
0.0
0.0
0.0
0.0
0.0
0.0
0.0
0.0
0.0
0.0
0.0
0.0
0.0
0.0
0.0
0.0
0.0
0.0
0.0
0.0
0.0
0.0
0.0
0.0
0.0
0.0
0.0
0.0
0.0
0.0
0.0
0.0
0.0
0.0
0.0
0.0
0.0
0.0
0.0
0.0
0.0
0.0
0.0
0.0
0.0
0.0
0.0
0.0
0.0
0.0
0.0
0.0
0.0
0.0
0.0
0.0
0.0
0.0
0.0
0.0
0.0
0.0
0.0
0.0
0.0
0.0
0.0
0.0
0.0
0.0
0.0
0.0
0.0
0.0
0.0
0.0
0.0
0.0
0.0
0.0
0.0
0.0
0.0
0.0
0.0
0.0
0.0
0.0
0.0
0.0
0.0
0.0
0.0
0.0
0.0
0.0
0.0
0.0
0.0
0.0
0.0
0.0
0.0
0.0
0.0
0.0
0.0
0.0
0.0
0.0
0.0
0.0
0.0
0.0
0.0
0.0
0.0
0.0
0.0
0.0
0.0
0.0
0.0
0.0
0.0
0.0
0.0
0.0
0.0
0.0
0.0
0.0
0.0
0.0
0.0
0.0
0.0
0.0
0.0
0.0
0.0
0.0
0.0
0.0
0.0
0.0
0.0
0.0
0.0
0.0
0.0
0.0
0.0
0.0
0.0
0.0
0.0
0.0
0.0
0.0
0.0
0.0
0.0
0.0
0.0
0.0
0.0
0.0
0.0
0.0
0.0
0.0
0.0
0.0
0.0
0.0
0.0
0.0
0.0
0.0
0.0
0.0
0.0
0.0
0.0
0.0
0.0
0.0
0.0
0.0
0.0
0.0
0.0
0.0
0.0
0.0
0.0
0.0
0.0
0.0
0.0
0.0
0.0
0.0
0.0
0.0
0.0
0.0
0.0
0.0
0.0
0.0
0.0
0.0
0.0
0.0
0.0
0.0
0.0
0.0
0.0
0.0
0.0
0.0
0.0
0.0
0.0
0.0
0.0
0.0
0.0
0.0
0.0
0.0
0.0
0.0
0.0
0.0
0.0
0.0
0.0
0.0
0.0
0.0
0.0
0.0
0.0
0.0
0.0
0.0
0.0
0.0
0.0
0.0
0.0
0.0
0.0
0.0
0.0
0.0
0.0
0.0
0.0
0.0
0.0
0.0
0.0
0.0
0.0
0.0
0.0
0.0
0.0
0.0
0.0
0.0
0.0
0.0
0.0
0.0
0.0
0.0
0.0
0.0
0.0
0.0
0.0
0.0
0.0
0.0
0.0
0.0
0.0
0.0
0.0
0.0
0.0
0.0
0.0
0.0
0.0
0.0
0.0
0.0
0.0
0.0
0.0
0.0
0.0
0.0
0.0
0.0
0.0
0.0
0.0
0.0
0.0
0.0
0.0
0.0
0.0
0.0
0.0
0.0
0.0
0.0
0.0
0.0
0.0
0.0
0.0
0.0
0.0
0.0
0.0
0.0
0.0
0.0
0.0
0.0
0.0
0.0
0.0
0.0
0.0
0.0
0.0
0.0
0.0
0.0
0.0
0.0
0.0
0.0
0.0
0.0
0.0
0.0
0.0
0.0
0.0
0.0
0.0
0.0
0.0
0.0
0.0
0.0
0.0
0.0
0.0
0.0
0.0
0.0
0.0
0.0
0.0
0.0
0.0
0.0
0.0
0.0
0.0
0.0
0.0
0.0
0.0
0.0
0.0
0.0
0.0
0.0
0.0
0.0
0.0
0.0
0.0
0.0
0.0
0.0
0.0
0.0
0.0
0.0
0.0
0.0
0.0
0.0
0.0
0.0
0.0
0.0
0.0
0.0
0.0
0.0
0.0
0.0
0.0
0.0
0.0
0.0
0.0
0.0
0.0
0.0
0.0
0.0
0.0
0.0
0.0
0.0
0.0
0.0
0.0
0.0
0.0
0.0
0.0
0.0
0.0
0.0
0.0
0.0
0.0
0.0
0.0
0.0
0.0
0.0
0.0
0.0
0.0
0.0
0.0
0.0
0.0
0.0
0.0
0.0
0.0
0.0
0.0
0.0
0.0
0.0
0.0
0.0
0.0
0.0
0.0
0.0
0.0
0.0
0.0
0.0
0.0
0.0
0.0
0.0
0.0
0.0
0.0
0.0
0.0
0.0
0.0
0.0
0.0
0.0
0.0
0.0
0.0
0.0
0.0
0.0
0.0
0.0
0.0
0.0
0.0
0.0
0.0
0.0
0.0
0.0
0.0
0.0
0.0
0.0
0.0
0.0
0.0
0.0
0.0
0.0
0.0
0.0
0.0
0.0
0.0
0.0
0.0
0.0
0.0
0.0
0.0
0.0
0.0
0.0
0.0
0.0
0.0
0.0
0.0
0.0
0.0
0.0
0.0
0.0
0.0
0.0
0.0
0.0
0.0
0.0
0.0
0.0
0.0
0.0
0.0
0.0
0.0
0.0
0.0
0.0
0.0
0.0
0.0
0.0
0.0
0.0
0.0
0.0
0.0
0.0
0.0
0.0
0.0
0.0
0.0
0.0
0.0
0.0
0.0
0.0
0.0
0.0
0.0
0.0
0.0
0.0
0.0
0.0
0.0
0.0
0.0
0.0
0.0
0.0
0.0
0.0
0.0
0.0
0.0
0.0
0.0
0.0
0.0
0.0
0.0
0.0
0.0
0.0
0.0
0.0
0.0
0.0
0.0
0.0
0.0
0.0
0.0
0.0
0.0
0.0
0.0
0.0
0.0
0.0
0.0
0.0
0.0
0.0
0.0
0.0
0.0
0.0
0.0
0.0
0.0
0.0
0.0
0.0
0.0
0.0
0.0
0.0
0.0
0.0
0.0
0.0
0.0
0.0
0.0
0.0
0.0
0.0
0.0
0.0
0.0
0.0
0.0
0.0
0.0
0.0
0.0
0.0
0.0
0.0
0.0
0.0
0.0
0.0
0.0
0.0
0.0
0.0
0.0
0.0
0.0
0.0
0.0
0.0
0.0
0.0
0.0
0.0
0.0
0.0
0.0
0.0
0.0
0.0
0.0
0.0
0.0
0.0
0.0
0.0
0.0
0.0
0.0
0.0
0.0
0.0
0.0
0.0
0.0
0.0
0.0
0.0
0.0
0.0
0.0
0.0
0.0
0.0
0.0
0.0
0.0
0.0
0.0
0.0
0.0
0.0
0.0
0.0
0.0
0.0
0.0
0.0
0.0
0.0
0.0
0.0
0.0
0.0
0.0
0.0
0.0
0.0
0.0
0.0
0.0
0.0
0.0
0.0
0.0
0.0
0.0
0.0
0.0
0.0
0.0
0.0
0.0
0.0
0.0
0.0
0.0
0.0
0.0
0.0
0.0
0.0
0.0
0.0
0.0
0.0
0.0
0.0
0.0
0.0
0.0
0.0
0.0
0.0
0.0
0.0
0.0
0.0
0.0
0.0
0.0
0.0
0.0
0.0
0.0
0.0
0.0
0.0
0.0
0.0
0.0
0.0
0.0
0.0
0.0
0.0
0.0
0.0
0.0
0.0
0.0
0.0
0.0
0.0
0.0
0.0
0.0
0.0
0.0
0.0
0.0
0.0
0.0
0.0
0.0
0.0
0.0
0.0
0.0
0.0
0.0
0.0
0.0
0.0
0.0
0.0
0.0
0.0
0.0
0.0
0.0
0.0
0.0
0.0
0.0
0.0
0.0
0.0
0.0
0.0
0.0
0.0
0.0
0.0
0.0
0.0
0.0
0.0
0.0
0.0
0.0
0.0
0.0
0.0
0.0
0.0
0.0
0.0
0.0
0.0
0.0
0.0
0.0
0.0
0.0
0.0
0.0
0.0
0.0
0.0
0.0
0.0
0.0
0.0
0.0
0.0
0.0
0.0
0.0
0.0
0.0
0.0
0.0
0.0
0.0
0.0
0.0
0.0
0.0
0.0
0.0
0.0
0.0
0.0
0.0
0.0
0.0
0.0
0.0
0.0
0.0
0.0
0.0
0.0
0.0
0.0
0.0
0.0
0.0
0.0
0.0
0.0
0.0
0.0
0.0
0.0
0.0
0.0
0.0
0.0
0.0
0.0
0.0
0.0
0.0
0.0
0.0
0.0
0.0
0.0
0.0
0.0
0.0
0.0
0.0
0.0
0.0
0.0
0.0
0.0
0.0
0.0
0.0
0.0
0.0
0.0
0.0
0.0
0.0
0.0
0.0
0.0
0.0
0.0
0.0
0.0
0.0
0.0
0.0
0.0
0.0
0.0
0.0
0.0
0.0
0.0
0.0
0.0
0.0
0.0
0.0
0.0
0.0
0.0
0.0
0.0
0.0
0.0
0.0
0.0
0.0
0.0
0.0
0.0
0.0
0.0
0.0
0.0
0.0
0.0
0.0
0.0
0.0
0.0
0.0
0.0
0.0
0.0
0.0
0.0
0.0
0.0
0.0
0.0
0.0
0.0
0.0
0.0
0.0
0.0
0.0
0.0
0.0
0.0
0.0
0.0
0.0
0.0
0.0
0.0
0.0
0.0
0.0
0.0
0.0
0.0
0.0
0.0
0.0
0.0
0.0
0.0
0.0
0.0
0.0
0.0
0.0
0.0
0.0
0.0
0.0
0.0
0.0
0.0
0.0
0.0
0.0
0.0
0.0
0.0
0.0
0.0
0.0
0.0
0.0
0.0
0.0
0.0
0.0
0.0
0.0
0.0
0.0
0.0
0.0
0.0
0.0
0.0
0.0
0.0
0.0
0.0
0.0
0.0
0.0
0.0
0.0
0.0
0.0
0.0
0.0
0.0
0.0
0.0
0.0
0.0
0.0
0.0
0.0
0.0
0.0
0.0
0.0
0.0
0.0
0.0
0.0
0.0
0.0
0.0
0.0
0.0
0.0
SCALARS L double 1
LOOKUP_TABLE default
0.1948119372625809
0.26639535956919463
0.1101752803490879
0.12950806847451735
0.131782212001469
0.13083798378146955
0.29162942392700947
0.1679501387317076
0.16733594802073937
0.37148401701822803
0.22874580957910554
0.21498056330747733
0.2349618975493681
0.09073618462333441
0.2698636209273115
0.08456919592854131
0.2596072974706222
0.25562566870328085
0.19771272746082813
0.10831587602932377
0.20301820657271194
0.10583918839446986
0.18231770210267684
0.21948384587481662
0.14792703640646546
0.1381623628199801
0.23844337566810161
0.12122123328856213
0.21774212454185385
0.4142659964322438
0.20772818850603708
0.14037181020418624
0.23174131677368345
0.12504469360992412
0.2542647854107998
0.08624562191786804
0.19632454686054882
0.09166742987561088
0.2036967297233804
0.18871869568222469
0.33937727929253225
0.13503801242613195
0.09133300881937562
0.19979241351963264
0.1686759132182177
0.12610673296854577
0.25072217552502324
0.10940676030300782
0.3576688134294075
0.20969743393756676
0.2559568278050035
0.060533786433694343
0.18298487287204762
0.153285466042937
0.47724207369007127
0.3841975627200148
0.07043619098162571
0.25637617713040267
0.4232987557269683
0.1412201607420134
0.5022367262556584
0.16195184037237734
0.4538438883580998
0.11272642281204501
0.23392927841550737
0.21728176476639607
0.09498450715774619
0.15379449600034412
0.19054414422909846
0.371269760282198
0.2636294403134832
0.30841840428223455
0.4023927336570572
0.2297737430604301
0.17816018242020465
0.23874728668615267
0.3306915343639756
0.1158867632648359
0.14185747988738498
0.09921057252127718
0.1276565838490122
0.15950131316073823
0.2662095126023877
0.1947791146401496
0.23544927457947332
0.20896509493214413
0.5521194138952186
0.17415865525433852
0.11738282583069826
0.19378382620848403
0.26032374786023865
0.22919180002783673
0.4251360027097217
0.13653005017211425
0.19721670365362218
0.20902349939659873
0.1979414564966124
0.2600036265131705
0.1876469029853679
0.20049208488117579
0.3615200504812966
0.2408634279005435
0.11197258682373912
0.14098446368306033
0.5489398590920506
0.1896193864033954
0.16653092235377795
0.2873003595542474
0.2524848052853855
0.1813986573820225
0.3978789660185623
0.20928651796042574
0.6819381907475183
0.1339931751993354
0.6455214489077803
0.2722518174411332
0.4061863323648399
0.178184764780831
0.10373586602520993
0.18051854142995918
0.3700048001039999
0.07961614283548206
0.1415039381077436
0.19754255718705258
0.46223711847924914
0.09399988138290358
0.5228449006158511
0.3842747579532124
0.13674628404457664
0.13383652266851645
0.5411556238273809
0.07374230603934118
0.28889474865424497
0.20594958994860824
0.2563109441674309
0.17438706001306464
0.08567060230907694
0.14714613722418912
0.08728715254835502
0.14633969283827314
0.33905762858251737
0.23625324907818684
0.4272699354038381
0.3440525799932342
0.1717433099133692
0.17205740524604018
0.3905665775511259
0.11090537408078942
0.5286489456151401
0.06748865756555028
0.5859458971611641
0.22012248908278303
0.2331149060013111
0.19942991851775968
0.3677120004840756
0.14502389079044764
0.21995368830733436
0.16411320147995476
0.17379761045537995
0.14205099964449475
0.16079250044700458
0.2302255724284337
0.47824764139512327
0.17164294247069997
0.33383669555637485
0.3959265436921356
0.3592573283873276
0.22868116100807415
0.5210275011935565
0.28566629937743837
0.26210665100298275
0.13828466943229797
0.40307654421958006
0.10855620387614871
0.14980515144680392
0.11343422852031876
0.14116120430203105
0.06490751420290164
0.22662878590329172
0.17774940224934735
0.5742479326911002
0.07496067035452558
0.17374022994114002
0.16055235843798718
0.09754287980165234
0.09633086525096965
0.29284501395789675
0.17398567785883975
0.19685885552852345
0.14061256665035257
0.2213704740926399
0.09297223564053982
0.4691354521883847
0.12367765036577971
0.28343992749787483
0.14034649906570557
0.3584862288847369
0.21081063635405206
0.18914127656331492
0.1376604002609316
0.27960025232463537
0.15947319179097152
0.5974651679386845
0.0711940622524088
0.6894415544482356
0.0723433203550955
0.5128232819402807
0.35233216160322334
0.14788067216509354
0.15556841228218696
0.2713195897829727
0.2705434634213139
0.2709563258165419
0.14568443465243563
0.22691797240412717
0.4002727600024775
0.19899324285010392
0.1688182211729542
0.16319399774501714
0.10872025110346174
0.3225001793797951
0.2805517465638017
0.2340845669838147
0.0820184924270127
0.3271921424790036
0.2764213338365903
0.2823183856924663
0.0630356296073896
0.49662372375874103
0.21486135832205783
0.341361730133886
0.07272031146797854
0.14156203516479846
0.15126284441329257
0.24843097612817955
0.10732318342278181
0.6015365871665675
0.2964152384746775
0.2853594112693676
0.18562990976671873
0.3536370761105225
0.2815645093047061
0.23294305827819772
0.22241822609669348
0.2099553485863129
0.10811086393142913
0.3453263398584014
0.24811221453205498
0.3983954329557506
0.17261155233645414
0.2972970282394369
0.24837076498654284
0.3863018437698688
0.0756112028736479
0.20572363938060134
0.19731547658508758
0.34805376035894214
0.29844528979362417
0.48299233016684706
0.3990521452141306
0.5184870290566584
0.11834768143060481
0.09263327317978189
0.1581091436318579
0.6117918184317274
0.13593396558623633
0.4864773112900546
0.2668080105619018
0.1729449241810796
0.0667902994453534
0.3734774558122608
0.31211617532579183
0.4012985259130659
0.22749320912941523
0.4937516149846998
0.23611148934348813
0.43050197316621064
0.1977063400602011
0.19559395977381394
0.14050101316360683
0.17476787004481248
0.05444866665034088
0.28613552663030145
0.16583364857591612
0.4927457661918574
0.3471991610012906
0.3912790019921842
0.1379288175110633
0.06537264336096528
0.06230885169861451
0.1725885039624597
0.20590905249648264
0.36416220630372936
0.14583421992111442
0.06283025465490338
0.06413285585407906
0.3945974821257737
0.1687288066691636
0.3450655349350327
0.14643709263707716
0.4684471238037428
0.19638232226959723
0.2486246057814871
0.14769968178706486
0.11586377216369136
0.10703011398667207
0.5004532398736171
0.20065367452404287
0.30735164388693326
0.24795254586311516
0.2405099835765657
0.06995849769684985
0.3248470761758534
0.13463666254033493
0.1844383598929475
0.1706457690656288
0.1671144856079199
0.2035521422142247
0.30783687206051297
0.12683352474799267
0.3221043310792327
0.18674589821466017
0.3077759420422587
0.09295426079529706
0.37277157469420935
0.14129332892957167
0.366348814792678
0.37252104638530126
0.25009584162876425
0.1415965253810984
0.25901646067383516
0.36092946319190844
0.5038249054979318
0.14016809801092428
0.14871798344517712
0.08857877059431282
0.43763021296523813
0.151814845782617
0.142870696785589
0.07775213116050135
0.3355328927243943
0.11957557526518542
0.28032806923317566
0.25526562753336063
0.18296071299598837
0.2180877107954502
0.09756756479486357
0.19851803041537647
0.3544479389134602
0.2996097271451643
0.33891590195799437
0.2047184175886474
0.1482743302126164
0.2981558218448869
0.14226079923858148
0.13535565115649953
0.44088058224421667
0.17486393052885513
0.3642857633781481
0.16281335725302132
0.16209970542848026
0.19137413461593997
0.15338858953650944
0.17195679137504294
0.209271123903896
0.2661831166697095
0.25067399466239026
0.0669394136514507
0.2611210759398779
0.19606677867502176
0.1622772827600958
0.23954709140375652
0.25504535792678057
0.1692042848157215
0.19393191408326788
0.2712406438939418
0.3318998145525239
0.1666887641684343
0.6120695582203051
0.23775148537916577
0.46228010621267274
0.17659875056183288
0.3776461859995407
0.15667556478277023
0.31863882625945034
0.12108498090184674
0.17225412186650446
0.18397717195347835
0.6978501501755229
0.180293347076369
0.10375150553124607
0.1835929293300811
0.21107455649603976
0.1834644938400899
0.2587328286089725
0.2508331441416775
0.6371741432293054
0.23500702457586248
0.5223183953298979
0.10739336897592835
0.49364661742991833
0.18702972196953063
0.16101216382621614
0.14487164180749829
0.33361633488185133
0.11632606500694537
0.396178535763864
0.1908399051561277
0.4066202810977326
0.2211857866138775
0.3141928582892985
0.2053776643162536
0.2746998088823502
0.23634229096799333
0.38348930232797906
0.25499221517528625
0.33595757187478287
0.1593725180198893
0.3532871892667503
0.05269697239880053
0.5736956072692204
0.529453778152541
0.06793120858633396
0.16780910702342763
0.1987485831396046
0.1023693845834773
0.6703460409370662
0.22261888239769845
0.3022766395208211
0.13992353125904158
0.2899389497808125
0.1629093984397463
0.15803017338470454
0.3077164670601808
0.4303501712559196
0.14691054284835983
0.33258188104585634
0.11541656986758797
0.22835411732657637
0.11791300055549354
0.028536091182920796
0.08869333063990774
0.592165484472035
0.16029570736610557
0.030291696882148875
0.19605938539126375
0.4011998038384372
0.1322624852329639
0.24581585913036758
0.19705559063370914
0.27836705731821043
0.1299896165083967
0.40711520936953566
0.261734310131477
0.4509013385431456
0.08381998866618842
0.2945839130027293
0.20590945412972103
0.1517381408875173
0.24105169300380222
0.22498715229985922
0.0727093047690595
0.4203475904534236
0.26495927875807734
0.18690437795835568
0.18298693833167468
0.3697082898718937
0.2832990873617486
0.34147148490027623
0.25175155471217875
0.3445915804252914
0.16562098055500132
0.2757532163003728
0.24478009886426622
0.40221274246348726
0.14446292707819514
0.4166095741818709
0.14572047694130097
0.32167756744914633
0.10059191717031783
0.3000745470712241
0.1669875456433803
0.4059586877996343
0.13275366849921602
0.4101871968991706
0.19402140113915156
0.527428966022914
0.3195830428855701
0.1558769569243648
0.16197181390600068
0.40077523351624433
0.1034350124474306
0.35436632232761617
0.11395023826214691
0.36734532799533376
0.2003014563102327
0.11372149049322218
0.12697977870511423
0.1533699846775762
0.17949134881659423
0.24439353919447163
0.16701878517100996
0.375711193604876
0.24875736833308063
0.4158699206482725
0.2420325170302524
0.33613572095211763
0.21666734248612554
0.07032854612460028
0.2130264288767943
0.4378313138641409
0.15364334316852077
0.4497617148001826
0.39740461610303396
0.07932454727258195
0.14259134510901955
0.5768039669593144
0.12371765476277033
0.4083355469463808
0.20541562477085243
0.2781538762987137
0.16293311787356143
0.4458416834482836
0.17689569638631752
0.0972935588823834
0.11296584439555163
0.416648813030831
0.2808508431534425
0.1969526029277098
0.07517095516221663
0.34492850853473916
0.2954584441169352
0.2414565544771988
0.13158810508552757
0.2731888769697626
0.10003148604314514
0.31144180852929715
0.1819863813586058
0.31091967290604183
0.18235847389139945
0.5509476585847332
0.20998673577157248
0.46321396762187467
0.10541508430960089
0.41747972034579134
0.18530642136742123
0.5479916915428553
0.21217106518090456
0.4385322803397718
0.22809179665213716
0.2872139754608051
0.12046219822002319
0.1830848734876809
0.08091196512259272
0.4921023362066065
0.1657482684675764
0.41577796586639876
0.10112639665290087
0.2466946181010034
0.3173131128711832
0.1457875872631135
0.2582046145985777
0.3633395423016875
0.11962101153225617
0.31780919322763396
0.2448350260889985
0.36062749479206313
0.13329953113195966
0.15333371514445254
0.14344566392888938
0.25729318335315376
0.2038212074343608
0.4929059088710544
0.1664765310787081
0.2761529203177104
0.1248871154282947
0.11729116121856671
0.2698777549187788
0.16015665861899
0.10281243018234741
0.06095792729415764
0.1574016369038133
0.3244029520519186
0.11631505663498536
0.22240210453140846
0.2906052272413565
0.48431107038761795
0.1898191715817977
0.4256492897914894
0.2141809921538311
0.21201768180979455
0.15734519693972276
0.4986586597062164
0.11324520740411062
0.37705797180274575
0.11442468789557535
0.26828895840119776
0.32104027301882193
0.21342646719654992
0.21144684769463915
0.4222366272601175
0.08976410028513611
0.48447030435311544
0.12135284627894011
0.20447619250171864
0.16412947511035253
0.2240814240404598
0.13904212958668355
0.4165687311837025
0.12939439748304407
0.47823661685404173
0.2881304721823084
0.23092414706998501
0.1361992826706501
0.34546433969369444
0.16117872998631105
0.3512459510086912
0.20577583944671474
0.22824919736989266
0.2293802123113498
0.3804260845420565
0.1993226341888948
0.27131073052866933
0.14351827827841254
0.5531776353035247
0.29699569037277324
0.07496806653502643
0.06305058048900143
0.2298807780132999
0.19148976943951923
0.21447221684870987
0.15944576664182727
0.23290159316758613
0.1142280631018484
0.5717678510549531
0.25032878560005756
0.3641652346119828
0.13467917136662197
0.15599708234451032
0.1502644608681644
0.493788356687357
0.1680867847274146
0.47443080190898285
0.13396293890475747
0.5209765263425984
0.31250374029761685
0.2920171679884595
0.22632211491588816
0.3374041641711019
0.1055873401502284
0.5762757626345228
0.20877840740842846
0.3010787661061472
0.12535484434197247
0.2281501314924011
0.20270301650444197
0.14706685180556525
0.13183302848679376
0.2653346773416543
0.11813372676759148
0.40804434036021037
0.22812693199181833
0.3372864764558465
0.15652554456062331
0.3219714513741861
0.3023336845275428
0.18578146166935008
0.08909598924755412
0.4067248038907877
0.378231523012031
0.2437325325023309
0.21045712366180466
0.3217735242371569
0.09832844044324089
0.31622973452855385
0.1952053928558337
0.39611175847227864
0.0813399096385031
0.34494174145788725
0.19766184381412705
0.3432787839351569
0.08938476492109837
0.09482356721828229
0.16450681870366368
0.2814984596760704
0.08861588853021773
0.5869780046986427
0.07930241736542487
0.35345997482034647
0.17669576367304343
0.3647429134335582
0.24088541778198183
0.2302237246679861
0.07903753854972909
0.46663180067372023
0.1587641637775981
0.46662189007803706
0.20311101718026156
0.3662447336140148
0.270557842429305
0.6393899352507832
0.08711420894435117
0.36967945195804486
0.16604023307620458
0.2969680890264121
0.3931604203121169
0.2919402611836881
0.11206170844673102
0.27630380724847026
0.21892135071755903
0.2611868254717305
0.22219761317349884
0.44625021602235576
0.20238124270791547
0.419361935921704
0.35272595226322634
0.27720552736191956
0.12022423091872989
0.36438053817403704
0.11082884326744609
0.35452462481469377
0.06403955652563395
0.34424062427319646
0.17783837606096137
0.4943941767456415
0.15215817230763506
0.39032820728202455
0.15086064231601307
0.4987499752380953
0.17537068654709595
0.08732757697314122
0.11712905403869618
0.4558696231380202
0.14354893103050265
0.3692356569997006
0.18861546198549023
0.17488794269474423
0.07378628666629018
0.4718029182826246
0.226283621590251
0.22285034754291974
0.235433977369452
0.264259640694526
0.1712586605109355
0.5305332494764111
0.14152195342066132
0.2884275702841182
0.15496617856809922
0.4015554410041032
0.18426020568750098
0.3584185031496001
0.11851467124368982
0.4661359058257586
0.16450902376465626
0.3705822700831764
0.18651380377870141
0.3875055197026227
0.1383209094822621
0.4481030320138445
0.1130891599579729
0.4376205509342547
0.2111524591379417
0.29358686789432564
0.24673059356310137
0.26236309305998085
0.11069714359458584
0.29262934507666916
0.1229536961624174
0.49021359885258087
0.26530248905730225
0.43424349240950144
0.13807454363495064
0.549511758927869
0.11118518876181158
0.20638380968477074
0.14854555866804015
0.33512353752012153
0.11628228282932908
0.2133672170226733
0.25841116442599704
0.17700940624723896
0.24401437785507638
0.056905950479716874
0.2226466433611778
0.2742690791904899
0.18014696389337215
0.38911624355711494
0.18402894717951448
0.2097884574994527
0.2407398325994273
0.3585439344069287
0.1210017111449255
0.42289172857836804
0.11207622272364366
0.27082296745290985
0.1704871130027143
0.596300072446751
0.24746499469621966
0.14116049730714253
0.08884208743608062
0.36011200493735324
0.12521606446458838
0.23000665816449883
0.1718464087492089
0.23348059491101159
0.0934997245985254
0.4938052472382206
0.15175177560740383
0.4666968357510039
0.10862846450171335
0.25202122628858037
0.10886477850985525
0.16145445178129958
0.11887123579739582
0.24079528795223504
0.25871728566139585
0.3118499570306213
0.4492882627000174
0.21649929099191026
0.2751203234950117
0.15903295821935845
0.22908406011767857
0.23445576683033556
0.12493072080157103
0.5077165611835004
0.15066409691761298
0.21078821148252164
0.1982808694756002
0.21202665681465718
0.25158261804027676
0.28842258216027444
0.19276679641473551
0.250237962347842
0.17234453458117055
0.26651198584679153
0.4414311628102395
0.1195971216208816
0.14843417429958675
0.45153180618866673
0.17298741283688804
0.2178867710532247
0.16310350180177036
0.19562400747352007
0.27518085725573144
0.4369895472434101
0.08394463770843094
0.4335948766994374
0.260996952664203
0.6034557187565622
0.12101455821511718
0.5325828792779577
0.3027775085768423
0.587026591987109
0.1446048865011142
0.5062972036264851
0.30232902507036985
0.46424437465628016
0.0991385979323906
0.27326525684762715
0.19339408082979184
0.35566954606769485
0.21002931271610792
0.16736281606139536
0.16182072456888852
0.488888278239518
0.21278489725542077
0.22692857136112232
0.11792156884980805
0.3544936869677657
0.22483912337491374
0.5165994329265178
0.16812544483212513
0.3116423117935046
0.20721837225497078
0.18415605827666814
0.0840347481700277
0.3391983864938049
0.14661814519356073
0.35886053070796137
0.14415681079990628
0.3558892891054736
0.15913424301513526
0.09341907995693413
0.11081412409977398
0.22392918188570246
0.18975632295130607
0.4796614531104201
0.11154801880804532
0.2766796177892399
0.18054347509671903
0.25609362819094095
0.10884048235835786
0.4628090982251756
0.28848662170020983
0.37065834659427305
0.11535717662980445
0.3478368568740235
0.18844046301153022
0.25058649863869265
0.15807399185191798
0.4457885001881498
0.1618733310338666
0.49880948938447367
0.14239072933305802
0.3941236113201033
0.08502343735700192
0.3648934504756148
0.10505987150191927
0.41466321804568146
0.10265337110879619
0.3683364149795678
0.13704496670801117
0.313003710680881
0.14653327198967547
0.3584438586445594
0.1748543290856717
0.2174719209461306
0.16259910854614276
0.1474243609448591
0.15961231186847682
0.46427626796983723
0.18606310354285732
0.4588524527557857
0.13554793764569167
0.41908134985942896
0.29186388985278916
0.28542342265483456
0.41248516555144293
0.31704575663458984
0.2279848209859606
0.20954970436629114
0.17509353043445072
0.4771936131173599
0.2153167274040741
0.21653473878341126
0.11766277406214731
0.24740357394346468
0.22352191726987194
0.3026649095947537
0.14357499851993755
0.21817832202123155
0.27562652321574577
0.35125486516203624
0.17112268259935634
0.4881747238438312
0.10156444801208674
0.4908699798317263
0.16357690943406317
0.19373540022411945
0.17186938703562105
0.408712273977673
0.13257030663010377
0.2307225307593517
0.2142042415546438
0.5368691599449527
0.11598290606809224
0.5419742009542521
0.2047932220558109
0.384432391715371
0.2585005415855051
0.5413968322773972
0.1589170264634965
0.10934867031656187
0.22597945592464783
0.44913997205770967
0.2804618877851314
0.3175954510064649
0.17643938590915578
0.47352081348130803
0.11445273347543984
0.47353427373316964
0.09594557311309344
0.40604972835848563
0.08777167025868927
0.2225800217899172
0.15835627111043016
0.15638640797716433
0.17256441463986685
0.46022504027921013
0.12326345930566718
0.3712275318453627
0.18752689140493886
0.2494948346158685
0.09712965767467832
0.3851464662956164
0.24913096756525455
0.18116588668952063
0.24481214716594502
0.44526282957372515
0.21535689889111956
0.03268935453630133
0.08210116016232763
0.2421397375483823
0.2650107628003047
0.22976502366548415
0.46528420691014233
0.22186796343771756
0.47964833961976766
0.06644192727487641
0.2828818930225121
0.5865682931253615
0.16714695001704263
0.4331481941553023
0.1358948361785676
0.3017557238893735
0.1870914068042673
0.3364806004809182
0.19927476332942845
0.5458024265244709
0.2207691040431146
0.4343693039338765
0.14353620205369866
0.3504459835695083
0.13924760572447892
0.3286954112852803
0.39645959251858337
0.2225942687941447
0.1952039789553475
0.45251172515195637
0.15770191691922975
0.1187177097151051
0.10897044278151713
0.3550141801393287
0.11670077163412478
0.3015690352141611
0.11306708185851447
0.3135190026138762
0.15024352764761603
0.29822896069966076
0.19527841252939376
0.4070214752319592
0.10542716917379516
0.2846522228966425
0.2930465652417726
0.47291678908662227
0.4227195799818116
0.30123718777733965
0.13789581610767052
0.2269653191569158
0.1658779964311122
0.3301978172247662
0.32854488917041486
0.38249149559173123
0.26331577791693433
0.21140969348636793
0.08934085123838781
0.459522568542613
0.09697607746243495
0.3232032790675238
0.11726454920392582
0.48214669489689604
0.13714816404166658
0.17592624051005007
0.1596283536844262
0.2907279092209762
0.1186646649175735
0.38809573290620014
0.11170694741151872
0.36360967671391864
0.3619501636966067
0.19220281215424484
0.24131435887654967
0.2344391390105331
0.2321452952355496
0.1990596382996819
0.0706926552054743
0.3341338825979789
0.3794934210233428
0.2430211031988782
0.1369140434725393
0.35067383292740867
0.11488415425984527
0.27374508013843807
0.20541760416283597
0.1906420522864773
0.3850523548817746
0.026219366887856043
0.16421723813290745
0.19276747988185183
0.13972579325235623
0.3495605253743616
0.2566603709184574
0.3350202173003903
0.31394847172744755
0.44364585301792275
0.15194199189164245
0.3195220945412072
0.11367716085476484
0.14705950122314454
0.23017089238215752
0.3798548406957583
0.16774135029860598
0.2810568472747115
0.1439564461912001
0.27591929689675515
0.36388893868871486
0.2754399384620911
0.06409775893118311
0.47242197525094076
0.2231634544453913
0.21208000235760074
0.16898343054868017
0.3040574723633672
0.4900850568013687
0.260363904756401
0.12583759613088644
0.3830476642664734
0.21797175642729535
0.5682179921473807
0.17987329874108643
0.2503725296433299
0.14256641995925892
0.331603956701363
0.14794144449747526
0.35276772882450663
0.19914164833103093
0.1962839680157294
0.10265431018715146
0.26341878615618886
0.2604879031740256
0.0650610743839975
0.11377951485219134
0.42557934395362723
0.17950843573492486
0.3836299708052024
0.13390973676323906
0.18589195141264203
0.10590563771584664
0.35590167757401836
0.2020175083996425
0.3947721794909053
0.11920170216905458
0.5214225931046728
0.3399624076276684
0.06715979898719161
0.18178770420465767
0.3812971909154331
0.12522405719349494
0.32119941547269276
0.24133307543724733
0.2676761741358398
0.10037287332740946
0.29079668791098745
0.4064204213619197
0.1763563406855574
0.2642586112125769
0.34095250930298254
0.44643609912282
0.13835169171354605
SCALARS r_d double 1
LOOKUP_TABLE default
0.144349
0.09093417181563752
0.09093417181563752
0.144349
0.144349
0.03608725
0.03608725
0.0090218125
0.0090218125
0.0008950771658224907
0.0008950771658224907
0.0721745
0.0721745
0.007160617326579926
0.007160617326579926
0.0014208464346193363
0.0014208464346193363
0.11456987722527881
0.11456987722527881
0.04546708590781876
0.04546708590781876
0.02273354295390938
0.02273354295390938
0.0028416928692386726
0.0028416928692386726
0.018043625
0.018043625
0.0028416928692386726
0.0028416928692386726
0.01136677147695469
0.01136677147695469
0.005683385738477345
0.005683385738477345
0.002255453125
0.002255453125
0.028642469306319703
0.028642469306319703
0.0017901543316449814
0.0017901543316449814
0.00056386328125
0.00056386328125
0.09093417181563752
0.09093417181563752
0.04546708590781876
0.04546708590781876
0.007160617326579926
0.007160617326579926
0.09093417181563752
0.09093417181563752
0.057284938612639405
0.057284938612639405
0.01136677147695469
0.01136677147695469
0.028642469306319703
0.028642469306319703
0.03608725
0.03608725
0.0011277265625
0.0011277265625
0.00451090625
0.00451090625
0.03608725
0.03608725
0.01136677147695469
0.01136677147695469
0.014321234653159851
0.014321234653159851
0.0028416928692386726
0.0028416928692386726
0.0011277265625
0.0011277265625
0.0008950771658224907
0.0008950771658224907
0.014321234653159851
0.014321234653159851
0.0014208464346193363
0.0014208464346193363
0.0017901543316449814
0.0017901543316449814
0.00056386328125
0.00056386328125
0.01136677147695469
0.01136677147695469
0.00022376929145562268
0.00022376929145562268
0.0017901543316449814
0.0017901543316449814
0.057284938612639405
0.057284938612639405
0.028642469306319703
0.028642469306319703
0.0028416928692386726
0.0028416928692386726
0.01136677147695469
0.01136677147695469
0.00056386328125
0.00056386328125
0.0007104232173096682
0.0007104232173096682
0.005683385738477345
0.005683385738477345
0.028642469306319703
0.028642469306319703
0.03608725
0.03608725
0.005683385738477345
0.005683385738477345
0.003580308663289963
0.003580308663289963
0.0090218125
0.0090218125
0.018043625
0.018043625
0.007160617326579926
0.007160617326579926
0.018043625
0.018043625
0.000281931640625
0.000281931640625
0.003580308663289963
0.003580308663289963
0.005683385738477345
0.005683385738477345
0.018043625
0.018043625
0.00451090625
0.00451090625
0.057284938612639405
0.057284938612639405
0.0028416928692386726
0.0028416928692386726
0.00056386328125
0.00056386328125
0.007160617326579926
0.007160617326579926
0.03608725
0.03608725
0.0090218125
0.0090218125
0.00044753858291124535
0.00044753858291124535
0.00011188464572781134
0.00011188464572781134
0.0017901543316449814
0.0017901543316449814
0.018043625
0.018043625
0.028642469306319703
0.028642469306319703
0.014321234653159851
0.014321234653159851
0.005683385738477345
0.005683385738477345
0.0721745
0.0721745
0.014321234653159851
0.014321234653159851
0.0011277265625
0.0011277265625
0.0017901543316449814
0.0017901543316449814
0.0721745
0.0721745
0.0008950771658224907
0.0008950771658224907
0.01136677147695469
0.01136677147695469
0.007160617326579926
0.007160617326579926
0.11456987722527881
0.11456987722527881
0.00017760580432741704
0.00017760580432741704
0.01136677147695469
0.01136677147695469
0.0008950771658224907
0.0008950771658224907
0.00451090625
0.00451090625
0.04546708590781876
0.04546708590781876
0.005683385738477345
0.005683385738477345
0.002255453125
0.002255453125
0.00451090625
0.00451090625
0.003580308663289963
0.003580308663289963
0.018043625
0.018043625
0.000281931640625
0.000281931640625
0.028642469306319703
0.028642469306319703
0.00451090625
0.00451090625
0.02273354295390938
0.02273354295390938
0.02273354295390938
0.02273354295390938
0.005683385738477345
0.005683385738477345
0.028642469306319703
0.028642469306319703
0.007160617326579926
0.007160617326579926
0.014321234653159851
0.014321234653159851
0.003580308663289963
0.003580308663289963
0.0090218125
0.0090218125
0.02273354295390938
0.02273354295390938
0.028642469306319703
0.028642469306319703
0.028642469306319703
0.028642469306319703
0.0011277265625
0.0011277265625
0.057284938612639405
0.057284938612639405
0.028642469306319703
0.028642469306319703
0.002255453125
0.002255453125
0.002255453125
0.002255453125
0.0011277265625
0.0011277265625
0.0090218125
0.0090218125
0.018043625
0.018043625
0.005683385738477345
0.005683385738477345
0.0003552116086548341
0.0003552116086548341
0.0014208464346193363
0.0014208464346193363
0.002255453125
0.002255453125
0.007160617326579926
0.007160617326579926
0.0003552116086548341
0.0003552116086548341
0.00044753858291124535
0.00044753858291124535
0.00044753858291124535
0.00044753858291124535
0.0011277265625
0.0011277265625
0.00022376929145562268
0.00022376929145562268
0.0011277265625
0.0011277265625
0.00044753858291124535
0.00044753858291124535
0.0001409658203125
0.0001409658203125
0.01136677147695469
0.01136677147695469
0.003580308663289963
0.003580308663289963
0.01136677147695469
0.01136677147695469
0.04546708590781876
0.04546708590781876
0.007160617326579926
0.007160617326579926
0.003580308663289963
0.003580308663289963
0.0003552116086548341
0.0003552116086548341
0.01136677147695469
0.01136677147695469
0.0008950771658224907
0.0008950771658224907
0.0003552116086548341
0.0003552116086548341
0.0721745
0.0721745
0.04546708590781876
0.04546708590781876
0.00056386328125
0.00056386328125
0.0011277265625
0.0011277265625
0.01136677147695469
0.01136677147695469
0.00451090625
0.00451090625
0.018043625
0.018043625
0.00451090625
0.00451090625
0.01136677147695469
0.01136677147695469
0.0008950771658224907
0.0008950771658224907
0.0090218125
0.0090218125
0.0014208464346193363
0.0014208464346193363
0.003580308663289963
0.003580308663289963
0.0090218125
0.0090218125
0.014321234653159851
0.014321234653159851
0.057284938612639405
0.057284938612639405
0.014321234653159851
0.014321234653159851
0.0090218125
0.0090218125
0.005683385738477345
0.005683385738477345
0.018043625
0.018043625
0.007160617326579926
0.007160617326579926
0.0017901543316449814
0.0017901543316449814
0.005683385738477345
0.005683385738477345
0.0014208464346193363
0.0014208464346193363
0.0090218125
0.0090218125
0.0011277265625
0.0011277265625
0.0008950771658224907
0.0008950771658224907
0.003580308663289963
0.003580308663289963
0.0011277265625
0.0011277265625
0.0007104232173096682
0.0007104232173096682
0.005683385738477345
0.005683385738477345
0.0008950771658224907
0.0008950771658224907
0.0028416928692386726
0.0028416928692386726
0.00022376929145562268
0.00022376929145562268
0.02273354295390938
0.02273354295390938
0.002255453125
0.002255453125
0.002255453125
0.002255453125
0.0008950771658224907
0.0008950771658224907
0.002255453125
0.002255453125
0.0008950771658224907
0.0008950771658224907
0.014321234653159851
0.014321234653159851
0.014321234653159851
0.014321234653159851
0.007160617326579926
0.007160617326579926
0.007160617326579926
0.007160617326579926
0.00044753858291124535
0.00044753858291124535
0.005683385738477345
0.005683385738477345
0.03608725
0.03608725
0.000281931640625
0.000281931640625
0.014321234653159851
0.014321234653159851
0.018043625
0.018043625
0.014321234653159851
0.014321234653159851
0.000281931640625
0.000281931640625
0.00451090625
0.00451090625
0.00044753858291124535
0.00044753858291124535
0.0721745
0.0721745
0.0090218125
0.0090218125
0.0003552116086548341
0.0003552116086548341
0.02273354295390938
0.02273354295390938
0.00451090625
0.00451090625
0.03608725
0.03608725
0.02273354295390938
0.02273354295390938
0.014321234653159851
0.014321234653159851
0.028642469306319703
0.028642469306319703
0.00056386328125
0.00056386328125
0.0090218125
0.0090218125
0.0003552116086548341
0.0003552116086548341
0.02273354295390938
0.02273354295390938
0.00056386328125
0.00056386328125
0.003580308663289963
0.003580308663289963
0.002255453125
0.002255453125
0.014321234653159851
0.014321234653159851
0.007160617326579926
0.007160617326579926
0.057284938612639405
0.057284938612639405
0.00451090625
0.00451090625
0.0028416928692386726
0.0028416928692386726
0.04546708590781876
0.04546708590781876
0.00451090625
0.00451090625
0.00451090625
0.00451090625
0.02273354295390938
0.02273354295390938
0.0090218125
0.0090218125
0.00451090625
0.00451090625
0.00451090625
0.00451090625
0.002255453125
0.002255453125
0.0090218125
0.0090218125
0.003580308663289963
0.003580308663289963
0.00451090625
0.00451090625
0.00044753858291124535
0.00044753858291124535
0.018043625
0.018043625
0.0014208464346193363
0.0014208464346193363
0.002255453125
0.002255453125
0.028642469306319703
0.028642469306319703
0.0001409658203125
0.0001409658203125
0.0090218125
0.0090218125
0.04546708590781876
0.04546708590781876
0.02273354295390938
0.02273354295390938
0.0008950771658224907
0.0008950771658224907
0.005683385738477345
0.005683385738477345
0.0011277265625
0.0011277265625
0.00044753858291124535
0.00044753858291124535
0.0003552116086548341
0.0003552116086548341
0.09093417181563752
0.09093417181563752
0.007160617326579926
0.007160617326579926
0.003580308663289963
0.003580308663289963
0.057284938612639405
0.057284938612639405
0.003580308663289963
0.003580308663289963
0.0017901543316449814
0.0017901543316449814
0.018043625
0.018043625
0.03608725
0.03608725
0.0017901543316449814
0.0017901543316449814
0.0008950771658224907
0.0008950771658224907
0.002255453125
0.002255453125
0.02273354295390938
0.02273354295390938
0.0090218125
0.0090218125
0.014321234653159851
0.014321234653159851
0.00056386328125
0.00056386328125
0.000281931640625
0.000281931640625
0.007160617326579926
0.007160617326579926
0.0014208464346193363
0.0014208464346193363
0.04546708590781876
0.04546708590781876
0.0028416928692386726
0.0028416928692386726
0.0028416928692386726
0.0028416928692386726
0.0008950771658224907
0.0008950771658224907
0.01136677147695469
0.01136677147695469
0.0014208464346193363
0.0014208464346193363
0.018043625
0.018043625
0.005683385738477345
0.005683385738477345
0.01136677147695469
0.01136677147695469
0.0014208464346193363
0.0014208464346193363
0.00044753858291124535
0.00044753858291124535
0.0007104232173096682
0.0007104232173096682
0.0007104232173096682
0.0007104232173096682
0.04546708590781876
0.04546708590781876
0.02273354295390938
0.02273354295390938
0.0008950771658224907
0.0008950771658224907
0.02273354295390938
0.02273354295390938
0.02273354295390938
0.02273354295390938
0.003580308663289963
0.003580308663289963
0.0011277265625
0.0011277265625
0.0028416928692386726
0.0028416928692386726
0.03608725
0.03608725
0.003580308663289963
0.003580308663289963
0.0090218125
0.0090218125
0.002255453125
0.002255453125
0.014321234653159851
0.014321234653159851
0.057284938612639405
0.057284938612639405
0.005683385738477345
0.005683385738477345
0.00056386328125
0.00056386328125
0.0028416928692386726
0.0028416928692386726
0.0017901543316449814
0.0017901543316449814
0.005683385738477345
0.005683385738477345
0.014321234653159851
0.014321234653159851
0.02273354295390938
0.02273354295390938
0.0007104232173096682
0.0007104232173096682
0.0014208464346193363
0.0014208464346193363
0.028642469306319703
0.028642469306319703
0.007160617326579926
0.007160617326579926
0.02273354295390938
0.02273354295390938
0.00451090625
0.00451090625
0.0007104232173096682
0.0007104232173096682
0.03608725
0.03608725
0.005683385738477345
0.005683385738477345
0.03608725
0.03608725
0.0090218125
0.0090218125
0.0014208464346193363
0.0014208464346193363
0.007160617326579926
0.007160617326579926
0.0028416928692386726
0.0028416928692386726
0.014321234653159851
0.014321234653159851
0.028642469306319703
0.028642469306319703
0.002255453125
0.002255453125
0.0028416928692386726
0.0028416928692386726
0.0017901543316449814
0.0017901543316449814
0.04546708590781876
0.04546708590781876
0.03608725
0.03608725
0.0007104232173096682
0.0007104232173096682
0.0017901543316449814
0.0017901543316449814
0.00451090625
0.00451090625
0.00451090625
0.00451090625
0.018043625
0.018043625
0.00451090625
0.00451090625
0.01136677147695469
0.01136677147695469
0.0090218125
0.0090218125
0.0014208464346193363
0.0014208464346193363
0.007160617326579926
0.007160617326579926
0.003580308663289963
0.003580308663289963
0.007160617326579926
0.007160617326579926
0.0028416928692386726
0.0028416928692386726
0.005683385738477345
0.005683385738477345
0.00017760580432741704
0.00017760580432741704
0.003580308663289963
0.003580308663289963
0.002255453125
0.002255453125
0.00451090625
0.00451090625
0.00011188464572781134
0.00011188464572781134
0.0007104232173096682
0.0007104232173096682
0.0090218125
0.0090218125
0.0003552116086548341
0.0003552116086548341
0.007160617326579926
0.007160617326579926
0.00017760580432741704
0.00017760580432741704
0.0008950771658224907
0.0008950771658224907
0.0090218125
0.0090218125
0.003580308663289963
0.003580308663289963
0.0028416928692386726
0.0028416928692386726
0.005683385738477345
0.005683385738477345
0.00044753858291124535
0.00044753858291124535
0.014321234653159851
0.014321234653159851
0.028642469306319703
0.028642469306319703
0.0017901543316449814
0.0017901543316449814
0.0007104232173096682
0.0007104232173096682
0.0007104232173096682
0.0007104232173096682
0.0028416928692386726
0.0028416928692386726
0.014321234653159851
0.014321234653159851
0.0017901543316449814
0.0017901543316449814
0.000281931640625
0.000281931640625
0.005683385738477345
0.005683385738477345
0.0014208464346193363
0.0014208464346193363
0.00451090625
0.00451090625
0.018043625
0.018043625
0.01136677147695469
0.01136677147695469
0.0007104232173096682
0.0007104232173096682
0.00044753858291124535
0.00044753858291124535
0.0007104232173096682
0.0007104232173096682
0.00056386328125
0.00056386328125
0.005683385738477345
0.005683385738477345
0.002255453125
0.002255453125
0.0011277265625
0.0011277265625
0.005683385738477345
0.005683385738477345
0.003580308663289963
0.003580308663289963
0.01136677147695469
0.01136677147695469
0.0008950771658224907
0.0008950771658224907
0.0008950771658224907
0.0008950771658224907
0.018043625
0.018043625
0.0028416928692386726
0.0028416928692386726
0.018043625
0.018043625
0.000281931640625
0.000281931640625
0.018043625
0.018043625
0.0028416928692386726
0.0028416928692386726
0.00022376929145562268
0.00022376929145562268
0.014321234653159851
0.014321234653159851
0.003580308663289963
0.003580308663289963
0.02273354295390938
0.02273354295390938
0.0007104232173096682
0.0007104232173096682
0.005683385738477345
0.005683385738477345
0.0014208464346193363
0.0014208464346193363
0.02273354295390938
0.02273354295390938
0.04546708590781876
0.04546708590781876
0.00044753858291124535
0.00044753858291124535
0.00451090625
0.00451090625
0.003580308663289963
0.003580308663289963
0.0007104232173096682
0.0007104232173096682
0.00011188464572781134
0.00011188464572781134
0.00044753858291124535
0.00044753858291124535
0.014321234653159851
0.014321234653159851
0.057284938612639405
0.057284938612639405
0.01136677147695469
0.01136677147695469
0.0007104232173096682
0.0007104232173096682
0.00451090625
0.00451090625
0.00044753858291124535
0.00044753858291124535
0.01136677147695469
0.01136677147695469
0.005683385738477345
0.005683385738477345
0.0090218125
0.0090218125
0.057284938612639405
0.057284938612639405
0.014321234653159851
0.014321234653159851
0.00451090625
0.00451090625
0.002255453125
0.002255453125
0.0090218125
0.0090218125
0.0017901543316449814
0.0017901543316449814
0.007160617326579926
0.007160617326579926
0.00056386328125
0.00056386328125
0.005683385738477345
0.005683385738477345
0.00451090625
0.00451090625
0.0007104232173096682
0.0007104232173096682
0.014321234653159851
0.014321234653159851
0.02273354295390938
0.02273354295390938
0.002255453125
0.002255453125
0.007160617326579926
0.007160617326579926
0.003580308663289963
0.003580308663289963
0.00451090625
0.00451090625
0.0090218125
0.0090218125
0.0028416928692386726
0.0028416928692386726
0.018043625
0.018043625
0.0011277265625
0.0011277265625
0.0014208464346193363
0.0014208464346193363
0.028642469306319703
0.028642469306319703
0.007160617326579926
0.007160617326579926
0.018043625
0.018043625
0.002255453125
0.002255453125
0.0014208464346193363
0.0014208464346193363
0.005683385738477345
0.005683385738477345
0.007160617326579926
0.007160617326579926
0.005683385738477345
0.005683385738477345
0.0028416928692386726
0.0028416928692386726
0.02273354295390938
0.02273354295390938
0.0011277265625
0.0011277265625
0.007160617326579926
0.007160617326579926
0.0028416928692386726
0.0028416928692386726
0.0003552116086548341
0.0003552116086548341
0.003580308663289963
0.003580308663289963
0.00056386328125
0.00056386328125
0.00056386328125
0.00056386328125
0.00451090625
0.00451090625
0.00022376929145562268
0.00022376929145562268
0.0721745
0.0721745
0.0008950771658224907
0.0008950771658224907
0.007160617326579926
0.007160617326579926
0.00056386328125
0.00056386328125
0.00451090625
0.00451090625
0.003580308663289963
0.003580308663289963
0.00451090625
0.00451090625
0.0090218125
0.0090218125
0.0014208464346193363
0.0014208464346193363
0.0007104232173096682
0.0007104232173096682
0.04546708590781876
0.04546708590781876
0.005683385738477345
0.005683385738477345
0.0011277265625
0.0011277265625
0.014321234653159851
0.014321234653159851
0.01136677147695469
0.01136677147695469
0.0007104232173096682
0.0007104232173096682
0.0017901543316449814
0.0017901543316449814
0.0017901543316449814
0.0017901543316449814
0.0028416928692386726
0.0028416928692386726
0.0017901543316449814
0.0017901543316449814
0.0090218125
0.0090218125
0.01136677147695469
0.01136677147695469
0.03608725
0.03608725
0.007160617326579926
0.007160617326579926
0.01136677147695469
0.01136677147695469
0.028642469306319703
0.028642469306319703
0.003580308663289963
0.003580308663289963
0.0001409658203125
0.0001409658203125
0.02273354295390938
0.02273354295390938
0.0014208464346193363
0.0014208464346193363
0.0028416928692386726
0.0028416928692386726
0.0721745
0.0721745
0.0090218125
0.0090218125
0.003580308663289963
0.003580308663289963
0.00044753858291124535
0.00044753858291124535
0.0007104232173096682
0.0007104232173096682
0.005683385738477345
0.005683385738477345
0.01136677147695469
0.01136677147695469
0.0028416928692386726
0.0028416928692386726
0.00451090625
0.00451090625
0.00056386328125
0.00056386328125
0.0011277265625
0.0011277265625
0.01136677147695469
0.01136677147695469
0.04546708590781876
0.04546708590781876
0.028642469306319703
0.028642469306319703
0.0008950771658224907
0.0008950771658224907
0.007160617326579926
0.007160617326579926
8.880290216370852e-05
8.880290216370852e-05
0.018043625
0.018043625
0.00451090625
0.00451090625
0.014321234653159851
0.014321234653159851
0.0003552116086548341
0.0003552116086548341
0.03608725
0.03608725
0.0007104232173096682
0.0007104232173096682
0.00022376929145562268
0.00022376929145562268
0.02273354295390938
0.02273354295390938
0.007160617326579926
0.007160617326579926
0.014321234653159851
0.014321234653159851
0.014321234653159851
0.014321234653159851
0.057284938612639405
0.057284938612639405
0.014321234653159851
0.014321234653159851
0.003580308663289963
0.003580308663289963
0.005683385738477345
0.005683385738477345
0.00451090625
0.00451090625
0.00017760580432741704
0.00017760580432741704
0.0011277265625
0.0011277265625
0.0011277265625
0.0011277265625
0.01136677147695469
0.01136677147695469
0.00056386328125
0.00056386328125
0.000281931640625
0.000281931640625
0.03608725
0.03608725
0.00017760580432741704
0.00017760580432741704
0.0090218125
0.0090218125
0.00451090625
0.00451090625
0.00451090625
0.00451090625
0.003580308663289963
0.003580308663289963
0.018043625
0.018043625
0.014321234653159851
0.014321234653159851
0.003580308663289963
0.003580308663289963
0.018043625
0.018043625
0.028642469306319703
0.028642469306319703
0.028642469306319703
0.028642469306319703
0.005683385738477345
0.005683385738477345
0.0007104232173096682
0.0007104232173096682
0.0090218125
0.0090218125
0.014321234653159851
0.014321234653159851
0.0008950771658224907
0.0008950771658224907
0.007160617326579926
0.007160617326579926
0.00044753858291124535
0.00044753858291124535
0.007160617326579926
0.007160617326579926
0.04546708590781876
0.04546708590781876
0.00451090625
0.00451090625
0.0017901543316449814
0.0017901543316449814
0.0028416928692386726
0.0028416928692386726
0.01136677147695469
0.01136677147695469
0.0017901543316449814
0.0017901543316449814
0.00451090625
0.00451090625
0.000281931640625
0.000281931640625
0.03608725
0.03608725
0.04546708590781876
0.04546708590781876
0.00056386328125
0.00056386328125
0.01136677147695469
0.01136677147695469
0.003580308663289963
0.003580308663289963
0.002255453125
0.002255453125
0.0001409658203125
0.0001409658203125
0.01136677147695469
0.01136677147695469
0.003580308663289963
0.003580308663289963
0.02273354295390938
0.02273354295390938
0.01136677147695469
0.01136677147695469
0.00451090625
0.00451090625
0.028642469306319703
0.028642469306319703
0.018043625
0.018043625
0.002255453125
0.002255453125
0.003580308663289963
0.003580308663289963
0.02273354295390938
0.02273354295390938
0.0008950771658224907
0.0008950771658224907
0.057284938612639405
0.057284938612639405
0.03608725
0.03608725
0.00056386328125
0.00056386328125
0.0011277265625
0.0011277265625
0.0090218125
0.0090218125
0.0007104232173096682
0.0007104232173096682
0.00022376929145562268
0.00022376929145562268
0.0003552116086548341
0.0003552116086548341
0.0008950771658224907
0.0008950771658224907
0.007160617326579926
0.007160617326579926
0.002255453125
0.002255453125
0.02273354295390938
0.02273354295390938
0.02273354295390938
0.02273354295390938
0.03608725
0.03608725
0.0001409658203125
0.0001409658203125
0.002255453125
0.002255453125
0.057284938612639405
0.057284938612639405
0.00451090625
0.00451090625
POINT_DATA 1150
SCALARS boundary_id int 1
LOOKUP_TABLE default
0
25555
25555
25555
25555
25555
25555
25555
25555
25555
25555
25555
25555
25555
25555
25555
25555
25555
25555
25555
25555
25555
25555
25555
25555
25555
25555
25555
25555
25555
25555
25555
25555
25555
25555
25555
25555
25555
25555
25555
25555
25555
25555
25555
25555
25555
25555
25555
25555
25555
25555
25555
25555
25555
25555
25555
25555
25555
25555
25555
25555
25555
25555
25555
25555
25555
25555
25555
25555
25555
25555
25555
1
2
25555
25555
25555
25555
25555
25555
25555
25555
25555
25555
25555
25555
25555
3
25555
25555
25555
25555
25555
4
25555
25555
25555
25555
25555
25555
25555
5
25555
25555
25555
25555
25555
25555
25555
25555
25555
6
25555
7
25555
25555
25555
25555
25555
25555
25555
25555
25555
25555
25555
25555
25555
25555
25555
25555
25555
25555
25555
25555
25555
25555
25555
8
25555
25555
25555
9
10
11
25555
25555
25555
25555
25555
12
25555
13
25555
25555
25555
25555
25555
25555
25555
25555
25555
25555
25555
25555
25555
14
15
16
25555
25555
25555
25555
25555
17
25555
25555
25555
25555
25555
18
25555
19
25555
25555
25555
25555
25555
25555
25555
25555
25555
25555
25555
20
25555
25555
25555
25555
25555
25555
25555
25555
25555
21
25555
22
25555
23
25555
25555
25555
25555
25555
25555
25555
24
25555
25555
25555
25555
25555
25
25555
25555
25555
25555
25555
25555
25555
26
25555
27
25555
25555
25555
25555
28
29
30
31
25555
25555
25555
25555
25555
25555
25555
32
25555
25555
25555
33
25555
25555
34
25555
25555
35
36
37
25555
38
25555
25555
25555
39
25555
40
25555
25555
25555
25555
41
42
25555
43
25555
44
45
25555
25555
25555
25555
25555
25555
46
47
48
25555
25555
25555
25555
25555
25555
25555
25555
25555
25555
25555
25555
25555
25555
25555
49
25555
25555
50
51
25555
25555
52
25555
25555
53
25555
25555
25555
25555
54
25555
25555
25555
55
56
25555
57
25555
25555
58
59
25555
60
25555
61
25555
25555
25555
62
25555
63
25555
64
25555
25555
65
25555
25555
25555
25555
66
67
68
25555
69
25555
25555
25555
70
25555
71
25555
72
73
74
25555
25555
75
76
25555
25555
25555
77
25555
25555
25555
25555
78
79
80
81
25555
82
25555
83
25555
84
25555
85
25555
86
25555
25555
25555
25555
25555
25555
25555
87
25555
88
25555
89
90
25555
25555
91
25555
92
25555
93
94
95
96
97
25555
98
25555
99
25555
100
25555
101
102
25555
25555
25555
25555
103
104
105
106
107
25555
25555
25555
108
109
110
25555
25555
25555
111
25555
112
25555
113
114
115
25555
25555
25555
116
25555
117
25555
118
25555
25555
25555
25555
25555
119
25555
25555
25555
120
121
122
25555
123
25555
124
25555
125
25555
126
127
128
129
130
131
132
25555
133
134
135
25555
136
137
25555
25555
138
25555
25555
25555
139
25555
25555
25555
140
25555
25555
25555
141
25555
142
25555
25555
25555
25555
143
144
25555
145
25555
25555
25555
146
25555
147
148
149
25555
150
25555
151
25555
152
25555
25555
25555
25555
25555
153
25555
154
25555
155
156
157
25555
158
25555
159
25555
160
25555
161
162
163
164
165
25555
25555
25555
166
25555
167
25555
168
25555
169
170
171
25555
172
173
174
25555
25555
25555
175
25555
176
177
178
25555
25555
25555
179
25555
25555
180
181
25555
182
25555
183
184
185
186
187
25555
188
25555
189
25555
190
191
192
193
194
25555
195
196
197
198
199
25555
200
25555
201
25555
202
25555
203
25555
204
205
206
25555
207
208
209
210
211
25555
25555
25555
212
213
214
25555
215
25555
216
25555
217
25555
218
25555
219
25555
220
25555
221
25555
222
25555
223
25555
224
225
226
25555
227
25555
228
25555
229
25555
230
25555
231
25555
232
25555
233
25555
234
25555
235
236
237
25555
238
25555
239
25555
240
25555
241
25555
25555
242
25555
25555
243
25555
244
245
246
25555
247
25555
248
25555
249
25555
250
25555
251
25555
252
25555
253
254
255
25555
256
257
258
25555
259
25555
260
25555
261
25555
262
25555
263
25555
264
25555
265
266
267
25555
268
25555
269
25555
270
25555
271
272
273
25555
274
275
276
277
278
279
280
281
282
25555
283
284
285
25555
286
287
288
25555
289
25555
290
25555
291
292
25555
25555
25555
25555
293
25555
294
295
296
25555
297
298
25555
25555
299
300
301
302
303
25555
304
305
306
25555
307
25555
25555
25555
308
309
310
311
312
25555
313
25555
314
25555
315
316
317
318
319
25555
320
25555
321
25555
322
323
324
325
326
25555
327
328
329
25555
330
331
332
25555
333
334
335
336
337
338
25555
339
340
341
342
343
344
25555
345
346
347
348
349
25555
350
25555
351
25555
352
353
354
355
356
25555
357
358
359
25555
25555
25555
360
361
362
25555
363
25555
364
25555
365
25555
366
25555
367
368
369
25555
370
371
372
373
374
25555
25555
25555
375
25555
376
25555
377
378
379
25555
380
25555
381
25555
382
25555
383
384
385
25555
386
25555
387
25555
388
25555
389
390
391
392
393
394
395
396
397
25555
398
25555
399
25555
400
25555
401
402
403
404
405
406
407
408
409
410
411
412
413
414
415
416
417
418
419
25555
420
421
422
423
424
25555
425
426
427
25555
428
429
430
431
432
433
434
25555
435
436
437
438
439
25555
440
25555
441
25555
442
443
444
445
446
25555
447
448
449
450
25555
25555
451
25555
25555
452
453
454
455
25555
456
25555
457
458
459
460
461
25555
462
25555
463
25555
464
465
466
25555
467
25555
468
25555
469
25555
470
471
472
25555
473
474
475
25555
476
25555
477
478
479
25555
480
25555
481
482
483
484
485
486
487
488
489
25555
490
491
492
25555
493
25555
494
495
496
25555
497
25555
498
25555
499
25555
500
25555
501
502
503
25555
504
25555
505
506
507
508
509
25555
510
511
512
513
514
25555
515
516
517
25555
518
519
520
521
522
523
524
525
526
25555
527
25555
528
529
530
531
532
533
534
535
536
25555
537
538
539
25555
540
541
542
543
544
545
546
25555
547
548
549
25555
550
25555
551
552
553
25555
554
555
556
557
558
559
560
25555
561
562
563
25555
564
565
566
25555
567
568
569
570
571
572
573
574
575
SCALARS R1 double 1
LOOKUP_TABLE default
0.0
0.0
0.0
0.0
0.0
0.0
0.0
0.0
0.0
0.0
0.0
0.0
0.0
0.0
0.0
0.0
0.0
0.0
0.0
0.0
0.0
0.0
0.0
0.0
0.0
0.0
0.0
0.0
0.0
0.0
0.0
0.0
0.0
0.0
0.0
0.0
0.0
0.0
0.0
0.0
0.0
0.0
0.0
0.0
0.0
0.0
0.0
0.0
0.0
0.0
0.0
0.0
0.0
0.0
0.0
0.0
0.0
0.0
0.0
0.0
0.0
0.0
0.0
0.0
0.0
0.0
0.0
0.0
0.0
0.0
0.0
0.0
0.0
0.0
0.0
0.0
0.0
0.0
0.0
0.0
0.0
0.0
0.0
0.0
0.0
0.0
0.0
0.0
0.0
0.0
0.0
0.0
0.0
0.0
0.0
0.0
0.0
0.0
0.0
0.0
0.0
0.0
0.0
0.0
0.0
0.0
0.0
0.0
0.0
0.0
0.0
0.0
0.0
0.0
0.0
0.0
0.0
0.0
0.0
0.0
0.0
0.0
0.0
0.0
0.0
0.0
0.0
0.0
0.0
0.0
0.0
0.0
0.0
0.0
0.0
0.0
0.0
0.0
0.0
0.0
0.0
0.0
0.0
0.0
0.0
0.0
0.0
0.0
0.0
0.0
0.0
0.0
0.0
0.0
0.0
0.0
0.0
0.0
0.0
0.0
0.0
0.0
0.0
0.0
0.0
0.0
0.0
0.0
0.0
0.0
0.0
0.0
0.0
0.0
0.0
0.0
0.0
0.0
0.0
0.0
0.0
0.0
0.0
0.0
0.0
0.0
0.0
0.0
0.0
0.0
0.0
0.0
0.0
0.0
0.0
0.0
0.0
0.0
0.0
0.0
0.0
0.0
0.0
0.0
0.0
0.0
0.0
0.0
0.0
0.0
0.0
0.0
0.0
0.0
0.0
0.0
0.0
0.0
0.0
0.0
0.0
0.0
0.0
0.0
0.0
0.0
0.0
0.0
0.0
0.0
0.0
0.0
0.0
0.0
0.0
0.0
0.0
0.0
0.0
0.0
0.0
0.0
0.0
0.0
0.0
0.0
0.0
0.0
0.0
0.0
0.0
0.0
0.0
0.0
0.0
0.0
0.0
0.0
0.0
0.0
0.0
0.0
0.0
0.0
0.0
0.0
0.0
0.0
0.0
0.0
0.0
0.0
0.0
0.0
0.0
0.0
0.0
0.0
0.0
0.0
0.0
0.0
0.0
0.0
0.0
0.0
0.0
0.0
0.0
0.0
0.0
0.0
0.0
0.0
0.0
0.0
0.0
0.0
0.0
0.0
0.0
0.0
0.0
0.0
0.0
0.0
0.0
0.0
0.0
0.0
0.0
0.0
0.0
0.0
0.0
0.0
0.0
0.0
0.0
0.0
0.0
0.0
0.0
0.0
0.0
0.0
0.0
0.0
0.0
0.0
0.0
0.0
0.0
0.0
0.0
0.0
0.0
0.0
0.0
0.0
0.0
0.0
0.0
0.0
0.0
0.0
0.0
0.0
0.0
0.0
0.0
0.0
0.0
0.0
0.0
0.0
0.0
0.0
0.0
0.0
0.0
0.0
0.0
0.0
0.0
0.0
0.0
0.0
0.0
0.0
0.0
0.0
0.0
0.0
0.0
0.0
0.0
0.0
0.0
0.0
0.0
0.0
0.0
0.0
0.0
0.0
0.0
0.0
0.0
0.0
0.0
0.0
0.0
0.0
0.0
0.0
0.0
0.0
0.0
0.0
0.0
0.0
0.0
0.0
0.0
0.0
0.0
0.0
0.0
0.0
0.0
0.0
0.0
0.0
0.0
0.0
0.0
0.0
0.0
0.0
0.0
0.0
0.0
0.0
0.0
0.0
0.0
0.0
0.0
0.0
0.0
0.0
0.0
0.0
0.0
0.0
0.0
0.0
0.0
0.0
0.0
0.0
0.0
0.0
0.0
0.0
0.0
0.0
0.0
0.0
0.0
0.0
0.0
0.0
0.0
0.0
0.0
0.0
0.0
0.0
0.0
0.0
0.0
0.0
0.0
0.0
0.0
0.0
0.0
0.0
0.0
0.0
0.0
0.0
0.0
0.0
0.0
0.0
0.0
0.0
0.0
0.0
0.0
0.0
0.0
0.0
0.0
0.0
0.0
0.0
0.0
0.0
0.0
0.0
0.0
0.0
0.0
0.0
0.0
0.0
0.0
0.0
0.0
0.0
0.0
0.0
0.0
0.0
0.0
0.0
0.0
0.0
0.0
0.0
0.0
0.0
0.0
0.0
0.0
0.0
0.0
0.0
0.0
0.0
0.0
0.0
0.0
0.0
0.0
0.0
0.0
0.0
0.0
0.0
0.0
0.0
0.0
0.0
0.0
0.0
0.0
0.0
0.0
0.0
0.0
0.0
0.0
0.0
0.0
0.0
0.0
0.0
0.0
0.0
0.0
0.0
0.0
0.0
0.0
0.0
0.0
0.0
0.0
0.0
0.0
0.0
0.0
0.0
0.0
0.0
0.0
0.0
0.0
0.0
0.0
0.0
0.0
0.0
0.0
0.0
0.0
0.0
0.0
0.0
0.0
0.0
0.0
0.0
0.0
0.0
0.0
0.0
0.0
0.0
0.0
0.0
0.0
0.0
0.0
0.0
0.0
0.0
0.0
0.0
0.0
0.0
0.0
0.0
0.0
0.0
0.0
0.0
0.0
0.0
0.0
0.0
0.0
0.0
0.0
0.0
0.0
0.0
0.0
0.0
0.0
0.0
0.0
0.0
0.0
0.0
0.0
0.0
0.0
0.0
0.0
0.0
0.0
0.0
0.0
0.0
0.0
0.0
0.0
0.0
0.0
0.0
0.0
0.0
0.0
0.0
0.0
0.0
0.0
0.0
0.0
0.0
0.0
0.0
0.0
0.0
0.0
0.0
0.0
0.0
0.0
0.0
0.0
0.0
0.0
0.0
0.0
0.0
0.0
0.0
0.0
0.0
0.0
0.0
0.0
0.0
0.0
0.0
0.0
0.0
0.0
0.0
0.0
0.0
0.0
0.0
0.0
0.0
0.0
0.0
0.0
0.0
0.0
0.0
0.0
0.0
0.0
0.0
0.0
0.0
0.0
0.0
0.0
0.0
0.0
0.0
0.0
0.0
0.0
0.0
0.0
0.0
0.0
0.0
0.0
0.0
0.0
0.0
0.0
0.0
0.0
0.0
0.0
0.0
0.0
0.0
0.0
0.0
0.0
0.0
0.0
0.0
0.0
0.0
0.0
0.0
0.0
0.0
0.0
0.0
0.0
0.0
0.0
0.0
0.0
0.0
0.0
0.0
0.0
0.0
0.0
0.0
0.0
0.0
0.0
0.0
0.0
0.0
0.0
0.0
0.0
0.0
0.0
0.0
0.0
0.0
0.0
0.0
0.0
0.0
0.0
0.0
0.0
0.0
0.0
0.0
0.0
0.0
0.0
0.0
0.0
0.0
0.0
0.0
0.0
0.0
0.0
0.0
0.0
0.0
0.0
0.0
0.0
0.0
0.0
0.0
0.0
0.0
0.0
0.0
0.0
0.0
0.0
0.0
0.0
0.0
0.0
0.0
0.0
0.0
0.0
0.0
0.0
0.0
0.0
0.0
0.0
0.0
0.0
0.0
0.0
0.0
0.0
0.0
0.0
0.0
0.0
0.0
0.0
0.0
0.0
0.0
0.0
0.0
0.0
0.0
0.0
0.0
0.0
0.0
0.0
0.0
0.0
0.0
0.0
0.0
0.0
0.0
0.0
0.0
0.0
0.0
0.0
0.0
0.0
0.0
0.0
0.0
0.0
0.0
0.0
0.0
0.0
0.0
0.0
0.0
0.0
0.0
0.0
0.0
0.0
0.0
0.0
0.0
0.0
0.0
0.0
0.0
0.0
0.0
0.0
0.0
0.0
0.0
0.0
0.0
0.0
0.0
0.0
0.0
0.0
0.0
0.0
0.0
0.0
0.0
0.0
0.0
0.0
0.0
0.0
0.0
0.0
0.0
0.0
0.0
0.0
0.0
0.0
0.0
0.0
0.0
0.0
0.0
0.0
0.0
0.0
0.0
0.0
0.0
0.0
0.0
0.0
0.0
0.0
0.0
0.0
0.0
0.0
0.0
0.0
0.0
0.0
0.0
0.0
0.0
0.0
0.0
0.0
0.0
0.0
0.0
0.0
0.0
0.0
0.0
0.0
0.0
0.0
0.0
0.0
0.0
0.0
0.0
0.0
0.0
0.0
0.0
0.0
0.0
0.0
0.0
0.0
0.0
0.0
0.0
0.0
0.0
0.0
0.0
0.0
0.0
0.0
0.0
0.0
0.0
0.0
0.0
0.0
0.0
0.0
0.0
0.0
0.0
0.0
0.0
0.0
0.0
0.0
0.0
0.0
0.0
0.0
0.0
0.0
0.0
0.0
0.0
0.0
0.0
0.0
0.0
0.0
0.0
0.0
0.0
0.0
0.0
0.0
0.0
0.0
0.0
0.0
0.0
0.0
0.0
0.0
0.0
0.0
0.0
0.0
0.0
0.0
0.0
0.0
0.0
0.0
0.0
0.0
0.0
0.0
0.0
0.0
0.0
0.0
0.0
0.0
0.0
0.0
0.0
0.0
0.0
0.0
0.0
0.0
0.0
0.0
0.0
0.0
0.0
0.0
0.0
0.0
0.0
0.0
0.0
0.0
0.0
0.0
0.0
0.0
0.0
0.0
0.0
0.0
0.0
0.0
0.0
0.0
0.0
0.0
0.0
0.0
0.0
0.0
0.0
0.0
0.0
0.0
0.0
0.0
0.0
0.0
0.0
0.0
0.0
0.0
0.0
0.0
0.0
0.0
0.0
0.0
0.0
0.0
0.0
0.0
0.0
0.0
0.0
0.0
0.0
0.0
0.0
0.0
0.0
0.0
0.0
0.0
0.0
0.0
0.0
0.0
0.0
0.0
0.0
0.0
0.0
0.0
0.0
0.0
0.0
0.0
0.0
0.0
0.0
0.0
0.0
0.0
0.0
0.0
0.0
0.0
0.0
0.0
0.0
0.0
0.0
0.0
0.0
0.0
0.0
0.0
0.0
0.0
0.0
SCALARS R2 double 1
LOOKUP_TABLE default
0.0
0.0
0.0
0.0
0.0
0.0
0.0
0.0
0.0
0.0
0.0
0.0
0.0
0.0
0.0
0.0
0.0
0.0
0.0
0.0
0.0
0.0
0.0
0.0
0.0
0.0
0.0
0.0
0.0
0.0
0.0
0.0
0.0
0.0
0.0
0.0
0.0
0.0
0.0
0.0
0.0
0.0
0.0
0.0
0.0
0.0
0.0
0.0
0.0
0.0
0.0
0.0
0.0
0.0
0.0
0.0
0.0
0.0
0.0
0.0
0.0
0.0
0.0
0.0
0.0
0.0
0.0
0.0
0.0
0.0
0.0
0.0
5000000000.0
5000000000.0
0.0
0.0
0.0
0.0
0.0
0.0
0.0
0.0
0.0
0.0
0.0
0.0
0.0
5000000000.0
0.0
0.0
0.0
0.0
0.0
5000000000.0
0.0
0.0
0.0
0.0
0.0
0.0
0.0
5000000000.0
0.0
0.0
0.0
0.0
0.0
0.0
0.0
0.0
0.0
5000000000.0
0.0
5000000000.0
0.0
0.0
0.0
0.0
0.0
0.0
0.0
0.0
0.0
0.0
0.0
0.0
0.0
0.0
0.0
0.0
0.0
0.0
0.0
0.0
0.0
0.0
0.0
5000000000.0
0.0
0.0
0.0
5000000000.0
5000000000.0
5000000000.0
0.0
0.0
0.0
0.0
0.0
5000000000.0
0.0
5000000000.0
0.0
0.0
0.0
0.0
0.0
0.0
0.0
0.0
0.0
0.0
0.0
0.0
0.0
5000000000.0
5000000000.0
5000000000.0
0.0
0.0
0.0
0.0
0.0
5000000000.0
0.0
0.0
0.0
0.0
0.0
5000000000.0
0.0
5000000000.0
0.0
0.0
0.0
0.0
0.0
0.0
0.0
0.0
0.0
0.0
0.0
5000000000.0
0.0
0.0
0.0
0.0
0.0
0.0
0.0
0.0
0.0
5000000000.0
0.0
5000000000.0
0.0
5000000000.0
0.0
0.0
0.0
0.0
0.0
0.0
0.0
5000000000.0
0.0
0.0
0.0
0.0
0.0
5000000000.0
0.0
0.0
0.0
0.0
0.0
0.0
0.0
5000000000.0
0.0
5000000000.0
0.0
0.0
0.0
0.0
5000000000.0
5000000000.0
5000000000.0
5000000000.0
0.0
0.0
0.0
0.0
0.0
0.0
0.0
5000000000.0
0.0
0.0
0.0
5000000000.0
0.0
0.0
5000000000.0
0.0
0.0
5000000000.0
5000000000.0
5000000000.0
0.0
5000000000.0
0.0
0.0
0.0
5000000000.0
0.0
5000000000.0
0.0
0.0
0.0
0.0
5000000000.0
5000000000.0
0.0
5000000000.0
0.0
5000000000.0
5000000000.0
0.0
0.0
0.0
0.0
0.0
0.0
5000000000.0
5000000000.0
5000000000.0
0.0
0.0
0.0
0.0
0.0
0.0
0.0
0.0
0.0
0.0
0.0
0.0
0.0
0.0
0.0
5000000000.0
0.0
0.0
5000000000.0
5000000000.0
0.0
0.0
5000000000.0
0.0
0.0
5000000000.0
0.0
0.0
0.0
0.0
5000000000.0
0.0
0.0
0.0
5000000000.0
5000000000.0
0.0
5000000000.0
0.0
0.0
5000000000.0
5000000000.0
0.0
5000000000.0
0.0
5000000000.0
0.0
0.0
0.0
5000000000.0
0.0
5000000000.0
0.0
5000000000.0
0.0
0.0
5000000000.0
0.0
0.0
0.0
0.0
5000000000.0
5000000000.0
5000000000.0
0.0
5000000000.0
0.0
0.0
0.0
5000000000.0
0.0
5000000000.0
0.0
5000000000.0
5000000000.0
5000000000.0
0.0
0.0
5000000000.0
5000000000.0
0.0
0.0
0.0
5000000000.0
0.0
0.0
0.0
0.0
5000000000.0
5000000000.0
5000000000.0
5000000000.0
0.0
5000000000.0
0.0
5000000000.0
0.0
5000000000.0
0.0
5000000000.0
0.0
5000000000.0
0.0
0.0
0.0
0.0
0.0
0.0
0.0
5000000000.0
0.0
5000000000.0
0.0
5000000000.0
5000000000.0
0.0
0.0
5000000000.0
0.0
5000000000.0
0.0
5000000000.0
5000000000.0
5000000000.0
5000000000.0
5000000000.0
0.0
5000000000.0
0.0
5000000000.0
0.0
5000000000.0
0.0
5000000000.0
5000000000.0
0.0
0.0
0.0
0.0
5000000000.0
5000000000.0
5000000000.0
5000000000.0
5000000000.0
0.0
0.0
0.0
5000000000.0
5000000000.0
5000000000.0
0.0
0.0
0.0
5000000000.0
0.0
5000000000.0
0.0
5000000000.0
5000000000.0
5000000000.0
0.0
0.0
0.0
5000000000.0
0.0
5000000000.0
0.0
5000000000.0
0.0
0.0
0.0
0.0
0.0
5000000000.0
0.0
0.0
0.0
5000000000.0
5000000000.0
5000000000.0
0.0
5000000000.0
0.0
5000000000.0
0.0
5000000000.0
0.0
5000000000.0
5000000000.0
5000000000.0
5000000000.0
5000000000.0
5000000000.0
5000000000.0
0.0
5000000000.0
5000000000.0
5000000000.0
0.0
5000000000.0
5000000000.0
0.0
0.0
5000000000.0
0.0
0.0
0.0
5000000000.0
0.0
0.0
0.0
5000000000.0
0.0
0.0
0.0
5000000000.0
0.0
5000000000.0
0.0
0.0
0.0
0.0
5000000000.0
5000000000.0
0.0
5000000000.0
0.0
0.0
0.0
5000000000.0
0.0
5000000000.0
5000000000.0
5000000000.0
0.0
5000000000.0
0.0
5000000000.0
0.0
5000000000.0
0.0
0.0
0.0
0.0
0.0
5000000000.0
0.0
5000000000.0
0.0
5000000000.0
5000000000.0
5000000000.0
0.0
5000000000.0
0.0
5000000000.0
0.0
5000000000.0
0.0
5000000000.0
5000000000.0
5000000000.0
5000000000.0
5000000000.0
0.0
0.0
0.0
5000000000.0
0.0
5000000000.0
0.0
5000000000.0
0.0
5000000000.0
5000000000.0
5000000000.0
0.0
5000000000.0
5000000000.0
5000000000.0
0.0
0.0
0.0
5000000000.0
0.0
5000000000.0
5000000000.0
5000000000.0
0.0
0.0
0.0
5000000000.0
0.0
0.0
5000000000.0
5000000000.0
0.0
5000000000.0
0.0
5000000000.0
5000000000.0
5000000000.0
5000000000.0
5000000000.0
0.0
5000000000.0
0.0
5000000000.0
0.0
5000000000.0
5000000000.0
5000000000.0
5000000000.0
5000000000.0
0.0
5000000000.0
5000000000.0
5000000000.0
5000000000.0
5000000000.0
0.0
5000000000.0
0.0
5000000000.0
0.0
5000000000.0
0.0
5000000000.0
0.0
5000000000.0
5000000000.0
5000000000.0
0.0
5000000000.0
5000000000.0
5000000000.0
5000000000.0
5000000000.0
0.0
0.0
0.0
5000000000.0
5000000000.0
5000000000.0
0.0
5000000000.0
0.0
5000000000.0
0.0
5000000000.0
0.0
5000000000.0
0.0
5000000000.0
0.0
5000000000.0
0.0
5000000000.0
0.0
5000000000.0
0.0
5000000000.0
0.0
5000000000.0
5000000000.0
5000000000.0
0.0
5000000000.0
0.0
5000000000.0
0.0
5000000000.0
0.0
5000000000.0
0.0
5000000000.0
0.0
5000000000.0
0.0
5000000000.0
0.0
5000000000.0
0.0
5000000000.0
5000000000.0
5000000000.0
0.0
5000000000.0
0.0
5000000000.0
0.0
5000000000.0
0.0
5000000000.0
0.0
0.0
5000000000.0
0.0
0.0
5000000000.0
0.0
5000000000.0
5000000000.0
5000000000.0
0.0
5000000000.0
0.0
5000000000.0
0.0
5000000000.0
0.0
5000000000.0
0.0
5000000000.0
0.0
5000000000.0
0.0
5000000000.0
5000000000.0
5000000000.0
0.0
5000000000.0
5000000000.0
5000000000.0
0.0
5000000000.0
0.0
5000000000.0
0.0
5000000000.0
0.0
5000000000.0
0.0
5000000000.0
0.0
5000000000.0
0.0
5000000000.0
5000000000.0
5000000000.0
0.0
5000000000.0
0.0
5000000000.0
0.0
5000000000.0
0.0
5000000000.0
5000000000.0
5000000000.0
0.0
5000000000.0
5000000000.0
5000000000.0
5000000000.0
5000000000.0
5000000000.0
5000000000.0
5000000000.0
5000000000.0
0.0
5000000000.0
5000000000.0
5000000000.0
0.0
5000000000.0
5000000000.0
5000000000.0
0.0
5000000000.0
0.0
5000000000.0
0.0
5000000000.0
5000000000.0
0.0
0.0
0.0
0.0
5000000000.0
0.0
5000000000.0
5000000000.0
5000000000.0
0.0
5000000000.0
5000000000.0
0.0
0.0
5000000000.0
5000000000.0
5000000000.0
5000000000.0
5000000000.0
0.0
5000000000.0
5000000000.0
5000000000.0
0.0
5000000000.0
0.0
0.0
0.0
5000000000.0
5000000000.0
5000000000.0
5000000000.0
5000000000.0
0.0
5000000000.0
0.0
5000000000.0
0.0
5000000000.0
5000000000.0
5000000000.0
5000000000.0
5000000000.0
0.0
5000000000.0
0.0
5000000000.0
0.0
5000000000.0
5000000000.0
5000000000.0
5000000000.0
5000000000.0
0.0
5000000000.0
5000000000.0
5000000000.0
0.0
5000000000.0
5000000000.0
5000000000.0
0.0
5000000000.0
5000000000.0
5000000000.0
5000000000.0
5000000000.0
5000000000.0
0.0
5000000000.0
5000000000.0
5000000000.0
5000000000.0
5000000000.0
5000000000.0
0.0
5000000000.0
5000000000.0
5000000000.0
5000000000.0
5000000000.0
0.0
5000000000.0
0.0
5000000000.0
0.0
5000000000.0
5000000000.0
5000000000.0
5000000000.0
5000000000.0
0.0
5000000000.0
5000000000.0
5000000000.0
0.0
0.0
0.0
5000000000.0
5000000000.0
5000000000.0
0.0
5000000000.0
0.0
5000000000.0
0.0
5000000000.0
0.0
5000000000.0
0.0
5000000000.0
5000000000.0
5000000000.0
0.0
5000000000.0
5000000000.0
5000000000.0
5000000000.0
5000000000.0
0.0
0.0
0.0
5000000000.0
0.0
5000000000.0
0.0
5000000000.0
5000000000.0
5000000000.0
0.0
5000000000.0
0.0
5000000000.0
0.0
5000000000.0
0.0
5000000000.0
5000000000.0
5000000000.0
0.0
5000000000.0
0.0
5000000000.0
0.0
5000000000.0
0.0
5000000000.0
5000000000.0
5000000000.0
5000000000.0
5000000000.0
5000000000.0
5000000000.0
5000000000.0
5000000000.0
0.0
5000000000.0
0.0
5000000000.0
0.0
5000000000.0
0.0
5000000000.0
5000000000.0
5000000000.0
5000000000.0
5000000000.0
5000000000.0
5000000000.0
5000000000.0
5000000000.0
5000000000.0
5000000000.0
5000000000.0
5000000000.0
5000000000.0
5000000000.0
5000000000.0
5000000000.0
5000000000.0
5000000000.0
0.0
5000000000.0
5000000000.0
5000000000.0
5000000000.0
5000000000.0
0.0
5000000000.0
5000000000.0
5000000000.0
0.0
5000000000.0
5000000000.0
5000000000.0
5000000000.0
5000000000.0
5000000000.0
5000000000.0
0.0
5000000000.0
5000000000.0
5000000000.0
5000000000.0
5000000000.0
0.0
5000000000.0
0.0
5000000000.0
0.0
5000000000.0
5000000000.0
5000000000.0
5000000000.0
5000000000.0
0.0
5000000000.0
5000000000.0
5000000000.0
5000000000.0
0.0
0.0
5000000000.0
0.0
0.0
5000000000.0
5000000000.0
5000000000.0
5000000000.0
0.0
5000000000.0
0.0
5000000000.0
5000000000.0
5000000000.0
5000000000.0
5000000000.0
0.0
5000000000.0
0.0
5000000000.0
0.0
5000000000.0
5000000000.0
5000000000.0
0.0
5000000000.0
0.0
5000000000.0
0.0
5000000000.0
0.0
5000000000.0
5000000000.0
5000000000.0
0.0
5000000000.0
5000000000.0
5000000000.0
0.0
5000000000.0
0.0
5000000000.0
5000000000.0
5000000000.0
0.0
5000000000.0
0.0
5000000000.0
5000000000.0
5000000000.0
5000000000.0
5000000000.0
5000000000.0
5000000000.0
5000000000.0
5000000000.0
0.0
5000000000.0
5000000000.0
5000000000.0
0.0
5000000000.0
0.0
5000000000.0
5000000000.0
5000000000.0
0.0
5000000000.0
0.0
5000000000.0
0.0
5000000000.0
0.0
5000000000.0
0.0
5000000000.0
5000000000.0
5000000000.0
0.0
5000000000.0
0.0
5000000000.0
5000000000.0
5000000000.0
5000000000.0
5000000000.0
0.0
5000000000.0
5000000000.0
5000000000.0
5000000000.0
5000000000.0
0.0
5000000000.0
5000000000.0
5000000000.0
0.0
5000000000.0
5000000000.0
5000000000.0
5000000000.0
5000000000.0
5000000000.0
5000000000.0
5000000000.0
5000000000.0
0.0
5000000000.0
0.0
5000000000.0
5000000000.0
5000000000.0
5000000000.0
5000000000.0
5000000000.0
5000000000.0
5000000000.0
5000000000.0
0.0
5000000000.0
5000000000.0
5000000000.0
0.0
5000000000.0
5000000000.0
5000000000.0
5000000000.0
5000000000.0
5000000000.0
5000000000.0
0.0
5000000000.0
5000000000.0
5000000000.0
0.0
5000000000.0
0.0
5000000000.0
5000000000.0
5000000000.0
0.0
5000000000.0
5000000000.0
5000000000.0
5000000000.0
5000000000.0
5000000000.0
5000000000.0
0.0
5000000000.0
5000000000.0
5000000000.0
0.0
5000000000.0
5000000000.0
5000000000.0
0.0
5000000000.0
5000000000.0
5000000000.0
5000000000.0
5000000000.0
5000000000.0
5000000000.0
5000000000.0
5000000000.0
SCALARS C double 1
LOOKUP_TABLE default
0.0
0.0
0.0
0.0
0.0
0.0
0.0
0.0
0.0
0.0
0.0
0.0
0.0
0.0
0.0
0.0
0.0
0.0
0.0
0.0
0.0
0.0
0.0
0.0
0.0
0.0
0.0
0.0
0.0
0.0
0.0
0.0
0.0
0.0
0.0
0.0
0.0
0.0
0.0
0.0
0.0
0.0
0.0
0.0
0.0
0.0
0.0
0.0
0.0
0.0
0.0
0.0
0.0
0.0
0.0
0.0
0.0
0.0
0.0
0.0
0.0
0.0
0.0
0.0
0.0
0.0
0.0
0.0
0.0
0.0
0.0
0.0
0.0
0.0
0.0
0.0
0.0
0.0
0.0
0.0
0.0
0.0
0.0
0.0
0.0
0.0
0.0
0.0
0.0
0.0
0.0
0.0
0.0
0.0
0.0
0.0
0.0
0.0
0.0
0.0
0.0
0.0
0.0
0.0
0.0
0.0
0.0
0.0
0.0
0.0
0.0
0.0
0.0
0.0
0.0
0.0
0.0
0.0
0.0
0.0
0.0
0.0
0.0
0.0
0.0
0.0
0.0
0.0
0.0
0.0
0.0
0.0
0.0
0.0
0.0
0.0
0.0
0.0
0.0
0.0
0.0
0.0
0.0
0.0
0.0
0.0
0.0
0.0
0.0
0.0
0.0
0.0
0.0
0.0
0.0
0.0
0.0
0.0
0.0
0.0
0.0
0.0
0.0
0.0
0.0
0.0
0.0
0.0
0.0
0.0
0.0
0.0
0.0
0.0
0.0
0.0
0.0
0.0
0.0
0.0
0.0
0.0
0.0
0.0
0.0
0.0
0.0
0.0
0.0
0.0
0.0
0.0
0.0
0.0
0.0
0.0
0.0
0.0
0.0
0.0
0.0
0.0
0.0
0.0
0.0
0.0
0.0
0.0
0.0
0.0
0.0
0.0
0.0
0.0
0.0
0.0
0.0
0.0
0.0
0.0
0.0
0.0
0.0
0.0
0.0
0.0
0.0
0.0
0.0
0.0
0.0
0.0
0.0
0.0
0.0
0.0
0.0
0.0
0.0
0.0
0.0
0.0
0.0
0.0
0.0
0.0
0.0
0.0
0.0
0.0
0.0
0.0
0.0
0.0
0.0
0.0
0.0
0.0
0.0
0.0
0.0
0.0
0.0
0.0
0.0
0.0
0.0
0.0
0.0
0.0
0.0
0.0
0.0
0.0
0.0
0.0
0.0
0.0
0.0
0.0
0.0
0.0
0.0
0.0
0.0
0.0
0.0
0.0
0.0
0.0
0.0
0.0
0.0
0.0
0.0
0.0
0.0
0.0
0.0
0.0
0.0
0.0
0.0
0.0
0.0
0.0
0.0
0.0
0.0
0.0
0.0
0.0
0.0
0.0
0.0
0.0
0.0
0.0
0.0
0.0
0.0
0.0
0.0
0.0
0.0
0.0
0.0
0.0
0.0
0.0
0.0
0.0
0.0
0.0
0.0
0.0
0.0
0.0
0.0
0.0
0.0
0.0
0.0
0.0
0.0
0.0
0.0
0.0
0.0
0.0
0.0
0.0
0.0
0.0
0.0
0.0
0.0
0.0
0.0
0.0
0.0
0.0
0.0
0.0
0.0
0.0
0.0
0.0
0.0
0.0
0.0
0.0
0.0
0.0
0.0
0.0
0.0
0.0
0.0
0.0
0.0
0.0
0.0
0.0
0.0
0.0
0.0
0.0
0.0
0.0
0.0
0.0
0.0
0.0
0.0
0.0
0.0
0.0
0.0
0.0
0.0
0.0
0.0
0.0
0.0
0.0
0.0
0.0
0.0
0.0
0.0
0.0
0.0
0.0
0.0
0.0
0.0
0.0
0.0
0.0
0.0
0.0
0.0
0.0
0.0
0.0
0.0
0.0
0.0
0.0
0.0
0.0
0.0
0.0
0.0
0.0
0.0
0.0
0.0
0.0
0.0
0.0
0.0
0.0
0.0
0.0
0.0
0.0
0.0
0.0
0.0
0.0
0.0
0.0
0.0
0.0
0.0
0.0
0.0
0.0
0.0
0.0
0.0
0.0
0.0
0.0
0.0
0.0
0.0
0.0
0.0
0.0
0.0
0.0
0.0
0.0
0.0
0.0
0.0
0.0
0.0
0.0
0.0
0.0
0.0
0.0
0.0
0.0
0.0
0.0
0.0
0.0
0.0
0.0
0.0
0.0
0.0
0.0
0.0
0.0
0.0
0.0
0.0
0.0
0.0
0.0
0.0
0.0
0.0
0.0
0.0
0.0
0.0
0.0
0.0
0.0
0.0
0.0
0.0
0.0
0.0
0.0
0.0
0.0
0.0
0.0
0.0
0.0
0.0
0.0
0.0
0.0
0.0
0.0
0.0
0.0
0.0
0.0
0.0
0.0
0.0
0.0
0.0
0.0
0.0
0.0
0.0
0.0
0.0
0.0
0.0
0.0
0.0
0.0
0.0
0.0
0.0
0.0
0.0
0.0
0.0
0.0
0.0
0.0
0.0
0.0
0.0
0.0
0.0
0.0
0.0
0.0
0.0
0.0
0.0
0.0
0.0
0.0
0.0
0.0
0.0
0.0
0.0
0.0
0.0
0.0
0.0
0.0
0.0
0.0
0.0
0.0
0.0
0.0
0.0
0.0
0.0
0.0
0.0
0.0
0.0
0.0
0.0
0.0
0.0
0.0
0.0
0.0
0.0
0.0
0.0
0.0
0.0
0.0
0.0
0.0
0.0
0.0
0.0
0.0
0.0
0.0
0.0
0.0
0.0
0.0
0.0
0.0
0.0
0.0
0.0
0.0
0.0
0.0
0.0
0.0
0.0
0.0
0.0
0.0
0.0
0.0
0.0
0.0
0.0
0.0
0.0
0.0
0.0
0.0
0.0
0.0
0.0
0.0
0.0
0.0
0.0
0.0
0.0
0.0
0.0
0.0
0.0
0.0
0.0
0.0
0.0
0.0
0.0
0.0
0.0
0.0
0.0
0.0
0.0
0.0
0.0
0.0
0.0
0.0
0.0
0.0
0.0
0.0
0.0
0.0
0.0
0.0
0.0
0.0
0.0
0.0
0.0
0.0
0.0
0.0
0.0
0.0
0.0
0.0
0.0
0.0
0.0
0.0
0.0
0.0
0.0
0.0
0.0
0.0
0.0
0.0
0.0
0.0
0.0
0.0
0.0
0.0
0.0
0.0
0.0
0.0
0.0
0.0
0.0
0.0
0.0
0.0
0.0
0.0
0.0
0.0
0.0
0.0
0.0
0.0
0.0
0.0
0.0
0.0
0.0
0.0
0.0
0.0
0.0
0.0
0.0
0.0
0.0
0.0
0.0
0.0
0.0
0.0
0.0
0.0
0.0
0.0
0.0
0.0
0.0
0.0
0.0
0.0
0.0
0.0
0.0
0.0
0.0
0.0
0.0
0.0
0.0
0.0
0.0
0.0
0.0
0.0
0.0
0.0
0.0
0.0
0.0
0.0
0.0
0.0
0.0
0.0
0.0
0.0
0.0
0.0
0.0
0.0
0.0
0.0
0.0
0.0
0.0
0.0
0.0
0.0
0.0
0.0
0.0
0.0
0.0
0.0
0.0
0.0
0.0
0.0
0.0
0.0
0.0
0.0
0.0
0.0
0.0
0.0
0.0
0.0
0.0
0.0
0.0
0.0
0.0
0.0
0.0
0.0
0.0
0.0
0.0
0.0
0.0
0.0
0.0
0.0
0.0
0.0
0.0
0.0
0.0
0.0
0.0
0.0
0.0
0.0
0.0
0.0
0.0
0.0
0.0
0.0
0.0
0.0
0.0
0.0
0.0
0.0
0.0
0.0
0.0
0.0
0.0
0.0
0.0
0.0
0.0
0.0
0.0
0.0
0.0
0.0
0.0
0.0
0.0
0.0
0.0
0.0
0.0
0.0
0.0
0.0
0.0
0.0
0.0
0.0
0.0
0.0
0.0
0.0
0.0
0.0
0.0
0.0
0.0
0.0
0.0
0.0
0.0
0.0
0.0
0.0
0.0
0.0
0.0
0.0
0.0
0.0
0.0
0.0
0.0
0.0
0.0
0.0
0.0
0.0
0.0
0.0
0.0
0.0
0.0
0.0
0.0
0.0
0.0
0.0
0.0
0.0
0.0
0.0
0.0
0.0
0.0
0.0
0.0
0.0
0.0
0.0
0.0
0.0
0.0
0.0
0.0
0.0
0.0
0.0
0.0
0.0
0.0
0.0
0.0
0.0
0.0
0.0
0.0
0.0
0.0
0.0
0.0
0.0
0.0
0.0
0.0
0.0
0.0
0.0
0.0
0.0
0.0
0.0
0.0
0.0
0.0
0.0
0.0
0.0
0.0
0.0
0.0
0.0
0.0
0.0
0.0
0.0
0.0
0.0
0.0
0.0
0.0
0.0
0.0
0.0
0.0
0.0
0.0
0.0
0.0
0.0
0.0
0.0
0.0
0.0
0.0
0.0
0.0
0.0
0.0
0.0
0.0
0.0
0.0
0.0
0.0
0.0
0.0
0.0
0.0
0.0
0.0
0.0
0.0
0.0
0.0
0.0
0.0
0.0
0.0
0.0
0.0
0.0
0.0
0.0
0.0
0.0
0.0
0.0
0.0
0.0
0.0
0.0
0.0
0.0
0.0
0.0
0.0
0.0
0.0
0.0
0.0
0.0
0.0
0.0
0.0
0.0
0.0
0.0
0.0
0.0
0.0
0.0
0.0
0.0
0.0
0.0
0.0
0.0
0.0
0.0
0.0
0.0
0.0
0.0
0.0
0.0
0.0
0.0
0.0
0.0
0.0
0.0
0.0
0.0
0.0
0.0
0.0
0.0
0.0
0.0
0.0
0.0
0.0
0.0
0.0
0.0
0.0
0.0
0.0
0.0
0.0
0.0
0.0
0.0
0.0
0.0
0.0
0.0
0.0
0.0
0.0
0.0
0.0
0.0
0.0
0.0
0.0
0.0
0.0
0.0
0.0
0.0
0.0
0.0
0.0
0.0
0.0
0.0
0.0
0.0
0.0
0.0
0.0
0.0
0.0
0.0
0.0
0.0
0.0
0.0
0.0
0.0
0.0
0.0
0.0
0.0
0.0
0.0
0.0
0.0
SCALARS P_out double 1
LOOKUP_TABLE default
0.0
0.0
0.0
0.0
0.0
0.0
0.0
0.0
0.0
0.0
0.0
0.0
0.0
0.0
0.0
0.0
0.0
0.0
0.0
0.0
0.0
0.0
0.0
0.0
0.0
0.0
0.0
0.0
0.0
0.0
0.0
0.0
0.0
0.0
0.0
0.0
0.0
0.0
0.0
0.0
0.0
0.0
0.0
0.0
0.0
0.0
0.0
0.0
0.0
0.0
0.0
0.0
0.0
0.0
0.0
0.0
0.0
0.0
0.0
0.0
0.0
0.0
0.0
0.0
0.0
0.0
0.0
0.0
0.0
0.0
0.0
0.0
0.0
0.0
0.0
0.0
0.0
0.0
0.0
0.0
0.0
0.0
0.0
0.0
0.0
0.0
0.0
0.0
0.0
0.0
0.0
0.0
0.0
0.0
0.0
0.0
0.0
0.0
0.0
0.0
0.0
0.0
0.0
0.0
0.0
0.0
0.0
0.0
0.0
0.0
0.0
0.0
0.0
0.0
0.0
0.0
0.0
0.0
0.0
0.0
0.0
0.0
0.0
0.0
0.0
0.0
0.0
0.0
0.0
0.0
0.0
0.0
0.0
0.0
0.0
0.0
0.0
0.0
0.0
0.0
0.0
0.0
0.0
0.0
0.0
0.0
0.0
0.0
0.0
0.0
0.0
0.0
0.0
0.0
0.0
0.0
0.0
0.0
0.0
0.0
0.0
0.0
0.0
0.0
0.0
0.0
0.0
0.0
0.0
0.0
0.0
0.0
0.0
0.0
0.0
0.0
0.0
0.0
0.0
0.0
0.0
0.0
0.0
0.0
0.0
0.0
0.0
0.0
0.0
0.0
0.0
0.0
0.0
0.0
0.0
0.0
0.0
0.0
0.0
0.0
0.0
0.0
0.0
0.0
0.0
0.0
0.0
0.0
0.0
0.0
0.0
0.0
0.0
0.0
0.0
0.0
0.0
0.0
0.0
0.0
0.0
0.0
0.0
0.0
0.0
0.0
0.0
0.0
0.0
0.0
0.0
0.0
0.0
0.0
0.0
0.0
0.0
0.0
0.0
0.0
0.0
0.0
0.0
0.0
0.0
0.0
0.0
0.0
0.0
0.0
0.0
0.0
0.0
0.0
0.0
0.0
0.0
0.0
0.0
0.0
0.0
0.0
0.0
0.0
0.0
0.0
0.0
0.0
0.0
0.0
0.0
0.0
0.0
0.0
0.0
0.0
0.0
0.0
0.0
0.0
0.0
0.0
0.0
0.0
0.0
0.0
0.0
0.0
0.0
0.0
0.0
0.0
0.0
0.0
0.0
0.0
0.0
0.0
0.0
0.0
0.0
0.0
0.0
0.0
0.0
0.0
0.0
0.0
0.0
0.0
0.0
0.0
0.0
0.0
0.0
0.0
0.0
0.0
0.0
0.0
0.0
0.0
0.0
0.0
0.0
0.0
0.0
0.0
0.0
0.0
0.0
0.0
0.0
0.0
0.0
0.0
0.0
0.0
0.0
0.0
0.0
0.0
0.0
0.0
0.0
0.0
0.0
0.0
0.0
0.0
0.0
0.0
0.0
0.0
0.0
0.0
0.0
0.0
0.0
0.0
0.0
0.0
0.0
0.0
0.0
0.0
0.0
0.0
0.0
0.0
0.0
0.0
0.0
0.0
0.0
0.0
0.0
0.0
0.0
0.0
0.0
0.0
0.0
0.0
0.0
0.0
0.0
0.0
0.0
0.0
0.0
0.0
0.0
0.0
0.0
0.0
0.0
0.0
0.0
0.0
0.0
0.0
0.0
0.0
0.0
0.0
0.0
0.0
0.0
0.0
0.0
0.0
0.0
0.0
0.0
0.0
0.0
0.0
0.0
0.0
0.0
0.0
0.0
0.0
0.0
0.0
0.0
0.0
0.0
0.0
0.0
0.0
0.0
0.0
0.0
0.0
0.0
0.0
0.0
0.0
0.0
0.0
0.0
0.0
0.0
0.0
0.0
0.0
0.0
0.0
0.0
0.0
0.0
0.0
0.0
0.0
0.0
0.0
0.0
0.0
0.0
0.0
0.0
0.0
0.0
0.0
0.0
0.0
0.0
0.0
0.0
0.0
0.0
0.0
0.0
0.0
0.0
0.0
0.0
0.0
0.0
0.0
0.0
0.0
0.0
0.0
0.0
0.0
0.0
0.0
0.0
0.0
0.0
0.0
0.0
0.0
0.0
0.0
0.0
0.0
0.0
0.0
0.0
0.0
0.0
0.0
0.0
0.0
0.0
0.0
0.0
0.0
0.0
0.0
0.0
0.0
0.0
0.0
0.0
0.0
0.0
0.0
0.0
0.0
0.0
0.0
0.0
0.0
0.0
0.0
0.0
0.0
0.0
0.0
0.0
0.0
0.0
0.0
0.0
0.0
0.0
0.0
0.0
0.0
0.0
0.0
0.0
0.0
0.0
0.0
0.0
0.0
0.0
0.0
0.0
0.0
0.0
0.0
0.0
0.0
0.0
0.0
0.0
0.0
0.0
0.0
0.0
0.0
0.0
0.0
0.0
0.0
0.0
0.0
0.0
0.0
0.0
0.0
0.0
0.0
0.0
0.0
0.0
0.0
0.0
0.0
0.0
0.0
0.0
0.0
0.0
0.0
0.0
0.0
0.0
0.0
0.0
0.0
0.0
0.0
0.0
0.0
0.0
0.0
0.0
0.0
0.0
0.0
0.0
0.0
0.0
0.0
0.0
0.0
0.0
0.0
0.0
0.0
0.0
0.0
0.0
0.0
0.0
0.0
0.0
0.0
0.0
0.0
0.0
0.0
0.0
0.0
0.0
0.0
0.0
0.0
0.0
0.0
0.0
0.0
0.0
0.0
0.0
0.0
0.0
0.0
0.0
0.0
0.0
0.0
0.0
0.0
0.0
0.0
0.0
0.0
0.0
0.0
0.0
0.0
0.0
0.0
0.0
0.0
0.0
0.0
0.0
0.0
0.0
0.0
0.0
0.0
0.0
0.0
0.0
0.0
0.0
0.0
0.0
0.0
0.0
0.0
0.0
0.0
0.0
0.0
0.0
0.0
0.0
0.0
0.0
0.0
0.0
0.0
0.0
0.0
0.0
0.0
0.0
0.0
0.0
0.0
0.0
0.0
0.0
0.0
0.0
0.0
0.0
0.0
0.0
0.0
0.0
0.0
0.0
0.0
0.0
0.0
0.0
0.0
0.0
0.0
0.0
0.0
0.0
0.0
0.0
0.0
0.0
0.0
0.0
0.0
0.0
0.0
0.0
0.0
0.0
0.0
0.0
0.0
0.0
0.0
0.0
0.0
0.0
0.0
0.0
0.0
0.0
0.0
0.0
0.0
0.0
0.0
0.0
0.0
0.0
0.0
0.0
0.0
0.0
0.0
0.0
0.0
0.0
0.0
0.0
0.0
0.0
0.0
0.0
0.0
0.0
0.0
0.0
0.0
0.0
0.0
0.0
0.0
0.0
0.0
0.0
0.0
0.0
0.0
0.0
0.0
0.0
0.0
0.0
0.0
0.0
0.0
0.0
0.0
0.0
0.0
0.0
0.0
0.0
0.0
0.0
0.0
0.0
0.0
0.0
0.0
0.0
0.0
0.0
0.0
0.0
0.0
0.0
0.0
0.0
0.0
0.0
0.0
0.0
0.0
0.0
0.0
0.0
0.0
0.0
0.0
0.0
0.0
0.0
0.0
0.0
0.0
0.0
0.0
0.0
0.0
0.0
0.0
0.0
0.0
0.0
0.0
0.0
0.0
0.0
0.0
0.0
0.0
0.0
0.0
0.0
0.0
0.0
0.0
0.0
0.0
0.0
0.0
0.0
0.0
0.0
0.0
0.0
0.0
0.0
0.0
0.0
0.0
0.0
0.0
0.0
0.0
0.0
0.0
0.0
0.0
0.0
0.0
0.0
0.0
0.0
0.0
0.0
0.0
0.0
0.0
0.0
0.0
0.0
0.0
0.0
0.0
0.0
0.0
0.0
0.0
0.0
0.0
0.0
0.0
0.0
0.0
0.0
0.0
0.0
0.0
0.0
0.0
0.0
0.0
0.0
0.0
0.0
0.0
0.0
0.0
0.0
0.0
0.0
0.0
0.0
0.0
0.0
0.0
0.0
0.0
0.0
0.0
0.0
0.0
0.0
0.0
0.0
0.0
0.0
0.0
0.0
0.0
0.0
0.0
0.0
0.0
0.0
0.0
0.0
0.0
0.0
0.0
0.0
0.0
0.0
0.0
0.0
0.0
0.0
0.0
0.0
0.0
0.0
0.0
0.0
0.0
0.0
0.0
0.0
0.0
0.0
0.0
0.0
0.0
0.0
0.0
0.0
0.0
0.0
0.0
0.0
0.0
0.0
0.0
0.0
0.0
0.0
0.0
0.0
0.0
0.0
0.0
0.0
0.0
0.0
0.0
0.0
0.0
0.0
0.0
0.0
0.0
0.0
0.0
0.0
0.0
0.0
0.0
0.0
0.0
0.0
0.0
0.0
0.0
0.0
0.0
0.0
0.0
0.0
0.0
0.0
0.0
0.0
0.0
0.0
0.0
0.0
0.0
0.0
0.0
0.0
0.0
0.0
0.0
0.0
0.0
0.0
0.0
0.0
0.0
0.0
0.0
0.0
0.0
0.0
0.0
0.0
0.0
0.0
0.0
0.0
0.0
0.0
0.0
0.0
0.0
0.0
0.0
0.0
0.0
0.0
0.0
0.0
0.0
0.0
0.0
0.0
0.0
0.0
0.0
0.0
0.0
0.0
0.0
0.0
0.0
0.0
0.0
0.0
0.0
0.0
0.0
0.0
0.0
0.0
0.0
0.0
0.0
0.0
0.0
0.0
0.0
0.0
0.0
0.0
0.0
0.0
0.0
0.0
0.0
0.0
0.0
0.0
0.0
0.0
0.0
0.0
0.0
0.0
0.0
0.0
0.0
0.0
0.0
0.0
0.0
0.0
0.0
0.0
0.0
0.0
0.0
0.0
0.0
0.0
0.0
0.0
0.0
0.0
0.0
0.0
0.0
0.0
0.0
0.0
0.0
0.0
0.0
0.0
0.0
0.0
0.0
0.0
0.0
0.0
0.0
0.0
0.0
0.0
0.0
0.0
0.0
