# vtk DataFile Version 3.0
vtk output
ASCII
DATASET UNSTRUCTURED_GRID
POINTS 1626 double
1.7200000000 4.2000000000 3.7200000000
1.7434480000 4.1864800000 3.6681440000
1.8058280000 4.1263200000 3.5117760000
1.8984560000 4.0831200000 3.5257240000
1.7679400000 4.0558800000 3.3948960000
1.7859960000 4.1070000000 3.3273880000
2.0450880000 3.9758280000 3.4327800000
2.0372800000 3.8674440000 3.4892680000
1.8156920000 4.0392000000 2.7915960000
1.8685200000 4.1831600000 2.7958000000
1.8267560000 3.7852320000 2.3819600000
1.8490720000 3.8544280000 2.3679000000
1.7740760000 4.1757600000 3.6249040000
1.6928720000 4.1606400000 3.6573800000
2.2276440000 3.4642200000 3.4571720000
2.2684960000 3.4994120000 3.5001640000
2.2226680000 3.1557040000 3.3510080000
2.1746600000 3.1657480000 3.3192280000
1.8142720000 4.1484400000 3.5677880000
1.7632880000 4.2746800000 3.5692440000
1.7306920000 4.0668800000 3.3683920000
1.7475280000 4.0242800000 3.3792960000
1.6330120000 3.8355560000 3.2603160000
1.5941680000 3.9050600000 3.2543480000
1.6491680000 3.6965920000 3.2075240000
1.6330040000 3.7263920000 3.1539720000
2.2479080000 4.0413600000 3.3525720000
2.2408760000 4.0835200000 3.3702440000
1.6405560000 3.6026160000 3.2172720000
1.6856200000 3.5856120000 3.2222480000
1.7939200000 3.5966280000 2.1343440000
1.7943080000 3.5892960000 2.1788920000
1.6234600000 4.1664000000 3.6166280000
1.7071320000 4.0925600000 3.6734040000
1.7987040000 4.1108400000 3.1272680000
1.7613240000 4.1756400000 3.1474960000
1.8090880000 3.9896160000 2.6516760000
1.7811640000 4.0231200000 2.6825160000
1.8132360000 4.1018400000 2.9743920000
1.8503920000 4.1283600000 3.0455640000
1.8147600000 3.9343800000 2.5433160000
1.8265720000 4.0149600000 2.5242240000
2.2960960000 3.0482600000 3.3351880000
2.2699680000 3.0817320000 3.3823880000
2.1489880000 4.0035200000 3.4034160000
2.1341280000 3.9713000000 3.3580920000
2.1161640000 3.7010640000 3.4940480000
2.0498840000 3.6815080000 3.4907160000
2.2047200000 3.3387280000 3.3983120000
2.1811960000 3.3804880000 3.3574600000
1.8159240000 4.4056800000 3.4673960000
1.7634480000 4.4226400000 3.4570040000
1.9301120000 4.5258000000 3.3514360000
1.9226120000 4.5065600000 3.2769760000
1.8197200000 3.8838320000 2.4664240000
1.7623640000 3.8669880000 2.4995560000
1.7189000000 4.2820800000 3.0924920000
1.7903280000 4.3294800000 3.0885920000
1.8175960000 4.1144000000 3.0454520000
1.7968000000 4.0661600000 3.1131840000
1.9440480000 4.0341600000 3.5037240000
1.9225680000 4.1091200000 3.5040520000
1.5043480000 4.2674400000 3.5501400000
1.4884960000 4.2679200000 3.4763080000
2.0582280000 3.8138400000 3.4861720000
2.0260640000 3.8476760000 3.5228760000
2.3049240000 2.9636240000 3.2681280000
2.3618880000 2.8979280000 3.3071120000
2.1975360000 3.5939800000 3.4866440000
2.1929880000 3.6018640000 3.5592440000
1.5972200000 4.1946400000 3.5827160000
1.5861960000 4.1362800000 3.5975240000
1.6797880000 3.9513480000 3.3347080000
1.7115080000 3.9162840000 3.3759200000
1.6537600000 3.5965040000 2.9799080000
1.6000000000 3.6000000000 3.0000000000
2.2234320000 3.6043120000 3.5676560000
2.1752640000 3.5674240000 3.5957080000
2.0652240000 3.9812880000 3.4231640000
2.0524720000 3.9482320000 3.3240400000
1.6390160000 3.6687560000 3.0643000000
1.6309320000 3.7205320000 3.0523120000
2.1749040000 4.0296000000 3.3930240000
2.1788040000 3.9864360000 3.4347960000
1.6329440000 4.3087600000 3.0739800000
1.6788080000 4.2898800000 3.0390880000
1.8683080000 4.2033200000 2.7849800000
1.8919160000 4.1878800000 2.8009800000
1.8846600000 4.3752400000 2.6566320000
1.8800000000 4.4400000000 2.6400000000
1.7050800000 3.5088360000 2.7947040000
1.7200000000 3.5200000000 2.6400000000
1.8071760000 4.0250400000 2.7579840000
1.8521720000 3.9755320000 2.8003080000
1.8057920000 3.7154160000 2.3122120000
1.7934880000 3.6251880000 2.3328080000
2.0050560000 4.2323600000 3.0140160000
2.0154920000 4.2211200000 3.0536200000
1.9841560000 3.5659520000 3.5124560000
1.9683120000 3.5662800000 3.4581720000
2.1998200000 3.2495440000 3.3629360000
2.1519000000 3.2652040000 3.4138600000
1.9139680000 3.4346800000 3.5918400000
1.8934200000 3.4226040000 3.5730160000
2.4158680000 3.4228160000 3.6058240000
2.4037680000 3.4006400000 3.5684040000
1.6139920000 4.3289200000 3.0643520000
1.5521440000 4.3031200000 3.1174160000
2.0898840000 4.3054800000 2.9407840000
2.0717800000 4.3336800000 2.8993440000
1.9223400000 3.5026240000 3.5568400000
1.9464440000 3.5446520000 3.5652840000
1.8175920000 4.0932400000 2.9372080000
1.7373800000 4.1258000000 2.9460280000
1.8458680000 4.1164000000 2.4642720000
1.8800000000 4.0800000000 2.4800000000
2.0685960000 4.2341200000 3.4565840000
2.0778200000 4.2642400000 3.3984080000
2.2131320000 3.5656840000 3.4842760000
2.2486280000 3.6061920000 3.4556320000
1.9656920000 3.5555720000 3.5228440000
2.0032920000 3.4785040000 3.5029840000
1.8120440000 3.9046080000 2.5082600000
1.8000000000 3.8400000000 2.5600000000
1.6873760000 4.2938000000 3.0593120000
1.7003160000 4.3234000000 3.1029480000
1.6422080000 3.7935280000 3.2307080000
1.6149160000 3.8216440000 3.2757960000
2.0143480000 3.4540840000 3.5219920000
1.9883920000 3.4422280000 3.4664880000
1.8192880000 4.1722000000 2.4071400000
1.7976880000 4.1676800000 2.4594800000
1.7212520000 3.8024120000 3.3890320000
1.7817120000 3.7910640000 3.3985600000
1.6563600000 3.6927640000 3.4611680000
1.6558000000 3.6635600000 3.4265680000
2.2475480000 3.9025520000 3.2683360000
2.1864800000 3.9671200000 3.2588600000
1.7845640000 4.1108000000 3.2666880000
1.7367840000 4.1649200000 3.3125600000
1.9791200000 3.3708440000 3.4108360000
1.9432640000 3.3498200000 3.3964400000
2.1256240000 4.3644800000 3.3442000000
2.0888800000 4.3628400000 3.3466800000
1.8415960000 3.8389760000 2.4190360000
1.7739520000 3.9206200000 2.3967320000
1.8163800000 3.6647880000 2.2404960000
1.7620720000 3.6853960000 2.2358600000
2.5308040000 3.2891520000 3.5860640000
2.4778480000 3.2614960000 3.5325960000
2.0881800000 3.7386280000 3.4892800000
2.1015120000 3.7886400000 3.4157360000
1.8171720000 4.1527200000 2.4422080000
1.8645760000 4.1676400000 2.4608720000
1.7696480000 4.2955600000 3.5506480000
1.7311200000 4.2930000000 3.5674480000
2.3375680000 3.4501560000 3.5581000000
2.2864760000 3.4269360000 3.5506880000
2.3105520000 2.9384920000 3.2487840000
2.2800000000 2.9600000000 3.2400000000
1.7864560000 3.9699440000 3.0754720000
1.7200000000 4.0000000000 3.0800000000
2.1979320000 4.0493600000 3.3737560000
2.1856400000 4.0661600000 3.3886320000
1.8577680000 4.4544800000 3.4234000000
1.8800000000 4.4800000000 3.4800000000
2.1450000000 4.3156400000 2.9012040000
2.2400000000 4.2800000000 2.9600000000
1.8216040000 4.0842800000 2.8701280000
1.8253320000 4.0182000000 2.9377520000
1.8079640000 3.9082680000 3.0402880000
1.7536520000 3.8818840000 3.0022080000
1.6400000000 3.6400000000 3.4800000000
1.6567440000 3.6887280000 3.4869920000
1.7893040000 4.3834800000 3.4823640000
1.7892080000 4.3164000000 3.4958040000
2.3869160000 3.4248520000 3.5711600000
2.3351520000 3.4517600000 3.6021560000
1.5160440000 4.0556800000 3.5467760000
1.5145320000 4.1017600000 3.5381080000
1.6696520000 3.5739640000 2.9182040000
1.6823920000 3.5128000000 2.9538120000
2.1972760000 3.2916840000 3.3849640000
2.2159240000 3.3182360000 3.4206680000
1.6967280000 3.7377840000 3.4120560000
1.7210240000 3.7045280000 3.3691840000
1.8862120000 4.4840800000 3.3780520000
1.8680840000 4.5436400000 3.3842080000
1.5402920000 3.9395960000 3.1818520000
1.5639560000 3.9181680000 3.1483240000
2.2545840000 3.8853800000 3.2531920000
2.2998760000 3.8506280000 3.2847720000
2.2104240000 4.4371600000 3.2390840000
2.1874400000 4.4612000000 3.2241400000
1.5684320000 3.9146960000 3.1991120000
1.5711200000 3.9068960000 3.2580400000
1.4400000000 3.9600000000 3.1600000000
1.4784000000 3.9744720000 3.1375040000
2.6400000000 3.2000000000 3.6400000000
2.6400000000 3.2000000000 3.6800000000
1.8954600000 4.3213200000 2.7185920000
1.9597600000 4.2982000000 2.7265640000
1.6813960000 3.5546120000 2.8497920000
1.6836280000 3.5974080000 2.8477440000
1.9772240000 3.8053480000 3.6180440000
1.9346840000 3.7917840000 3.5910680000
1.6395720000 3.9074800000 3.2950680000
1.6210280000 3.9594720000 3.3481080000
1.9398320000 3.2830880000 3.3243240000
2.0000000000 3.2400000000 3.3200000000
1.7708960000 3.6126640000 2.3437280000
1.7905720000 3.5098200000 2.3318640000
1.7091880000 3.9752160000 3.3579880000
1.7992840000 3.9756400000 3.3645400000
1.8512920000 4.4638400000 2.9868640000
1.8556280000 4.4613600000 3.0322960000
1.8400000000 4.2400000000 2.3200000000
1.8800000000 4.2000000000 2.3200000000
1.9505240000 3.2940960000 3.3381600000
1.9176480000 3.3441400000 3.3952000000
1.8843040000 4.2440400000 2.7570440000
1.8682360000 4.2583600000 2.7835320000
1.9502720000 3.5398200000 3.5413960000
1.8000000000 3.5600000000 3.4800000000
1.6426640000 3.7392920000 3.1936840000
1.7092000000 3.7931040000 3.1928280000
1.4985880000 4.0001200000 3.5529120000
1.4400000000 3.9200000000 3.5200000000
1.7438720000 3.9886320000 3.7176520000
1.7741160000 4.0138800000 3.7043600000
1.8400000000 3.2000000000 3.2000000000
1.8400000000 3.2400000000 3.2000000000
1.7642800000 3.9273280000 2.3785200000
1.7600000000 3.9200000000 2.4000000000
2.0040600000 3.9665560000 3.4690680000
1.9776560000 4.0387600000 3.5311640000
2.1360920000 3.0820720000 3.2824680000
2.1600000000 3.1200000000 3.2800000000
1.7350000000 3.8678120000 3.7334800000
1.7600000000 3.8400000000 3.7200000000
2.2111840000 3.2954000000 3.4408360000
2.2804360000 3.2926280000 3.4107160000
2.1356840000 3.6786320000 3.4952840000
2.1274160000 3.6899960000 3.5917600000
2.1028320000 3.9860520000 3.4081240000
2.0558040000 4.0081200000 3.3997880000
1.8930400000 4.2691600000 2.7432240000
1.8918080000 4.2447600000 2.6798240000
1.8767920000 4.2303200000 2.7743280000
1.7977120000 4.2674400000 2.6833920000
2.2403160000 3.5224200000 3.4840960000
2.2035160000 3.5467320000 3.4306840000
2.1670320000 3.6357200000 3.4946080000
2.2255840000 3.7097960000 3.5196680000
1.7020440000 4.1192400000 2.9276240000
1.7312480000 4.1442400000 2.9357120000
1.9944680000 4.1731600000 3.4667400000
1.9893720000 4.1615600000 3.4031000000
1.8007640000 4.0012800000 2.6968240000
1.7566960000 3.9977280000 2.7520840000
1.6563280000 3.9592120000 2.7295800000
1.6898400000 3.9274600000 2.7429360000
1.6432760000 4.0773200000 2.9193440000
1.5832760000 4.0877600000 2.9085240000
2.0800000000 3.4000000000 3.5600000000
2.0588640000 3.3952720000 3.6066040000
1.5200000000 3.9600000000 2.7600000000
1.5200000000 4.0000000000 2.6800000000
1.8818160000 3.2486000000 3.2522720000
1.8972160000 3.1839000000 3.3150440000
2.1725000000 4.3965600000 3.2899040000
2.2800000000 4.3600000000 3.3200000000
1.7576400000 4.2080800000 3.1328200000
1.6925880000 4.1679200000 3.1378120000
2.0872800000 4.3045200000 3.3843880000
2.1101960000 4.2642000000 3.3667280000
1.7200000000 4.0000000000 2.2400000000
1.7600000000 4.0800000000 2.2400000000
1.8400000000 4.5600000000 2.9200000000
1.8810320000 4.5113600000 2.9175640000
1.7250600000 4.0795200000 3.6821400000
1.6858520000 4.0065200000 3.6541360000
1.9124600000 4.5326400000 3.0437000000
1.8468760000 4.5462000000 3.0607080000
1.6474720000 4.3816000000 3.1368240000
1.6800000000 4.3600000000 3.1200000000
1.6091840000 4.4652800000 3.1453080000
1.5200000000 4.4400000000 3.2400000000
1.7337160000 3.4843800000 3.2502160000
1.7388520000 3.5229000000 3.2002760000
1.7962160000 4.3485600000 3.0726240000
1.8525640000 4.3445200000 3.1254600000
1.8189600000 4.3991600000 3.0434400000
1.7857280000 4.4037200000 3.0332400000
2.0613280000 3.0320320000 3.2474800000
2.0800000000 2.9600000000 3.2000000000
2.0383960000 4.2069200000 3.4460920000
2.0096440000 4.1852800000 3.4814840000
1.7937560000 4.0961200000 3.4260120000
1.7866400000 4.0796800000 3.5181800000
1.9789080000 3.7987840000 3.6894080000
2.0000000000 3.8800000000 3.7200000000
1.5041400000 3.9484160000 3.1614640000
1.5129440000 4.0081600000 3.1886240000
1.8103920000 3.9805280000 2.6194120000
1.8352160000 3.9877560000 2.6553040000
1.3741040000 4.1190800000 3.3924120000
1.4000000000 4.2000000000 3.2800000000
2.0998160000 3.7614680000 3.3928120000
2.2000000000 3.8000000000 3.4000000000
2.0533080000 3.9656320000 3.2806720000
2.0409320000 3.8976520000 3.2766280000
2.0000000000 4.6000000000 3.3200000000
2.0000000000 4.5600000000 3.3600000000
1.9680200000 4.5701200000 3.0057640000
2.0074240000 4.5194800000 3.0158760000
1.7133080000 4.4837600000 3.4169040000
1.7163560000 4.4840000000 3.3711960000
1.5655760000 4.2217200000 3.5738760000
1.6400000000 4.2000000000 3.4800000000
2.0400000000 4.0000000000 3.2000000000
2.0626120000 3.9970520000 3.1921160000
1.8961760000 3.5321560000 3.6896880000
2.0000000000 3.5200000000 3.8000000000
1.7200000000 3.5600000000 2.3600000000
1.7378040000 3.5888960000 2.3949320000
2.3021440000 3.4644720000 3.5342160000
2.3319680000 3.5097320000 3.4813520000
1.6400000000 4.5200000000 3.4000000000
1.6227240000 4.5122800000 3.4033720000
1.8464640000 3.3355480000 3.3818600000
1.8692240000 3.3870120000 3.3349720000
1.8180120000 3.9652040000 2.5704440000
1.7207160000 3.9600640000 2.5773280000
1.8000000000 3.4400000000 3.2800000000
1.7172280000 3.4302560000 3.2661000000
1.8796080000 3.3554720000 3.3795640000
1.9099160000 3.2676320000 3.4290480000
1.8160760000 3.6432800000 2.2110320000
1.8408080000 3.6611200000 2.2397720000
2.1802040000 4.2502400000 3.3086840000
2.1706200000 4.2522800000 3.2807440000
2.1891520000 3.2804360000 3.4979440000
2.2000000000 3.1600000000 3.5600000000
1.7493880000 4.0289600000 3.7033280000
1.7920440000 4.1097200000 3.6711960000
2.2656080000 3.7375440000 3.5640680000
2.3600000000 3.7200000000 3.4800000000
1.7650200000 3.9557720000 2.3324160000
1.7434520000 3.9352200000 2.3245920000
1.7464680000 3.7733680000 3.1938720000
1.7200000000 3.8400000000 3.1600000000
2.0000000000 3.7600000000 3.7600000000
1.9200000000 3.6800000000 3.7600000000
1.6000000000 4.3600000000 3.0800000000
1.5600000000 4.3600000000 3.0000000000
1.9113720000 3.4526440000 3.5641080000
1.8456320000 3.4828200000 3.5596800000
1.4464720000 3.8837960000 3.2299520000
1.4187520000 3.9478920000 3.2467160000
1.6739960000 4.3522400000 3.5600120000
1.6637520000 4.3466000000 3.4985080000
2.3170160000 4.0287600000 3.3161920000
2.3192840000 4.0564400000 3.2724760000
1.5392200000 4.2404400000 3.5586960000
1.5627280000 4.2370800000 3.5916200000
2.2592760000 3.5964320000 3.5942880000
2.3600000000 3.6000000000 3.6000000000
2.4552600000 3.3961040000 3.6594840000
2.5600000000 3.3600000000 3.7200000000
1.8400000000 3.8400000000 3.0400000000
1.8800000000 3.8400000000 3.0800000000
1.7975440000 3.7297920000 3.1668920000
1.7828800000 3.6993160000 3.2053760000
1.7200000000 3.8400000000 3.7600000000
1.7282840000 3.8392040000 3.7286680000
2.2171000000 4.2457200000 3.2044280000
2.2000000000 4.1600000000 3.2000000000
2.0049000000 3.8344800000 3.5378840000
2.0838760000 3.8315040000 3.5765360000
2.4800000000 3.2400000000 3.4800000000
2.4754600000 3.2239400000 3.5363040000
1.4686320000 4.2825600000 3.4656880000
1.5087280000 4.2835200000 3.4170480000
1.7850800000 4.1177200000 3.1831720000
1.7669080000 4.0777200000 3.2542160000
1.6000000000 3.5200000000 3.2400000000
1.5600000000 3.5600000000 3.2400000000
2.2443720000 3.1309200000 3.3488560000
2.1836640000 3.1020800000 3.3865120000
2.0846240000 3.2132080000 3.4783200000
2.0800000000 3.2800000000 3.4800000000
2.0000000000 4.6000000000 3.0000000000
1.9600000000 4.6000000000 2.9600000000
1.7207480000 3.8811480000 3.3785640000
1.6653000000 3.8823160000 3.4429280000
2.0248120000 3.1496680000 3.4971560000
2.0000000000 3.1600000000 3.5600000000
1.7870680000 3.2997720000 3.3991520000
1.7984120000 3.2842480000 3.3566560000
1.8052800000 4.3802400000 3.0557680000
1.8000000000 4.3200000000 2.9200000000
2.3020880000 3.0212840000 3.3241360000
2.3511160000 3.0289800000 3.3581120000
2.0601440000 4.2974400000 2.9452560000
2.0000000000 4.3600000000 2.9600000000
2.0936320000 3.7306400000 3.3196480000
2.0400000000 3.6800000000 3.3200000000
1.6794000000 3.7073160000 3.4249400000
1.7200000000 3.7200000000 3.4400000000
1.6319680000 3.7026240000 3.0937360000
1.5973600000 3.7209720000 3.1498840000
1.6992160000 4.5474000000 3.2966880000
1.7293320000 4.5141600000 3.2957360000
1.8854600000 4.3405200000 2.7075160000
2.0000000000 4.4800000000 2.7200000000
2.2800000000 4.2800000000 3.1200000000
2.3200000000 4.3600000000 3.1600000000
1.4917920000 3.9085160000 3.2561360000
1.4853880000 3.8954280000 3.3327280000
1.6800000000 4.0400000000 2.6800000000
1.6901600000 4.0883600000 2.6479440000
1.8866400000 3.9751240000 2.9598640000
1.7600000000 3.9600000000 2.9200000000
1.8075360000 3.5420760000 2.1362360000
1.7600000000 3.5600000000 2.2000000000
1.7716440000 3.2974240000 3.3957880000
1.7200000000 3.3200000000 3.4800000000
1.5543560000 3.8816760000 3.0846000000
1.5407560000 3.8978360000 3.0749320000
2.0495360000 4.0232400000 3.5629960000
2.0487800000 4.0714000000 3.5404760000
1.6486560000 3.8235680000 2.6966640000
1.6242600000 3.8573520000 2.6874840000
1.6378440000 3.6499880000 3.0404520000
1.7200000000 3.6400000000 3.0800000000
2.2224000000 3.4266080000 3.4325680000
2.1809520000 3.4426320000 3.4961360000
2.2587760000 3.8505400000 3.2175600000
2.2400000000 3.7600000000 3.2400000000
2.1758000000 3.5308640000 3.4132200000
2.1935320000 3.5429160000 3.3567880000
1.9875960000 3.8156360000 3.6652920000
1.9600000000 3.7600000000 3.6400000000
1.8162760000 3.9712840000 3.3498080000
1.8400000000 3.9200000000 3.4400000000
1.8738400000 3.9434800000 3.2616800000
1.9200000000 4.0000000000 3.2400000000
1.8942200000 3.9436320000 2.9527720000
1.9600000000 3.9600000000 3.0000000000
1.6488680000 3.7655000000 2.6781320000
1.6452640000 3.7688920000 2.6550640000
1.6944360000 4.6065600000 3.2481320000
1.6400000000 4.6000000000 3.2000000000
1.9541320000 4.5388800000 3.0313680000
1.9800880000 4.5896800000 3.0736080000
1.9979880000 4.0350800000 3.5350080000
1.9713680000 4.0248400000 3.5740680000
1.6000000000 4.5200000000 3.1600000000
1.6000000000 4.4800000000 3.1200000000
2.2546520000 3.8591200000 3.2450040000
2.3200000000 3.8800000000 3.1600000000
2.4511680000 3.3433640000 3.5645920000
2.4183040000 3.3200800000 3.6239320000
1.7363760000 3.9728000000 2.7465360000
1.7145400000 4.0072800000 2.7731320000
2.2853800000 4.0443200000 3.3253120000
2.2857000000 4.0108400000 3.3620400000
1.4000000000 3.8400000000 3.2400000000
1.4000000000 3.8800000000 3.1600000000
2.0800000000 4.4000000000 3.3600000000
2.0636880000 4.3998800000 3.2940280000
1.9285480000 4.1778000000 3.0455480000
1.9254440000 4.1632000000 3.1020560000
2.0202360000 4.2631600000 2.9908960000
2.0400000000 4.2000000000 2.9600000000
1.5914480000 3.7488320000 2.9525840000
1.6000000000 3.7600000000 3.0000000000
1.8405880000 4.0409200000 2.4996440000
1.8201840000 4.0063600000 2.4988840000
1.9647840000 4.1437200000 3.4745040000
1.9064040000 4.1140400000 3.4732760000
1.7543920000 4.4330400000 2.9781440000
1.7688400000 4.4314400000 2.9027240000
2.0000000000 3.1200000000 3.5200000000
2.0000000000 3.0800000000 3.4400000000
2.1600000000 3.5200000000 3.4000000000
2.0800000000 3.4800000000 3.3600000000
1.6717320000 4.4926800000 3.4153600000
1.7092520000 4.4965600000 3.4276160000
1.5600000000 3.8000000000 2.8400000000
1.6000000000 3.7200000000 2.8000000000
1.7658720000 4.2667200000 2.6826400000
1.7905840000 4.3059200000 2.6553240000
2.0000000000 4.3200000000 2.7200000000
2.0083720000 4.3290400000 2.6824120000
1.6140520000 3.5625120000 3.4615760000
1.5810560000 3.5961920000 3.4223320000
1.8367960000 3.9619160000 3.3158600000
1.9200000000 3.8800000000 3.3200000000
2.1159520000 3.0653960000 3.2747400000
2.1470880000 3.0302200000 3.2926760000
1.9200000000 4.1600000000 2.8000000000
2.0000000000 4.2800000000 2.8400000000
1.7683080000 3.8349840000 2.9551200000
1.6800000000 3.8800000000 3.0000000000
1.6171760000 3.5162880000 3.4494880000
1.6400000000 3.5200000000 3.5600000000
1.5628120000 4.0714800000 2.8931640000
1.4800000000 4.1200000000 2.9600000000
1.6412080000 3.8553640000 2.7070640000
1.6198600000 3.8862080000 2.7793720000
2.0649840000 4.3447600000 2.6997160000
2.0000000000 4.3600000000 2.6000000000
2.0796240000 4.2381600000 3.1286640000
2.0962080000 4.1838800000 3.0695440000
2.1582480000 3.5134240000 3.6981720000
2.1200000000 3.5200000000 3.6800000000
1.8623040000 3.3648920000 3.5759280000
1.9200000000 3.3200000000 3.5600000000
2.1538120000 3.4529640000 3.7677800000
2.2000000000 3.4000000000 3.7600000000
1.6716640000 3.9085520000 2.7377480000
1.7200000000 3.8000000000 2.8400000000
1.9073440000 4.4943600000 3.3601280000
1.8800000000 4.4800000000 3.3200000000
1.8048600000 3.6941720000 2.2690400000
1.7578640000 3.7309200000 2.3032160000
2.4651040000 3.1192680000 3.5192360000
2.3600000000 3.1200000000 3.5600000000
1.7764600000 4.3232800000 3.5200600000
1.8108240000 4.3150400000 3.5637320000
2.5452080000 3.2689680000 3.6059480000
2.6000000000 3.3200000000 3.6000000000
1.9678360000 3.3942680000 3.4308360000
2.0000000000 3.4400000000 3.2800000000
2.2273960000 4.2612800000 3.1922040000
2.2492280000 4.2219200000 3.1497440000
2.0507320000 4.2067200000 3.0748680000
2.0625800000 4.2793200000 3.0641040000
1.8142600000 3.7264680000 2.3347440000
1.8143200000 3.7697400000 2.3950680000
1.6026240000 3.7507680000 3.0016240000
1.6923760000 3.7343600000 3.0265320000
1.7441120000 3.4791840000 3.1507600000
1.8000000000 3.3600000000 3.1600000000
1.4599360000 4.1036000000 3.4773040000
1.4000000000 4.1200000000 3.5600000000
2.2029560000 3.1981320000 3.3430400000
2.2162440000 3.2453880000 3.3349920000
1.9513640000 4.5505600000 3.2484240000
1.8800000000 4.4800000000 3.2000000000
1.3565320000 4.0996400000 3.3669400000
1.3200000000 4.1600000000 3.3600000000
2.0292400000 3.6439280000 3.4915680000
2.0248680000 3.6891360000 3.4862360000
1.7020240000 4.1875200000 3.3055960000
1.7600000000 4.2400000000 3.2800000000
1.8692640000 3.5531000000 3.7118120000
1.8800000000 3.4800000000 3.7600000000
1.8526240000 3.9661840000 3.2979080000
1.8000000000 3.9200000000 3.2400000000
1.7738400000 3.7398240000 3.1937600000
1.8400000000 3.8000000000 3.2000000000
1.6268000000 4.1882000000 3.3153600000
1.6014800000 4.1966400000 3.2793600000
1.8522240000 4.4986800000 2.9555520000
1.9200000000 4.4800000000 2.9200000000
1.9831320000 4.0367200000 3.6004840000
1.9200000000 3.9200000000 3.6000000000
1.6800000000 4.6400000000 3.2400000000
1.7600000000 4.6800000000 3.2000000000
2.0000000000 4.0800000000 3.6800000000
2.0400000000 4.1200000000 3.6400000000
1.5605360000 3.7731480000 3.3197880000
1.6000000000 3.8000000000 3.3600000000
1.7480960000 4.0386000000 2.6758520000
1.7923880000 4.0448800000 2.6824120000
1.8203400000 3.4322080000 2.2880080000
1.7600000000 3.4800000000 2.3600000000
1.6000000000 3.4800000000 3.4400000000
1.6400000000 3.4800000000 3.4400000000
2.1206000000 4.3001200000 2.9307880000
2.1600000000 4.4000000000 2.9600000000
1.8165280000 4.3185200000 3.4378280000
1.9200000000 4.3200000000 3.4400000000
2.2043600000 4.1039200000 3.4154360000
2.1600000000 4.1200000000 3.3200000000
1.6227920000 4.3880800000 3.5726560000
1.6800000000 4.4800000000 3.5600000000
1.8952320000 4.1526800000 3.0514000000
1.8726400000 4.1308800000 3.0008280000
1.8889960000 3.5922160000 2.2242400000
1.9600000000 3.6800000000 2.2400000000
1.7557760000 3.9644040000 3.5448920000
1.6400000000 4.0000000000 3.5200000000
1.5044160000 3.7413080000 3.3511640000
1.4400000000 3.7200000000 3.2800000000
1.9660320000 4.5520400000 3.2374800000
1.9490880000 4.6000000000 3.2330600000
2.3140240000 4.1622000000 3.3027320000
2.3200000000 4.1600000000 3.3600000000
2.0000000000 4.5600000000 3.2000000000
2.0000000000 4.5200000000 3.1600000000
1.6800000000 4.3200000000 2.6400000000
1.6400000000 4.2800000000 2.6800000000
2.0400000000 4.0400000000 3.4000000000
2.0400000000 4.0800000000 3.2800000000
1.8400000000 3.3600000000 2.2800000000
1.8400000000 3.4000000000 2.2400000000
1.4183120000 4.2758000000 3.4519160000
1.3600000000 4.3200000000 3.4000000000
1.6571000000 4.0966000000 2.9190320000
1.6938440000 4.1257600000 2.8779400000
1.6703160000 3.9893240000 2.5476080000
1.6741800000 3.9301520000 2.5527760000
1.4521240000 4.1128000000 3.4537520000
1.4359360000 4.0832800000 3.4571000000
2.4000000000 4.2400000000 3.2400000000
2.4000000000 4.2400000000 3.2000000000
1.6400000000 4.0000000000 2.5200000000
1.6000000000 4.0400000000 2.5200000000
2.1600000000 4.2800000000 3.4400000000
2.1600000000 4.2800000000 3.4800000000
1.5200000000 4.0400000000 2.8400000000
1.5200000000 4.0400000000 2.8000000000
2.1054560000 4.3454000000 3.3590240000
2.0400000000 4.4400000000 3.4400000000
1.8525560000 4.0705600000 2.4814320000
1.8734880000 4.0340400000 2.4212080000
2.0800000000 4.0000000000 3.6400000000
2.1200000000 3.9600000000 3.6400000000
2.3353840000 3.4495000000 3.6390360000
2.3200000000 3.4400000000 3.6000000000
2.3600000000 4.0400000000 3.2400000000
2.3600000000 4.1200000000 3.1600000000
1.8992880000 4.2442400000 2.4372240000
1.8400000000 4.3200000000 2.4000000000
1.7464360000 4.2597200000 3.1093960000
1.8140480000 4.2228000000 3.1513560000
1.7600000000 3.9200000000 3.5600000000
1.7600000000 3.8800000000 3.5600000000
2.3600000000 3.4800000000 3.7200000000
2.3600000000 3.4000000000 3.7600000000
2.2800000000 3.7600000000 3.6000000000
2.3200000000 3.7600000000 3.6000000000
1.4960640000 3.7256920000 3.3541880000
1.4800000000 3.7200000000 3.4400000000
1.7001560000 3.9448600000 2.7421640000
1.7448720000 3.9186400000 2.7310120000
1.8985080000 4.5402800000 2.8479720000
1.9200000000 4.4800000000 2.8000000000
2.2719720000 3.9222960000 3.4946360000
2.2000000000 3.9200000000 3.4800000000
2.1788720000 3.4299920000 3.5244600000
2.1200000000 3.4400000000 3.4800000000
1.6637040000 3.5735720000 2.9416840000
1.7200000000 3.5600000000 2.9600000000
1.8800000000 4.0400000000 2.6800000000
1.8800000000 3.9200000000 2.6400000000
2.2115680000 3.3716760000 3.4012680000
2.2600640000 3.4192120000 3.4016320000
1.5643080000 4.1226800000 3.5833680000
1.5832480000 4.1011600000 3.6173040000
2.4486640000 3.4047520000 3.6329720000
2.4400000000 3.4800000000 3.6800000000
2.3200000000 3.9200000000 3.5200000000
2.3200000000 3.8800000000 3.5200000000
1.9746720000 4.5472400000 3.2173560000
2.0800000000 4.6000000000 3.2400000000
1.8800000000 4.4800000000 2.6000000000
1.9200000000 4.4000000000 2.4800000000
2.2778960000 3.3150760000 3.6223000000
2.1600000000 3.2800000000 3.6400000000
1.8570640000 4.3618000000 3.1633120000
1.9600000000 4.3600000000 3.1200000000
1.6847280000 4.1266400000 2.6130120000
1.5600000000 4.1200000000 2.6400000000
1.6458400000 4.2977600000 2.9763440000
1.6400000000 4.2800000000 3.0000000000
1.7423960000 3.9518440000 3.7236840000
1.7322120000 4.0043600000 3.7311840000
1.8124320000 3.5009680000 3.5999920000
1.8336400000 3.4549880000 3.5241400000
1.8110040000 4.3328000000 3.3829160000
1.8800000000 4.3600000000 3.2800000000
2.2470840000 4.2752000000 3.1853840000
2.2000000000 4.3200000000 3.1200000000
1.8826880000 4.1560400000 3.4396160000
1.9200000000 4.0400000000 3.4000000000
2.2081200000 3.9806040000 3.1892960000
2.1600000000 3.9200000000 3.1600000000
1.7955680000 4.3183600000 3.4810760000
1.7758000000 4.2548400000 3.4945880000
1.6827520000 4.1918400000 3.3066160000
1.7000440000 4.2766800000 3.2823320000
1.6000000000 4.3200000000 2.8400000000
1.5600000000 4.2800000000 2.8800000000
2.2629080000 3.1026840000 3.3490280000
2.3200000000 3.1200000000 3.3200000000
1.8800000000 3.3600000000 3.6400000000
1.9200000000 3.3600000000 3.7200000000
1.6893520000 4.5556800000 3.2821280000
1.6800000000 4.6400000000 3.3200000000
1.5600000000 4.5200000000 3.4400000000
1.5600000000 4.5600000000 3.3200000000
1.5504680000 3.9055560000 3.1039560000
1.5953520000 3.9383280000 3.1019160000
1.9734360000 3.8070960000 3.5812120000
1.9909000000 3.8336320000 3.5181680000
1.6603800000 4.1907200000 3.2996400000
1.6400000000 4.2400000000 3.3600000000
1.8400000000 4.2000000000 3.4400000000
1.8800000000 4.2000000000 3.3600000000
1.7617560000 3.9388840000 2.3511800000
1.6400000000 3.9200000000 2.3600000000
2.0833480000 3.7527920000 3.3723600000
2.1117160000 3.7130120000 3.3890040000
1.8864200000 4.1207200000 2.9924200000
1.8674960000 4.1459600000 2.9545560000
1.4373640000 4.2815200000 3.4508040000
1.4791680000 4.3434800000 3.4514400000
2.1094880000 3.6832160000 3.6176960000
2.2000000000 3.6800000000 3.6800000000
1.6085760000 4.2961600000 2.9160840000
1.6800000000 4.3200000000 2.8400000000
1.4391400000 4.1184000000 3.4313720000
1.4800000000 4.1600000000 3.4000000000
1.6400000000 3.7200000000 2.6800000000
1.6000000000 3.6800000000 2.6800000000
1.8425760000 4.1920000000 2.3704200000
1.8021920000 4.1690000000 2.3804240000
1.9988880000 3.5953120000 3.4901680000
2.0646800000 3.6125920000 3.5049440000
2.3200000000 2.9200000000 3.2400000000
2.2930000000 2.8983040000 3.2136640000
2.2800000000 3.6000000000 3.6000000000
2.2800000000 3.5600000000 3.6800000000
2.0800000000 3.6800000000 3.6800000000
2.0800000000 3.6800000000 3.7200000000
2.1379280000 4.3692000000 3.3297200000
2.1200000000 4.4800000000 3.3600000000
1.6277600000 4.1642800000 3.0999920000
1.6400000000 4.1600000000 3.2000000000
2.4271280000 3.3663000000 3.5729200000
2.4013520000 3.3687800000 3.5120800000
2.1162480000 3.8301960000 3.5748840000
2.0800000000 3.8000000000 3.6400000000
1.9200000000 3.9200000000 2.9600000000
1.8800000000 3.8800000000 2.9200000000
1.4800000000 3.9600000000 3.5600000000
1.5200000000 3.8400000000 3.6000000000
2.1200000000 4.2800000000 3.1600000000
2.0800000000 4.2400000000 3.1600000000
2.4243760000 2.8195840000 3.2854240000
2.3600000000 2.8800000000 3.3200000000
1.8255640000 4.2229600000 3.1284560000
1.8800000000 4.2400000000 3.2400000000
1.8000000000 3.5200000000 2.0800000000
1.8400000000 3.4800000000 2.1200000000
2.0571240000 3.3857720000 3.6316080000
2.1200000000 3.4000000000 3.6400000000
1.7910120000 4.0180800000 2.4671040000
1.8800000000 3.8800000000 2.4400000000
1.7453880000 3.4934280000 3.1772280000
1.7917640000 3.5335440000 3.2342880000
1.7828640000 3.4891440000 3.6103400000
1.8000000000 3.5600000000 3.6400000000
2.0400000000 3.3200000000 3.6800000000
2.0800000000 3.3200000000 3.7200000000
1.7200000000 4.0800000000 3.3200000000
1.6400000000 4.0800000000 3.3600000000
1.9600000000 4.3200000000 2.4400000000
2.0000000000 4.2800000000 2.4800000000
2.2789000000 3.3063720000 3.6578560000
2.3200000000 3.2400000000 3.6000000000
2.0662440000 3.8635760000 3.2524640000
2.0205000000 3.8788160000 3.2281240000
1.8000000000 3.7600000000 2.4000000000
1.7600000000 3.6800000000 2.4800000000
1.7417400000 4.0643200000 2.4237520000
1.7600000000 4.0400000000 2.3600000000
1.9254600000 3.2590800000 3.3087240000
1.9200000000 3.3200000000 3.2800000000
1.6106720000 3.7053640000 3.5402040000
1.6400000000 3.6400000000 3.6400000000
1.6086120000 4.1690000000 3.0663200000
1.5414480000 4.1698800000 3.1057400000
1.8894280000 3.2476360000 3.4438040000
1.9600000000 3.2000000000 3.4400000000
1.7600000000 3.4800000000 3.1200000000
1.7200000000 3.4400000000 3.1200000000
1.8165680000 4.3662800000 3.5730200000
1.8220560000 4.3041600000 3.5779920000
1.6984040000 3.5644760000 3.2164200000
1.6800000000 3.5200000000 3.3200000000
1.5073720000 3.9006800000 2.9584920000
1.5600000000 3.8800000000 3.0000000000
1.8310920000 4.1534400000 3.6754600000
1.8800000000 4.0800000000 3.6400000000
1.9200000000 3.5600000000 2.2000000000
1.8800000000 3.5200000000 2.2400000000
1.3942640000 4.0321600000 3.4428600000
1.3600000000 4.0800000000 3.4400000000
1.7244520000 3.7334800000 3.7179560000
1.6400000000 3.8000000000 3.6800000000
1.8458760000 4.4388800000 3.4418680000
1.9600000000 4.4000000000 3.5200000000
1.6243080000 4.0738400000 2.9283160000
1.6532400000 4.0416000000 2.9312840000
1.5052600000 4.0354800000 3.5506920000
1.5200000000 4.0000000000 3.4800000000
1.5233000000 3.7577880000 3.3213200000
1.5600000000 3.6800000000 3.3200000000
2.1600000000 4.3200000000 2.8800000000
2.2000000000 4.3600000000 2.8400000000
2.0537240000 3.3701360000 3.6407360000
2.0400000000 3.4400000000 3.7200000000
1.7200000000 3.6800000000 3.7200000000
1.7600000000 3.6800000000 3.7200000000
1.9411760000 3.5468080000 3.6066560000
1.9600000000 3.6000000000 3.5200000000
1.4000000000 4.0400000000 3.0400000000
1.3600000000 4.0800000000 3.1600000000
1.7242640000 4.2858000000 2.6699880000
1.7200000000 4.2000000000 2.7200000000
1.9865200000 4.1715200000 3.3760040000
2.0000000000 4.1600000000 3.4000000000
1.8894920000 4.5196000000 2.8700160000
1.9663840000 4.5275200000 2.8774800000
2.4634080000 3.2031920000 3.5303280000
2.5600000000 3.1600000000 3.5600000000
1.7225960000 3.7349280000 2.3085640000
1.7600000000 3.7600000000 2.2800000000
1.8361640000 4.4311600000 3.0271680000
1.8800000000 4.3600000000 3.0000000000
1.8400000000 4.2000000000 3.6800000000
1.9200000000 4.2000000000 3.6800000000
1.4800000000 3.9200000000 2.9200000000
1.4800000000 3.8800000000 2.8800000000
1.7546680000 3.9827960000 2.3124240000
1.8400000000 3.9600000000 2.2800000000
1.6152000000 3.5764240000 3.2323640000
1.6000000000 3.5600000000 3.1200000000
1.5487400000 4.0616800000 2.8615320000
1.4800000000 4.0000000000 2.9200000000
2.0800000000 3.8400000000 3.2400000000
2.1200000000 3.8000000000 3.2000000000
1.6400000000 3.7200000000 2.3200000000
1.6400000000 3.7200000000 2.3600000000
1.8006640000 4.3142000000 2.6277000000
1.7600000000 4.4000000000 2.6800000000
2.1008040000 3.0449240000 3.2531960000
2.0400000000 3.0400000000 3.3200000000
1.6784400000 4.2980000000 3.2812680000
1.6997840000 4.2887600000 3.2646720000
1.7667760000 4.4182000000 2.9842200000
1.7734080000 4.4542000000 3.0694000000
1.4379840000 3.8539640000 3.3593840000
1.4800000000 3.9200000000 3.3600000000
1.7060400000 3.7644720000 3.3971760000
1.7200000000 3.7600000000 3.3200000000
2.2190200000 3.5202800000 3.3146720000
2.1200000000 3.5600000000 3.2800000000
1.6223600000 4.4197200000 3.1571800000
1.5600000000 4.3600000000 3.1600000000
1.6800000000 4.1600000000 2.6000000000
1.6800000000 4.1600000000 2.5600000000
1.6800000000 3.6400000000 3.3200000000
1.8000000000 3.6400000000 3.3600000000
2.3287960000 3.8376880000 3.3095440000
2.3303400000 3.8059000000 3.2608920000
1.9201080000 3.1394400000 3.3284600000
1.8400000000 3.1600000000 3.3200000000
2.1981320000 3.2809680000 3.4711880000
2.2400000000 3.2000000000 3.4400000000
1.6256880000 3.8752320000 3.4523600000
1.6400000000 3.8000000000 3.5600000000
1.6356680000 3.9559520000 3.6574560000
1.7200000000 3.9600000000 3.6400000000
1.7200000000 4.4800000000 2.9600000000
1.6800000000 4.4400000000 2.9600000000
2.2800000000 3.2800000000 3.6800000000
2.2800000000 3.3200000000 3.7200000000
2.4491280000 3.1790760000 3.5361240000
2.4400000000 3.1600000000 3.4400000000
2.1200000000 4.3600000000 2.6800000000
2.1200000000 4.3600000000 2.7600000000
1.7600000000 4.2000000000 2.3600000000
1.8000000000 4.1200000000 2.3200000000
2.2614520000 3.6159600000 3.4329320000
2.3200000000 3.6000000000 3.4800000000
1.9557160000 4.1950400000 3.0407160000
1.8800000000 4.2400000000 3.0400000000
1.7923880000 4.0451600000 3.1034680000
1.8323880000 4.0585600000 3.1302440000
1.8176560000 3.7759040000 3.3722440000
1.8400000000 3.7200000000 3.4800000000
1.8314480000 3.7644800000 3.6014440000
1.8400000000 3.8400000000 3.6400000000
1.9576360000 3.5633840000 3.4244920000
1.9164600000 3.5236480000 3.4327600000
1.9200000000 4.0800000000 2.9600000000
1.9200000000 4.0800000000 2.8800000000
1.6360640000 3.6217800000 3.0165720000
1.6400000000 3.6800000000 2.9200000000
1.6800000000 3.4000000000 3.3200000000
1.7200000000 3.3200000000 3.2400000000
1.9969200000 4.0646000000 3.6206200000
2.0000000000 4.0000000000 3.6800000000
2.0000000000 3.7200000000 3.5200000000
1.9200000000 3.6800000000 3.4000000000
1.6614440000 4.3765600000 3.5628240000
1.6800000000 4.4000000000 3.6400000000
1.3600000000 3.9600000000 3.4000000000
1.3600000000 3.9200000000 3.4000000000
1.6000000000 4.4000000000 3.6000000000
1.5600000000 4.4000000000 3.5600000000
1.7910040000 4.0677600000 2.6536520000
1.8400000000 4.0800000000 2.7600000000
1.7675240000 4.2172800000 3.4659920000
1.7600000000 4.1600000000 3.5600000000
1.4955480000 4.0158000000 3.5491880000
1.4800000000 4.0000000000 3.6000000000
2.0400000000 3.0000000000 3.2400000000
1.9600000000 3.0400000000 3.2400000000
1.6498920000 4.1537600000 2.8394200000
1.7200000000 4.0800000000 2.8400000000
1.8000000000 4.1200000000 2.6000000000
1.8000000000 4.1600000000 2.6000000000
2.2000000000 3.8400000000 3.6000000000
2.2000000000 3.8000000000 3.6000000000
1.6496440000 3.7862760000 2.6751480000
1.6800000000 3.8000000000 2.7200000000
1.6383240000 3.6904680000 3.5200560000
1.6880360000 3.6510320000 3.5140040000
1.6013560000 3.9636360000 2.7310040000
1.6400000000 4.0000000000 2.6800000000
1.7267400000 4.0451600000 3.2552040000
1.8000000000 4.0400000000 3.2400000000
1.5881760000 3.7977400000 3.3186280000
1.5600000000 3.8000000000 3.2000000000
1.5406320000 3.9019200000 3.2651080000
1.5200000000 4.0000000000 3.2400000000
1.6776360000 3.8174240000 2.4671880000
1.6800000000 3.8400000000 2.4400000000
2.2722120000 3.6257760000 3.3779600000
2.3087560000 3.6249480000 3.3547480000
1.8493920000 4.2851600000 3.5619240000
1.8000000000 4.2800000000 3.6800000000
2.0582080000 3.3556000000 3.6545760000
2.0306040000 3.3360400000 3.6341600000
1.7200000000 3.4800000000 2.7600000000
1.7200000000 3.4800000000 2.7600000000
1.6000000000 3.9200000000 3.6400000000
1.6000000000 3.9200000000 3.6800000000
1.6905800000 3.7246840000 2.3236640000
1.6400000000 3.8000000000 2.2800000000
1.9787080000 3.7761720000 3.7078520000
1.9200000000 3.8000000000 3.7600000000
1.7600000000 3.2800000000 3.4000000000
1.6800000000 3.3200000000 3.3600000000
2.0020760000 4.1943200000 3.3056120000
2.0000000000 4.2800000000 3.2800000000
1.7658800000 4.2170800000 2.4705880000
1.8000000000 4.1600000000 2.4800000000
1.6141320000 3.8773760000 3.4714200000
1.5200000000 3.8400000000 3.4400000000
1.7925360000 3.9216040000 3.0422600000
1.8000000000 3.9200000000 3.1200000000
2.0839000000 4.3482400000 3.0846600000
2.1200000000 4.2800000000 3.0400000000
2.0783040000 3.7388880000 3.3503840000
2.0246200000 3.7402200000 3.3314240000
2.2442760000 4.0240400000 3.1484040000
2.3200000000 4.0000000000 3.1600000000
1.7137120000 4.5132400000 3.3181440000
1.6400000000 4.4400000000 3.3200000000
2.1580080000 4.3770800000 3.3186440000
2.1200000000 4.3600000000 3.2000000000
2.0461400000 3.9745160000 3.2448880000
2.0800000000 4.0000000000 3.2400000000
2.2800000000 3.6400000000 3.3600000000
2.2400000000 3.6400000000 3.3200000000
1.6051080000 4.1592000000 3.0556080000
1.5600000000 4.2000000000 3.0000000000
1.7200000000 4.2400000000 2.4800000000
1.7600000000 4.2800000000 2.4800000000
2.0000000000 4.2000000000 3.2800000000
2.0400000000 4.1600000000 3.2000000000
2.1600000000 3.2800000000 3.5200000000
2.2000000000 3.2800000000 3.5200000000
1.4000000000 3.8400000000 3.4000000000
1.4000000000 3.8000000000 3.3600000000
1.8526320000 4.6062800000 3.3488800000
1.8800000000 4.5600000000 3.4000000000
1.4000000000 4.2800000000 3.4400000000
1.3600000000 4.2400000000 3.4800000000
1.7071680000 4.3084000000 3.5600480000
1.6800000000 4.2800000000 3.6800000000
2.3600000000 3.8400000000 3.3200000000
2.3600000000 3.8000000000 3.3600000000
1.7227000000 3.5385600000 3.2087360000
1.6400000000 3.4800000000 3.2000000000
2.2400000000 4.1200000000 3.4400000000
2.2000000000 4.1600000000 3.4400000000
1.7334480000 4.4401600000 2.9718920000
1.7600000000 4.5200000000 2.9600000000
1.5049440000 4.1578800000 3.0935040000
1.4000000000 4.2000000000 3.1600000000
1.8400000000 4.3600000000 2.8000000000
1.9200000000 4.3600000000 2.8800000000
2.4764480000 3.3120920000 3.5576360000
2.5200000000 3.3600000000 3.5200000000
1.8400000000 3.7200000000 3.1600000000
1.8000000000 3.7200000000 3.1200000000
1.6000000000 3.7600000000 2.4800000000
1.6400000000 3.7200000000 2.4800000000
1.7176160000 4.4980000000 3.2620680000
1.8000000000 4.5600000000 3.2800000000
1.9600000000 3.5600000000 3.4000000000
1.9545120000 3.5620600000 3.3876960000
2.3764200000 3.4850480000 3.4487080000
2.4000000000 3.5600000000 3.5200000000
1.6392440000 4.1805600000 2.8156400000
1.5600000000 4.1600000000 2.8000000000
1.9141760000 3.7952120000 3.5927560000
1.8800000000 3.6800000000 3.6000000000
2.0748520000 4.3796400000 3.1011720000
2.1039400000 4.3799600000 3.0774800000
1.8152360000 4.3217200000 3.4625840000
1.7200000000 4.3200000000 3.4000000000
1.8337760000 4.3807200000 3.5773760000
1.8000000000 4.4400000000 3.5600000000
1.8760200000 4.3626800000 2.6823000000
1.8400000000 4.4000000000 2.7600000000
1.7559200000 3.5974680000 2.3633240000
1.6800000000 3.6000000000 2.3200000000
1.5200000000 3.6000000000 3.4400000000
1.5785120000 3.5458240000 3.3931120000
1.8400000000 3.2000000000 3.4800000000
1.8400000000 3.1600000000 3.4400000000
1.9504000000 4.1339600000 3.1306520000
1.9600000000 4.2400000000 3.1600000000
1.6998440000 4.0428800000 3.2422680000
1.6800000000 3.9600000000 3.2800000000
1.5733120000 4.0082000000 3.3418920000
1.6000000000 3.9200000000 3.3600000000
1.7200000000 4.0800000000 2.4000000000
1.6800000000 4.1200000000 2.4400000000
2.1539720000 3.1250320000 3.2933120000
2.0400000000 3.1600000000 3.2800000000
1.5200000000 4.0800000000 3.1600000000
1.4400000000 4.0800000000 3.2400000000
1.9041040000 3.4069400000 3.6179680000
1.9600000000 3.4400000000 3.6400000000
1.8400000000 4.6400000000 3.3200000000
1.8400000000 4.6800000000 3.3200000000
1.9600000000 3.3200000000 3.4000000000
2.0400000000 3.3600000000 3.3600000000
2.3132880000 2.9917880000 3.3041200000
2.2800000000 2.9600000000 3.3600000000
2.0625280000 4.0082000000 3.5941480000
2.1600000000 4.0000000000 3.5600000000
1.9200000000 4.6000000000 2.8000000000
1.9200000000 4.6000000000 2.8400000000
1.8400000000 4.0000000000 3.7200000000
1.8800000000 3.9200000000 3.7600000000
1.6800000000 4.0400000000 3.2400000000
1.6400000000 4.0400000000 3.2000000000
1.7743680000 4.0369600000 2.4307120000
1.6800000000 4.0000000000 2.4400000000
2.0299800000 4.3999200000 3.2563800000
2.0800000000 4.4800000000 3.2400000000
1.9320440000 3.5408680000 3.6432160000
1.9600000000 3.6000000000 3.6800000000
2.1600000000 3.6800000000 3.4000000000
2.0800000000 3.6000000000 3.3600000000
2.3474800000 3.4486160000 3.6691960000
2.2800000000 3.4400000000 3.7200000000
1.4024440000 4.0632800000 3.4469280000
1.4400000000 4.0400000000 3.3600000000
1.8877560000 3.9973680000 3.1248040000
1.8800000000 4.1200000000 3.2000000000
2.1677960000 3.4678160000 3.7308760000
2.1600000000 3.5600000000 3.7600000000
2.2000000000 4.4800000000 3.2000000000
2.1600000000 4.5600000000 3.1200000000
2.3200000000 4.0000000000 3.3600000000
2.3600000000 3.9200000000 3.4000000000
2.1099600000 4.2499200000 3.4541040000
2.0563920000 4.2613200000 3.4659880000
1.8871040000 3.3821960000 3.5715440000
1.8000000000 3.4000000000 3.6400000000
1.6515920000 4.2922400000 2.9956520000
1.7200000000 4.2400000000 3.0400000000
2.2800000000 4.4800000000 3.2000000000
2.2400000000 4.4400000000 3.1200000000
1.9200000000 3.9600000000 3.1200000000
1.9600000000 3.9200000000 3.1200000000
2.4400000000 3.2400000000 3.6800000000
2.4000000000 3.3200000000 3.6400000000
2.2237040000 4.4456000000 3.2128080000
2.2800000000 4.4400000000 3.2400000000
1.9948240000 4.1991600000 3.3399640000
1.9631600000 4.1473200000 3.3339320000
2.0800000000 4.5200000000 3.0400000000
2.0400000000 4.4800000000 2.9600000000
1.8572880000 3.9175560000 2.7888080000
1.8800000000 3.9600000000 2.8400000000
1.8133040000 3.3034160000 3.3806760000
1.8000000000 3.3600000000 3.4000000000
2.0596400000 3.9854920000 3.1558600000
2.1200000000 4.0400000000 3.1600000000
1.6400000000 4.3600000000 3.2800000000
1.6400000000 4.3600000000 3.2400000000
1.8000000000 4.3200000000 2.5600000000
1.8107680000 4.2997200000 2.5736800000
1.9655520000 4.5464000000 3.3492520000
1.9200000000 4.6000000000 3.3200000000
1.6545160000 3.8984160000 2.5557920000
1.6000000000 3.9200000000 2.4800000000
1.7600000000 4.2000000000 3.4400000000
1.7600000000 4.1600000000 3.4400000000
1.8000000000 3.7200000000 3.6000000000
1.7600000000 3.7600000000 3.6000000000
1.9460160000 3.8191240000 3.4605520000
1.9600000000 3.7600000000 3.4800000000
2.0651240000 4.3955200000 2.8648240000
2.0800000000 4.3200000000 2.8800000000
1.6400000000 3.8800000000 2.5600000000
1.6505000000 3.8595600000 2.5579720000
2.2000000000 4.2400000000 3.2800000000
2.2400000000 4.2400000000 3.3200000000
1.8800000000 3.8800000000 2.7600000000
1.8400000000 3.8400000000 2.8000000000
2.2778520000 3.6145440000 3.4039240000
2.2800000000 3.7200000000 3.4000000000
2.5726600000 3.2461520000 3.6173440000
2.5200000000 3.2400000000 3.6800000000
1.9352680000 3.5665680000 3.3711960000
1.9595640000 3.5694320000 3.3278000000
1.5320480000 4.0974800000 3.5560800000
1.4800000000 4.1600000000 3.6400000000
1.8800000000 3.5200000000 3.2400000000
1.8000000000 3.5600000000 3.2800000000
2.3600000000 4.0400000000 3.3200000000
2.3600000000 3.9600000000 3.2800000000
1.6179160000 3.8766000000 2.8130920000
1.5200000000 3.8400000000 2.8000000000
1.8941880000 4.1077200000 2.9681400000
2.0000000000 4.0800000000 3.0400000000
1.4400000000 4.3200000000 3.5200000000
1.4400000000 4.3600000000 3.5200000000
1.6000000000 4.1600000000 3.0400000000
1.6000000000 4.1200000000 3.0400000000
1.6000000000 3.8800000000 2.8400000000
1.6400000000 3.8400000000 2.8800000000
2.2400000000 4.0400000000 3.1200000000
2.2800000000 4.0800000000 3.1200000000
1.6104280000 3.6165080000 3.4333840000
1.6664480000 3.6218040000 3.4019800000
2.0800000000 4.4400000000 2.8400000000
2.0400000000 4.4400000000 2.8400000000
1.8667280000 4.2834800000 3.5649080000
1.8800000000 4.2400000000 3.5200000000
1.6000000000 3.7200000000 3.5600000000
1.5600000000 3.7200000000 3.5600000000
2.2331640000 3.9940400000 3.1749480000
2.2000000000 4.0000000000 3.1200000000
2.0400000000 4.0000000000 3.1200000000
2.0800000000 3.9200000000 3.0800000000
1.8000000000 3.5200000000 2.0800000000
1.7600000000 3.6000000000 2.0800000000
2.2965880000 4.1403600000 3.3393760000
2.2800000000 4.0800000000 3.4400000000
1.8400000000 3.5600000000 3.7200000000
1.8400000000 3.6000000000 3.7600000000
1.7274520000 4.4683600000 3.4153360000
1.7600000000 4.5200000000 3.5200000000
2.0000000000 4.4000000000 3.2400000000
2.0000000000 4.4000000000 3.2000000000
1.8259640000 3.8795480000 3.0500640000
1.8400000000 3.9200000000 3.0000000000
1.8000000000 3.3200000000 3.6000000000
1.7600000000 3.3600000000 3.5600000000
1.7600000000 3.4800000000 3.6400000000
1.7600000000 3.4800000000 3.6000000000
1.7600000000 3.8000000000 2.9200000000
1.8000000000 3.8000000000 2.9200000000
1.8876800000 4.0712800000 2.3765880000
1.8800000000 4.0000000000 2.4000000000
1.7972800000 4.0022800000 3.7176600000
1.8400000000 3.9600000000 3.6400000000
1.6800000000 3.7200000000 2.6000000000
1.6400000000 3.6400000000 2.5600000000
1.8754360000 4.5139200000 3.0446320000
1.9600000000 4.4400000000 3.0000000000
1.7225080000 4.4876400000 3.2502600000
1.6800000000 4.4800000000 3.2000000000
1.9910680000 3.7596320000 3.3254920000
1.9600000000 3.6800000000 3.2400000000
1.4413280000 4.0048400000 3.1290720000
1.4800000000 4.0000000000 3.0400000000
1.6660840000 4.3238000000 3.2701600000
1.6000000000 4.3200000000 3.3200000000
2.1085080000 3.2506360000 3.4516400000
2.0800000000 3.1600000000 3.4000000000
2.0229480000 4.0372800000 3.5420200000
2.0168520000 3.9940720000 3.5428480000
2.0299120000 3.4320720000 3.5465240000
2.0000000000 3.3600000000 3.5200000000
1.4800000000 4.1600000000 3.0800000000
1.4400000000 4.1200000000 3.0800000000
1.7526920000 4.4473200000 2.8453880000
1.8000000000 4.4400000000 2.8800000000
1.6378360000 3.7475600000 2.6774520000
1.7200000000 3.6400000000 2.7200000000
1.9721040000 3.8154280000 3.4984000000
1.9600000000 3.9200000000 3.4400000000
1.4837600000 4.1073600000 3.5160720000
1.5600000000 4.1200000000 3.4400000000
1.8696880000 4.4762000000 3.4002600000
1.8889720000 4.4372000000 3.4081360000
1.9600000000 4.6400000000 3.2400000000
1.9570200000 4.6386800000 3.1955920000
2.1565160000 3.9657560000 3.3283240000
2.1200000000 3.8800000000 3.3600000000
1.9119520000 4.2396800000 2.6365360000
1.8800000000 4.2800000000 2.6400000000
2.3600000000 3.7200000000 3.2800000000
2.3600000000 3.8000000000 3.2000000000
1.8400000000 3.7600000000 3.3600000000
1.8800000000 3.7600000000 3.3200000000
1.7320960000 3.9084880000 2.2686960000
1.7200000000 3.9600000000 2.3200000000
1.7200000000 4.2000000000 2.9200000000
1.7600000000 4.2400000000 2.8400000000
1.8749880000 4.2305200000 2.4390440000
1.9200000000 4.2000000000 2.5200000000
1.6729480000 3.5676600000 2.8884760000
1.7200000000 3.6400000000 2.8800000000
2.4400000000 3.3600000000 3.4400000000
2.3600000000 3.3200000000 3.4800000000
2.3798640000 3.4827880000 3.4198120000
2.4400000000 3.4400000000 3.4400000000
1.5977480000 3.9795640000 3.0794720000
1.6400000000 3.9200000000 3.0800000000
1.9200000000 3.0800000000 3.3200000000
1.9600000000 3.1200000000 3.3600000000
1.7919560000 3.8420960000 2.7038640000
1.7600000000 3.7600000000 2.7600000000
2.0000000000 4.2800000000 3.5600000000
2.0800000000 4.1600000000 3.4800000000
1.4800000000 3.7600000000 3.1200000000
1.5200000000 3.6800000000 3.2000000000
1.7200000000 3.8800000000 2.2400000000
1.7200000000 3.8800000000 2.1600000000
2.2524800000 4.2193200000 3.1100680000
2.3200000000 4.2000000000 3.1200000000
1.6400000000 4.2000000000 2.8000000000
1.6000000000 4.2400000000 2.7600000000
1.8723400000 3.2213680000 3.4465120000
1.8400000000 3.2400000000 3.5200000000
1.9200000000 4.2000000000 2.6000000000
1.9600000000 4.2800000000 2.5600000000
2.0000000000 4.6800000000 3.1200000000
2.0800000000 4.6000000000 3.0800000000
1.4800000000 4.2800000000 3.1200000000
1.4800000000 4.3200000000 3.2000000000
1.8037320000 4.3131200000 2.5983120000
1.8400000000 4.3600000000 2.6000000000
1.6381920000 4.2964800000 2.9501840000
1.6400000000 4.3600000000 2.9600000000
1.3600000000 4.0000000000 3.2800000000
1.3600000000 3.9600000000 3.2000000000
1.6316520000 4.3616800000 3.4607240000
1.6800000000 4.3600000000 3.4800000000
2.0439680000 3.1849920000 3.5043560000
2.1200000000 3.1200000000 3.5200000000
1.8322000000 3.3594760000 3.5767240000
1.8400000000 3.2800000000 3.6000000000
1.8000000000 4.3200000000 3.3600000000
1.8000000000 4.3600000000 3.3600000000
1.5388280000 3.8986600000 3.0229080000
1.5077200000 3.8883920000 3.0696120000
1.8806360000 4.1787200000 2.9382440000
1.8400000000 4.1200000000 2.8800000000
2.3200000000 3.2800000000 3.4000000000
2.4000000000 3.2400000000 3.4000000000
2.2745160000 3.3929840000 3.5731520000
2.2800000000 3.4000000000 3.4800000000
1.7690000000 4.0676800000 3.5211520000
1.8400000000 3.9600000000 3.5200000000
1.5800280000 4.2277600000 3.2590040000
1.5200000000 4.1600000000 3.2800000000
2.2800000000 3.4400000000 3.3600000000
2.3600000000 3.3600000000 3.3600000000
1.4690040000 4.3895200000 3.4289320000
1.5200000000 4.3600000000 3.4400000000
1.7370600000 3.8519360000 2.4837000000
1.7694160000 3.8379880000 2.5057240000
1.4400000000 4.4400000000 3.4400000000
1.4800000000 4.4400000000 3.3600000000
1.7795440000 4.0146400000 3.0921840000
1.7986240000 4.0490000000 3.0884080000
1.9600000000 3.7600000000 3.3200000000
1.9600000000 3.8000000000 3.3200000000
1.6000000000 4.2000000000 3.3200000000
1.5600000000 4.1600000000 3.3600000000
1.5649120000 3.7218600000 3.1583160000
1.5200000000 3.6800000000 3.0800000000
2.1836600000 3.9608960000 3.2816360000
2.2400000000 3.9200000000 3.3600000000
1.9200000000 3.5600000000 3.3600000000
1.8800000000 3.6000000000 3.3200000000
1.6388000000 3.9932160000 2.9256800000
1.6800000000 4.0400000000 2.9600000000
2.1155200000 4.1532800000 3.0824720000
2.2000000000 4.2000000000 3.0400000000
1.7975200000 4.0780800000 2.6451840000
1.7600000000 4.0800000000 2.5600000000
1.6569080000 3.7848160000 2.4767960000
1.6000000000 3.8000000000 2.4000000000
2.3200000000 2.8400000000 3.1600000000
2.2400000000 2.8800000000 3.2000000000
1.9600000000 4.1200000000 3.1600000000
2.0000000000 4.0800000000 3.1600000000
2.0800000000 3.7200000000 3.2800000000
2.1600000000 3.7200000000 3.2800000000
2.1943800000 4.2333600000 3.2349880000
2.2183560000 4.2758000000 3.2697160000
1.8800000000 4.2800000000 3.5600000000
1.9600000000 4.2800000000 3.6000000000
2.0639320000 3.5866520000 3.5404040000
2.1200000000 3.6000000000 3.4800000000
2.1200000000 4.1200000000 3.0800000000
2.1600000000 4.1200000000 3.1200000000
1.5200000000 4.2800000000 3.6000000000
1.6000000000 4.2400000000 3.6400000000
1.8915480000 3.7954880000 3.6031800000
1.8400000000 3.8400000000 3.5200000000
2.4800000000 3.0800000000 3.5200000000
2.4800000000 3.0400000000 3.4800000000
1.7965720000 4.0958800000 2.6371240000
1.8800000000 4.0800000000 2.6000000000
2.4000000000 3.4800000000 3.4000000000
2.3600000000 3.4800000000 3.3600000000
2.1524600000 3.5294360000 3.6665120000
2.1600000000 3.5200000000 3.5600000000
1.5200000000 4.0400000000 3.3600000000
1.5600000000 4.0400000000 3.3200000000
1.3200000000 4.0800000000 3.3600000000
1.3600000000 4.0800000000 3.3200000000
1.6608760000 3.6237080000 3.2224560000
1.6400000000 3.7200000000 3.2800000000
1.6644400000 4.0468800000 2.7659800000
1.6800000000 3.9600000000 2.8400000000
1.7027240000 3.4734440000 2.9258560000
1.6800000000 3.4800000000 3.0000000000
1.4942000000 4.2822400000 3.3679640000
1.5600000000 4.2800000000 3.4000000000
2.0909880000 4.0832000000 3.5305240000
2.0400000000 4.1600000000 3.5600000000
2.0800000000 3.5600000000 3.5600000000
2.0400000000 3.5600000000 3.6000000000
1.7200000000 4.4400000000 2.8000000000
1.7600000000 4.4800000000 2.8000000000
1.7829840000 3.2664760000 3.3707000000
1.8000000000 3.2800000000 3.2800000000
2.2589840000 3.3645000000 3.6028400000
2.2800000000 3.3200000000 3.5600000000
1.8400000000 4.4000000000 3.6000000000
1.8800000000 4.4000000000 3.5600000000
2.1974920000 3.2432080000 3.3127360000
2.2800000000 3.2400000000 3.3200000000
1.7200000000 4.5200000000 3.0800000000
1.8000000000 4.4800000000 3.1200000000
1.7362400000 4.1639600000 2.9222160000
1.6400000000 4.2000000000 2.9200000000
1.6400000000 3.9600000000 2.9200000000
1.6000000000 3.9200000000 2.9200000000
2.2076920000 3.9506720000 3.4606880000
2.2400000000 4.0400000000 3.5200000000
1.6842360000 4.5730800000 3.2639400000
1.6000000000 4.5200000000 3.2400000000
1.8800000000 4.3600000000 3.2000000000
1.8400000000 4.4000000000 3.2000000000
1.8800000000 4.2000000000 2.9200000000
1.9200000000 4.2400000000 2.9200000000
2.2400000000 4.3200000000 3.2400000000
2.3200000000 4.2800000000 3.2800000000
1.4800000000 3.7200000000 3.3600000000
1.4800000000 3.6400000000 3.3600000000
1.7872720000 3.4473640000 3.5105960000
1.8800000000 3.4000000000 3.4800000000
1.5980280000 3.8376240000 2.6907520000
1.6196680000 3.8708520000 2.6648680000
1.9047320000 4.0658400000 2.3467280000
1.8800000000 4.1200000000 2.3600000000
1.6000000000 4.3600000000 3.4400000000
1.6000000000 4.4000000000 3.4000000000
2.1600000000 3.0800000000 3.4400000000
2.1200000000 3.0000000000 3.4000000000
1.7895520000 3.8189920000 2.6882880000
1.8400000000 3.8400000000 2.6800000000
1.7506200000 4.0397200000 3.5264560000
1.6800000000 4.1200000000 3.5200000000
1.8400000000 4.3200000000 2.5200000000
1.8000000000 4.2400000000 2.5600000000
2.1898120000 3.9673640000 3.2104280000
2.2000000000 4.0400000000 3.2800000000
1.4942280000 3.9829680000 3.5573320000
1.5600000000 3.9600000000 3.5600000000
1.8432600000 4.5834000000 3.0918800000
1.8422960000 4.5558000000 3.0488920000
1.7607360000 3.8679080000 2.7310040000
1.7200000000 3.8400000000 2.6400000000
1.7600000000 3.2400000000 3.3600000000
1.7600000000 3.2400000000 3.4400000000
2.1200000000 4.0800000000 3.5200000000
2.1600000000 4.1200000000 3.5200000000
1.5766840000 3.8442640000 2.6863160000
1.5600000000 3.7600000000 2.7200000000
1.8757760000 3.6431440000 2.2306040000
1.8800000000 3.7200000000 2.2800000000
2.1600000000 3.4000000000 3.6000000000
2.2000000000 3.4400000000 3.6000000000
1.6800000000 3.5600000000 2.4800000000
1.7200000000 3.4800000000 2.5200000000
1.8400000000 3.6400000000 3.2400000000
1.7600000000 3.6800000000 3.2000000000
1.8400000000 4.6000000000 3.1200000000
1.8400000000 4.6400000000 3.1200000000
1.8852840000 4.3998800000 2.6232080000
1.9200000000 4.3600000000 2.6400000000
1.5600000000 3.8400000000 2.6800000000
1.5200000000 3.8800000000 2.6800000000
1.6400000000 4.0800000000 2.7600000000
1.6000000000 4.0800000000 2.7600000000
2.1512560000 3.8250320000 3.5901520000
2.1600000000 3.8400000000 3.5200000000
2.1457000000 4.2597600000 3.3193760000
2.2400000000 4.3200000000 3.4000000000
1.8215640000 4.3274400000 3.4049000000
1.8000000000 4.2400000000 3.4000000000
2.2000000000 3.2400000000 3.2800000000
2.1200000000 3.2400000000 3.2800000000
1.6000000000 3.8800000000 3.4800000000
1.6000000000 3.8800000000 3.5200000000
2.1807720000 3.4301320000 3.5551640000
2.1600000000 3.3600000000 3.5600000000
1.6818040000 4.3563600000 3.1173080000
1.6800000000 4.4400000000 3.0800000000
1.4896400000 3.8613160000 3.0801480000
1.4400000000 3.9200000000 3.0400000000
2.1600000000 3.4400000000 3.8000000000
2.1200000000 3.4400000000 3.8000000000
1.8800000000 4.0000000000 3.0400000000
1.7600000000 4.1200000000 3.0400000000
2.2800000000 3.8400000000 3.2000000000
2.2400000000 3.8400000000 3.1600000000
1.7322640000 3.8321280000 3.3871560000
1.7600000000 3.8400000000 3.2800000000
1.5898240000 3.7572720000 2.9061200000
1.5600000000 3.7200000000 2.9200000000
1.5600000000 4.2400000000 3.2400000000
1.5600000000 4.2800000000 3.2400000000
1.6000000000 3.8000000000 2.5600000000
1.6800000000 3.8400000000 2.5600000000
2.0683760000 4.3002800000 3.4842280000
2.0000000000 4.2800000000 3.4400000000
2.0000000000 3.5600000000 3.2800000000
1.9200000000 3.6000000000 3.2400000000
1.6000000000 4.0800000000 2.9200000000
1.5600000000 4.0400000000 3.0000000000
1.9302600000 4.2682400000 2.4495280000
1.9200000000 4.2400000000 2.4000000000
1.8763360000 4.2928800000 2.8040000000
1.7600000000 4.3200000000 2.7600000000
1.4815680000 4.3054000000 3.3402360000
1.4800000000 4.2400000000 3.3200000000
1.8000000000 3.8000000000 2.6800000000
1.7600000000 3.7600000000 2.6400000000
1.8800000000 4.2400000000 3.1200000000
1.8000000000 4.2000000000 3.0400000000
1.8303840000 3.9634760000 3.3352120000
1.8800000000 4.0000000000 3.3200000000
1.8759320000 3.8465320000 2.3198000000
1.8400000000 3.8800000000 2.3600000000
2.1200000000 4.4000000000 3.0800000000
2.1600000000 4.4800000000 3.0400000000
1.7271680000 4.5589600000 3.4350880000
1.6400000000 4.4800000000 3.4800000000
1.6566760000 3.7415200000 2.6333120000
1.5600000000 3.7600000000 2.6000000000
1.9084520000 4.5695600000 2.8402800000
1.8877520000 4.5395200000 2.7927640000
1.4800000000 3.8400000000 3.0800000000
1.4400000000 3.8000000000 3.1200000000
2.3600000000 3.6000000000 3.3200000000
2.3200000000 3.6800000000 3.2800000000
1.9369440000 4.6719200000 3.1654160000
2.0000000000 4.6400000000 3.1600000000
1.7200000000 3.7600000000 2.5600000000
1.8400000000 3.8000000000 2.4800000000
1.9200000000 3.8400000000 3.4400000000
1.9200000000 3.8000000000 3.4000000000
1.8400000000 3.4400000000 3.3200000000
1.8800000000 3.4000000000 3.2400000000
1.7295600000 3.7041800000 2.1946800000
1.7200000000 3.6400000000 2.2400000000
2.2400000000 3.5200000000 3.2800000000
2.2400000000 3.4800000000 3.2800000000
1.6827400000 4.3270800000 3.5467920000
1.6400000000 4.3200000000 3.6000000000
2.3707880000 3.0113840000 3.3718520000
2.3600000000 3.0400000000 3.3600000000
1.7600000000 3.4400000000 3.4800000000
1.7200000000 3.4400000000 3.5200000000
1.7200000000 3.7200000000 2.1600000000
1.6800000000 3.7200000000 2.1600000000
1.8800000000 3.8400000000 2.2800000000
1.9200000000 3.8400000000 2.2800000000
1.7600000000 3.6400000000 3.5600000000
1.6800000000 3.6000000000 3.5200000000
2.0800000000 4.4000000000 3.1200000000
2.0400000000 4.4400000000 3.1200000000
1.9200000000 4.0800000000 2.3200000000
1.9200000000 4.0400000000 2.3200000000
1.9905360000 4.2136800000 3.0362080000
1.9600000000 4.2800000000 3.0000000000
1.7600000000 3.7200000000 2.9600000000
1.7200000000 3.7600000000 3.0400000000
1.6400000000 3.8800000000 2.6400000000
1.5600000000 3.9200000000 2.6000000000
2.1877840000 4.4302800000 3.2587640000
2.2000000000 4.3600000000 3.2400000000
1.9600000000 3.8400000000 3.2000000000
2.0400000000 3.8800000000 3.1600000000
1.9200000000 4.7200000000 3.1600000000
1.9200000000 4.6800000000 3.1200000000
2.0000000000 3.3200000000 3.6400000000
2.0000000000 3.2400000000 3.6000000000
1.9200000000 4.1200000000 3.3200000000
1.9600000000 4.1200000000 3.2400000000
1.7200000000 4.0000000000 3.7600000000
1.6800000000 4.1200000000 3.7600000000
2.4400000000 2.9600000000 3.4000000000
2.4000000000 3.0000000000 3.4400000000
2.3561080000 4.1977200000 3.2714840000
2.2800000000 4.1600000000 3.2400000000
2.0800000000 4.3200000000 3.5200000000
2.0800000000 4.3600000000 3.4800000000
1.4834920000 4.2953200000 3.5369600000
1.4400000000 4.2800000000 3.5600000000
1.8000000000 4.5600000000 3.0400000000
1.8800000000 4.6000000000 3.0000000000
2.1600000000 3.3600000000 3.3200000000
2.1200000000 3.4400000000 3.2800000000
2.0331200000 3.9793040000 3.5267080000
2.0400000000 3.9200000000 3.6000000000
2.3889920000 3.0022920000 3.3937480000
2.4000000000 2.9600000000 3.3600000000
1.8800000000 3.9200000000 3.2400000000
1.9200000000 3.9200000000 3.2000000000
1.7200000000 3.4400000000 2.9200000000
1.7200000000 3.4400000000 2.8800000000
1.4800000000 4.3200000000 3.3200000000
1.4400000000 4.3600000000 3.2800000000
1.7600000000 4.3600000000 3.2400000000
1.6400000000 4.2800000000 3.2000000000
1.5600000000 4.0800000000 3.6800000000
1.6000000000 4.0400000000 3.6000000000
2.1018960000 3.6846160000 3.6484200000
2.0400000000 3.6400000000 3.6400000000
1.7200000000 3.5600000000 3.4000000000
1.6400000000 3.6000000000 3.3600000000
2.0400000000 4.5600000000 2.8800000000
2.0400000000 4.5200000000 2.8000000000
1.8800000000 3.4800000000 3.4400000000
1.8400000000 3.4800000000 3.3600000000
2.1600000000 3.0000000000 3.3200000000
2.1600000000 2.9200000000 3.2800000000
1.7600000000 4.6000000000 3.4400000000
1.7200000000 4.6000000000 3.4400000000
1.7440360000 3.9150440000 3.7251280000
1.7200000000 3.9200000000 3.7600000000
1.6000000000 4.0000000000 3.0400000000
1.6000000000 4.0400000000 3.0800000000
1.7057040000 3.8428720000 2.4726080000
1.7200000000 3.7600000000 2.4000000000
1.3790920000 3.9968480000 3.4211120000
1.4000000000 4.0000000000 3.4800000000
2.2859680000 3.0808760000 3.4197280000
2.2400000000 3.0400000000 3.4000000000
1.7045400000 3.8058960000 3.7151920000
1.8000000000 3.7600000000 3.7600000000
2.2487400000 3.6009760000 3.5786680000
2.2800000000 3.6400000000 3.5600000000
1.5600000000 3.5200000000 3.3600000000
1.6000000000 3.4400000000 3.3600000000
2.4400000000 2.8000000000 3.2800000000
2.4400000000 2.8000000000 3.2800000000
2.3200000000 3.0800000000 3.4400000000
2.2800000000 3.0800000000 3.4800000000
1.9059840000 4.4433200000 3.4049880000
1.9600000000 4.3600000000 3.3600000000
1.6800000000 3.6000000000 2.8000000000
1.7200000000 3.6800000000 2.8000000000
2.0400000000 3.9600000000 3.5200000000
2.0800000000 3.9600000000 3.4800000000
1.5600000000 3.8800000000 3.0400000000
1.5600000000 3.8000000000 3.0800000000
1.9200000000 4.5600000000 2.7200000000
1.8400000000 4.5200000000 2.7600000000
1.9200000000 4.4400000000 3.4000000000
1.9600000000 4.4800000000 3.4000000000
2.4800000000 3.4000000000 3.6800000000
2.4400000000 3.3600000000 3.7200000000
1.7264160000 3.5614880000 2.4304560000
1.6800000000 3.6400000000 2.4400000000
2.2400000000 4.2000000000 3.0800000000
2.2800000000 4.2400000000 3.0400000000
1.7200000000 4.4800000000 3.2400000000
1.7600000000 4.4400000000 3.2000000000
CELLS 1625 4875
2 0 1
2 18 2
2 18 3
2 298 4
2 298 5
2 234 6
2 234 7
2 168 8
2 168 9
2 144 10
2 144 11
2 1 12
2 1 13
2 250 14
2 250 15
2 548 16
2 548 17
2 12 18
2 12 19
2 4 20
2 4 21
2 206 22
2 206 23
2 224 24
2 224 25
2 162 26
2 162 27
2 1354 28
2 1354 29
2 338 30
2 338 31
2 13 32
2 13 33
2 384 34
2 384 35
2 258 36
2 258 37
2 58 38
2 58 39
2 332 40
2 332 41
2 698 42
2 698 43
2 244 44
2 244 45
2 150 46
2 150 47
2 660 48
2 660 49
2 174 50
2 174 51
2 524 52
2 524 53
2 122 54
2 122 55
2 638 56
2 638 57
2 34 58
2 34 59
2 3 60
2 3 61
2 364 62
2 364 63
2 7 64
2 7 65
2 1060 66
2 1060 67
2 252 68
2 252 69
2 32 70
2 32 71
2 212 72
2 212 73
2 904 74
2 904 75
2 69 76
2 69 77
2 6 78
2 6 79
2 410 80
2 410 81
2 44 82
2 44 83
2 124 84
2 124 85
2 9 86
2 9 87
2 1034 88
2 1034 89
2 202 90
2 202 91
2 8 92
2 8 93
2 540 94
2 540 95
2 1530 96
2 1530 97
2 732 98
2 732 99
2 182 100
2 182 101
2 356 102
2 356 103
2 176 104
2 176 105
2 84 106
2 84 107
2 404 108
2 404 109
2 222 110
2 222 111
2 38 112
2 38 113
2 628 114
2 628 115
2 296 116
2 296 117
2 68 118
2 68 119
2 98 120
2 98 121
2 40 122
2 40 123
2 56 124
2 56 125
2 22 126
2 22 127
2 121 128
2 121 129
2 152 130
2 152 131
2 1462 132
2 1462 133
2 408 134
2 408 135
2 1312 136
2 1312 137
2 5 138
2 5 139
2 534 140
2 534 141
2 626 142
2 626 143
2 54 144
2 54 145
2 526 146
2 526 147
2 1012 148
2 1012 149
2 64 150
2 64 151
2 114 152
2 114 153
2 19 154
2 19 155
2 326 156
2 326 157
2 66 158
2 66 159
2 1304 160
2 1304 161
2 82 162
2 82 163
2 806 164
2 806 165
2 582 166
2 582 167
2 112 168
2 112 169
2 968 170
2 968 171
2 134 172
2 134 173
2 530 174
2 530 175
2 156 176
2 156 177
2 1142 178
2 1142 179
2 656 180
2 656 181
2 48 182
2 48 183
2 860 184
2 860 185
2 1222 186
2 1222 187
2 194 188
2 194 189
2 136 190
2 136 191
2 1536 192
2 1536 193
2 23 194
2 23 195
2 302 196
2 302 197
2 1138 198
2 1138 199
2 246 200
2 246 201
2 1240 202
2 1240 203
2 708 204
2 708 205
2 72 206
2 72 207
2 218 208
2 218 209
2 95 210
2 95 211
2 21 212
2 21 213
2 834 214
2 834 215
2 730 216
2 730 217
2 141 218
2 141 219
2 248 220
2 248 221
2 120 222
2 120 223
2 126 224
2 126 225
2 922 226
2 922 227
2 344 228
2 344 229
2 268 230
2 268 231
2 145 232
2 145 233
2 60 234
2 60 235
2 1050 236
2 1050 237
2 1586 238
2 1586 239
2 183 240
2 183 241
2 46 242
2 46 243
2 78 244
2 78 245
2 220 246
2 220 247
2 86 248
2 86 249
2 118 250
2 118 251
2 242 252
2 242 253
2 113 254
2 113 255
2 480 256
2 480 257
2 92 258
2 92 259
2 648 260
2 648 261
2 612 262
2 612 263
2 1210 264
2 1210 265
2 936 266
2 936 267
2 782 268
2 782 269
2 978 270
2 978 271
2 35 272
2 35 273
2 117 274
2 117 275
2 840 276
2 840 277
2 566 278
2 566 279
2 33 280
2 33 281
2 1196 282
2 1196 283
2 1452 284
2 1452 285
2 864 286
2 864 287
2 1002 288
2 1002 289
2 57 290
2 57 291
2 400 292
2 400 293
2 852 294
2 852 295
2 256 296
2 256 297
2 2 298
2 2 299
2 442 300
2 442 301
2 188 302
2 188 303
2 36 304
2 36 305
2 726 306
2 726 307
2 151 308
2 151 309
2 79 310
2 79 311
2 1118 312
2 1118 313
2 454 314
2 454 315
2 1178 316
2 1178 317
2 70 318
2 70 319
2 980 320
2 980 321
2 1074 322
2 1074 323
2 1036 324
2 1036 325
2 15 326
2 15 327
2 488 328
2 488 329
2 336 330
2 336 331
2 304 332
2 304 333
2 288 334
2 288 335
2 219 336
2 219 337
2 146 338
2 146 339
2 1442 340
2 1442 341
2 874 342
2 874 343
2 280 344
2 280 345
2 253 346
2 253 347
2 714 348
2 714 349
2 225 350
2 225 351
2 958 352
2 958 353
2 106 354
2 106 355
2 110 356
2 110 357
2 418 358
2 418 359
2 1514 360
2 1514 361
2 466 362
2 466 363
2 318 364
2 318 365
2 1598 366
2 1598 367
2 664 368
2 664 369
2 1182 370
2 1182 371
2 562 372
2 562 373
2 238 374
2 238 375
2 1330 376
2 1330 377
2 65 378
2 65 379
2 149 380
2 149 381
2 63 382
2 63 383
2 138 384
2 138 385
2 842 386
2 842 387
2 16 388
2 16 389
2 1206 390
2 1206 391
2 314 392
2 314 393
2 73 394
2 73 395
2 1278 396
2 1278 397
2 1110 398
2 1110 399
2 290 400
2 290 401
2 42 402
2 42 403
2 474 404
2 474 405
2 972 406
2 972 407
2 184 408
2 184 409
2 25 410
2 25 411
2 976 412
2 976 413
2 200 414
2 200 415
2 686 416
2 686 417
2 942 418
2 942 419
2 576 420
2 576 421
2 169 422
2 169 423
2 31 424
2 31 425
2 398 426
2 398 427
2 706 428
2 706 429
2 1208 430
2 1208 431
2 510 432
2 510 433
2 80 434
2 80 435
2 14 436
2 14 437
2 460 438
2 460 439
2 251 440
2 251 441
2 204 442
2 204 443
2 213 444
2 213 445
2 560 446
2 560 447
2 422 448
2 422 449
2 932 450
2 932 451
2 1384 452
2 1384 453
2 282 454
2 282 455
2 235 456
2 235 457
2 286 458
2 286 459
2 190 460
2 190 461
2 744 462
2 744 463
2 259 464
2 259 465
2 26 466
2 26 467
2 358 468
2 358 469
2 143 470
2 143 471
2 590 472
2 590 473
2 96 474
2 96 475
2 542 476
2 542 477
2 41 478
2 41 479
2 61 480
2 61 481
2 856 482
2 856 483
2 396 484
2 396 485
2 440 486
2 440 487
2 316 488
2 316 489
2 1464 490
2 1464 491
2 249 492
2 249 493
2 201 494
2 201 495
2 1160 496
2 1160 497
2 1486 498
2 1486 499
2 236 500
2 236 501
2 87 502
2 87 503
2 171 504
2 171 505
2 496 506
2 496 507
2 263 508
2 263 509
2 522 510
2 522 511
2 495 512
2 495 513
2 538 514
2 538 515
2 1348 516
2 1348 517
2 1092 518
2 1092 519
2 1084 520
2 1084 521
2 261 522
2 261 523
2 186 524
2 186 525
2 94 526
2 94 527
2 884 528
2 884 529
2 154 530
2 154 531
2 148 532
2 148 533
2 129 534
2 129 535
2 376 536
2 376 537
2 97 538
2 97 539
2 10 540
2 10 541
2 81 542
2 81 543
2 764 544
2 764 545
2 1220 546
2 1220 547
2 100 548
2 100 549
2 53 550
2 53 551
2 306 552
2 306 553
2 47 554
2 47 555
2 139 556
2 139 557
2 322 558
2 322 559
2 498 560
2 498 561
2 350 562
2 350 563
2 710 564
2 710 565
2 214 566
2 214 567
2 457 568
2 457 569
2 452 570
2 452 571
2 908 572
2 908 573
2 940 574
2 940 575
2 37 576
2 37 577
2 211 578
2 211 579
2 506 580
2 506 581
2 108 582
2 108 583
2 1030 584
2 1030 585
2 163 586
2 163 587
2 912 588
2 912 589
2 39 590
2 39 591
2 1424 592
2 1424 593
2 1406 594
2 1406 595
2 812 596
2 812 597
2 550 598
2 550 599
2 1174 600
2 1174 601
2 668 602
2 668 603
2 824 604
2 824 605
2 245 606
2 245 607
2 578 608
2 578 609
2 720 610
2 720 611
2 254 612
2 254 613
2 333 614
2 333 615
2 546 616
2 546 617
2 1550 618
2 1550 619
2 614 620
2 614 621
2 1090 622
2 1090 623
2 844 624
2 844 625
2 274 626
2 274 627
2 478 628
2 478 629
2 1062 630
2 1062 631
2 177 632
2 177 633
2 363 634
2 363 635
2 1238 636
2 1238 637
2 272 638
2 272 639
2 594 640
2 594 641
2 1078 642
2 1078 643
2 346 644
2 346 645
2 596 646
2 596 647
2 464 648
2 464 649
2 828 650
2 828 651
2 1382 652
2 1382 653
2 437 654
2 437 655
2 74 656
2 74 657
2 305 658
2 305 659
2 436 660
2 436 661
2 71 662
2 71 663
2 104 664
2 104 665
2 652 666
2 652 667
2 598 668
2 598 669
2 1434 670
2 1434 671
2 1370 672
2 1370 673
2 291 674
2 291 675
2 421 676
2 421 677
2 1094 678
2 1094 679
2 228 680
2 228 681
2 357 682
2 357 683
2 1444 684
2 1444 685
2 536 686
2 536 687
2 481 688
2 481 689
2 1410 690
2 1410 691
2 175 692
2 175 693
2 556 694
2 556 695
2 724 696
2 724 697
2 388 698
2 388 699
2 1054 700
2 1054 701
2 412 702
2 412 703
2 329 704
2 329 705
2 189 706
2 189 707
2 378 708
2 378 709
2 694 710
2 694 711
2 688 712
2 688 713
2 232 714
2 232 715
2 308 716
2 308 717
2 591 718
2 591 719
2 382 720
2 382 721
2 243 722
2 243 723
2 1272 724
2 1272 725
2 616 726
2 616 727
2 1216 728
2 1216 729
2 130 730
2 130 731
2 554 732
2 554 733
2 158 734
2 158 735
2 366 736
2 366 737
2 1574 738
2 1574 739
2 142 740
2 142 741
2 273 742
2 273 743
2 105 744
2 105 745
2 379 746
2 379 747
2 448 748
2 448 749
2 1412 750
2 1412 751
2 514 752
2 514 753
2 67 754
2 67 755
2 639 756
2 639 757
2 424 758
2 424 759
2 265 760
2 265 761
2 479 762
2 479 763
2 289 764
2 289 765
2 682 766
2 682 767
2 950 768
2 950 769
2 20 770
2 20 771
2 1476 772
2 1476 773
2 672 774
2 672 775
2 311 776
2 311 777
2 541 778
2 541 779
2 1070 780
2 1070 781
2 208 782
2 208 783
2 934 784
2 934 785
2 742 786
2 742 787
2 337 788
2 337 789
2 544 790
2 544 791
2 531 792
2 531 793
2 29 794
2 29 795
2 1284 796
2 1284 797
2 345 798
2 345 799
2 592 800
2 592 801
2 1080 802
2 1080 803
2 1596 804
2 1596 805
2 50 806
2 50 807
2 262 808
2 262 809
2 178 810
2 178 811
2 574 812
2 574 813
2 166 814
2 166 815
2 760 816
2 760 817
2 804 818
2 804 819
2 111 820
2 111 821
2 1202 822
2 1202 823
2 492 824
2 492 825
2 257 826
2 257 827
2 279 828
2 279 829
2 381 830
2 381 831
2 527 832
2 527 833
2 292 834
2 292 835
2 798 836
2 798 837
2 796 838
2 796 839
2 348 840
2 348 841
2 28 842
2 28 843
2 508 844
2 508 845
2 776 846
2 776 847
2 956 848
2 956 849
2 493 850
2 493 851
2 500 852
2 500 853
2 695 854
2 695 855
2 293 856
2 293 857
2 419 858
2 419 859
2 132 860
2 132 861
2 441 862
2 441 863
2 284 864
2 284 865
2 676 866
2 676 867
2 185 868
2 185 869
2 191 870
2 191 871
2 269 872
2 269 873
2 240 874
2 240 875
2 395 876
2 395 877
2 281 878
2 281 879
2 1006 880
2 1006 881
2 774 882
2 774 883
2 830 884
2 830 885
2 512 886
2 512 887
2 731 888
2 731 889
2 119 890
2 119 891
2 472 892
2 472 893
2 59 894
2 59 895
2 133 896
2 133 897
2 1340 898
2 1340 899
2 99 900
2 99 901
2 1150 902
2 1150 903
2 434 904
2 434 905
2 335 906
2 335 907
2 568 908
2 568 909
2 555 910
2 555 911
2 360 912
2 360 913
2 1592 914
2 1592 915
2 588 916
2 588 917
2 577 918
2 577 919
2 693 920
2 693 921
2 810 922
2 810 923
2 294 924
2 294 925
2 613 926
2 613 927
2 1344 928
2 1344 929
2 1440 930
2 1440 931
2 432 932
2 432 933
2 173 934
2 173 935
2 260 936
2 260 937
2 385 938
2 385 939
2 127 940
2 127 941
2 195 942
2 195 943
2 1590 944
2 1590 945
2 1136 946
2 1136 947
2 793 948
2 793 949
2 816 950
2 816 951
2 90 952
2 90 953
2 878 954
2 878 955
2 832 956
2 832 957
2 300 958
2 300 959
2 426 960
2 426 961
2 1104 962
2 1104 963
2 131 964
2 131 965
2 876 966
2 876 967
2 160 968
2 160 969
2 539 970
2 539 971
2 716 972
2 716 973
2 1168 974
2 1168 975
2 317 976
2 317 977
2 740 978
2 740 979
2 310 980
2 310 981
2 946 982
2 946 983
2 786 984
2 786 985
2 964 986
2 964 987
2 962 988
2 962 989
2 342 990
2 342 991
2 858 992
2 858 993
2 187 994
2 187 995
2 610 996
2 610 997
2 155 998
2 155 999
2 870 1000
2 870 1001
2 794 1002
2 794 1003
2 586 1004
2 586 1005
2 482 1006
2 482 1007
2 787 1008
2 787 1009
2 1478 1010
2 1478 1011
2 462 1012
2 462 1013
2 372 1014
2 372 1015
2 1322 1016
2 1322 1017
2 413 1018
2 413 1019
2 900 1020
2 900 1021
2 327 1022
2 327 1023
2 926 1024
2 926 1025
2 205 1026
2 205 1027
2 970 1028
2 970 1029
2 692 1030
2 692 1031
2 792 1032
2 792 1033
2 414 1034
2 414 1035
2 210 1036
2 210 1037
2 497 1038
2 497 1039
2 1262 1040
2 1262 1041
2 473 1042
2 473 1043
2 938 1044
2 938 1045
2 207 1046
2 207 1047
2 780 1048
2 780 1049
2 17 1050
2 17 1051
2 303 1052
2 303 1053
2 102 1054
2 102 1055
2 994 1056
2 994 1057
2 140 1058
2 140 1059
2 402 1060
2 402 1061
2 430 1062
2 430 1063
2 1496 1064
2 1496 1065
2 1192 1066
2 1192 1067
2 1044 1068
2 1044 1069
2 762 1070
2 762 1071
2 471 1072
2 471 1073
2 820 1074
2 820 1075
2 717 1076
2 717 1077
2 632 1078
2 632 1079
2 617 1080
2 617 1081
2 895 1082
2 895 1083
2 516 1084
2 516 1085
2 193 1086
2 193 1087
2 467 1088
2 467 1089
2 116 1090
2 116 1091
2 103 1092
2 103 1093
2 85 1094
2 85 1095
2 1102 1096
2 1102 1097
2 1082 1098
2 1082 1099
2 463 1100
2 463 1101
2 192 1102
2 192 1103
2 826 1104
2 826 1105
2 315 1106
2 315 1107
2 93 1108
2 93 1109
2 330 1110
2 330 1111
2 321 1112
2 321 1113
2 1204 1114
2 1204 1115
2 1270 1116
2 1270 1117
2 52 1118
2 52 1119
2 615 1120
2 615 1121
2 920 1122
2 920 1123
2 898 1124
2 898 1125
2 1218 1126
2 1218 1127
2 109 1128
2 109 1129
2 1120 1130
2 1120 1131
2 340 1132
2 340 1133
2 1108 1134
2 1108 1135
2 890 1136
2 890 1137
2 532 1138
2 532 1139
2 1021 1140
2 1021 1141
2 662 1142
2 662 1143
2 765 1144
2 765 1145
2 362 1146
2 362 1147
2 511 1148
2 511 1149
2 718 1150
2 718 1151
2 1554 1152
2 1554 1153
2 984 1154
2 984 1155
2 1148 1156
2 1148 1157
2 974 1158
2 974 1159
2 135 1160
2 135 1161
2 1128 1162
2 1128 1163
2 948 1164
2 948 1165
2 784 1166
2 784 1167
2 690 1168
2 690 1169
2 1112 1170
2 1112 1171
2 30 1172
2 30 1173
2 27 1174
2 27 1175
2 558 1176
2 558 1177
2 51 1178
2 51 1179
2 1072 1180
2 1072 1181
2 170 1182
2 170 1183
2 1280 1184
2 1280 1185
2 766 1186
2 766 1187
2 504 1188
2 504 1189
2 629 1190
2 629 1191
2 229 1192
2 229 1193
2 1494 1194
2 1494 1195
2 215 1196
2 215 1197
2 1018 1198
2 1018 1199
2 973 1200
2 973 1201
2 197 1202
2 197 1203
2 854 1204
2 854 1205
2 101 1206
2 101 1207
2 456 1208
2 456 1209
2 128 1210
2 128 1211
2 1008 1212
2 1008 1213
2 483 1214
2 483 1215
2 450 1216
2 450 1217
2 709 1218
2 709 1219
2 179 1220
2 179 1221
2 164 1222
2 164 1223
2 599 1224
2 599 1225
2 45 1226
2 45 1227
2 247 1228
2 247 1229
2 871 1230
2 871 1231
2 896 1232
2 896 1233
2 349 1234
2 349 1235
2 1378 1236
2 1378 1237
2 153 1238
2 153 1239
2 180 1240
2 180 1241
2 745 1242
2 745 1243
2 1022 1244
2 1022 1245
2 707 1246
2 707 1247
2 872 1248
2 872 1249
2 1416 1250
2 1416 1251
2 297 1252
2 297 1253
2 1310 1254
2 1310 1255
2 1234 1256
2 1234 1257
2 537 1258
2 537 1259
2 1024 1260
2 1024 1261
2 788 1262
2 788 1263
2 1228 1264
2 1228 1265
2 455 1266
2 455 1267
2 107 1268
2 107 1269
2 850 1270
2 850 1271
2 678 1272
2 678 1273
2 359 1274
2 359 1275
2 361 1276
2 361 1277
2 390 1278
2 390 1279
2 518 1280
2 518 1281
2 684 1282
2 684 1283
2 429 1284
2 429 1285
2 719 1286
2 719 1287
2 241 1288
2 241 1289
2 157 1290
2 157 1291
2 299 1292
2 299 1293
2 565 1294
2 565 1295
2 661 1296
2 661 1297
2 721 1298
2 721 1299
2 55 1300
2 55 1301
2 1298 1302
2 1298 1303
2 894 1304
2 894 1305
2 1200 1306
2 1200 1307
2 564 1308
2 564 1309
2 411 1310
2 411 1311
2 1226 1312
2 1226 1313
2 1140 1314
2 1140 1315
2 809 1316
2 809 1317
2 515 1318
2 515 1319
2 918 1320
2 918 1321
2 944 1322
2 944 1323
2 735 1324
2 735 1325
2 1042 1326
2 1042 1327
2 406 1328
2 406 1329
2 341 1330
2 341 1331
2 1164 1332
2 1164 1333
2 733 1334
2 733 1335
2 1318 1336
2 1318 1337
2 365 1338
2 365 1339
2 1026 1340
2 1026 1341
2 528 1342
2 528 1343
2 1320 1344
2 1320 1345
2 1244 1346
2 1244 1347
2 77 1348
2 77 1349
2 1046 1350
2 1046 1351
2 552 1352
2 552 1353
2 24 1354
2 24 1355
2 465 1356
2 465 1357
2 181 1358
2 181 1359
2 383 1360
2 383 1361
2 431 1362
2 431 1363
2 1334 1364
2 1334 1365
2 1214 1366
2 1214 1367
2 399 1368
2 399 1369
2 1290 1370
2 1290 1371
2 1032 1372
2 1032 1373
2 549 1374
2 549 1375
2 857 1376
2 857 1377
2 255 1378
2 255 1379
2 1316 1380
2 1316 1381
2 83 1382
2 83 1383
2 702 1384
2 702 1385
2 674 1386
2 674 1387
2 1286 1388
2 1286 1389
2 1331 1390
2 1331 1391
2 646 1392
2 646 1393
2 683 1394
2 683 1395
2 433 1396
2 433 1397
2 1190 1398
2 1190 1399
2 1276 1400
2 1276 1401
2 389 1402
2 389 1403
2 1250 1404
2 1250 1405
2 1292 1406
2 1292 1407
2 1117 1408
2 1117 1409
2 137 1410
2 137 1411
2 226 1412
2 226 1413
2 283 1414
2 283 1415
2 649 1416
2 649 1417
2 1368 1418
2 1368 1419
2 1362 1420
2 1362 1421
2 1396 1422
2 1396 1423
2 339 1424
2 339 1425
2 1450 1426
2 1450 1427
2 1620 1428
2 1620 1429
2 373 1430
2 373 1431
2 1414 1432
2 1414 1433
2 88 1434
2 88 1435
2 1422 1436
2 1422 1437
2 1356 1438
2 1356 1439
2 746 1440
2 746 1441
2 275 1442
2 275 1443
2 584 1444
2 584 1445
2 1374 1446
2 1374 1447
2 966 1448
2 966 1449
2 654 1450
2 654 1451
2 125 1452
2 125 1453
2 1285 1454
2 1285 1455
2 520 1456
2 520 1457
2 1305 1458
2 1305 1459
2 438 1460
2 438 1461
2 394 1462
2 394 1463
2 476 1464
2 476 1465
2 1294 1466
2 1294 1467
2 1131 1468
2 1131 1469
2 1091 1470
2 1091 1471
2 1141 1472
2 1141 1473
2 808 1474
2 808 1475
2 636 1476
2 636 1477
2 221 1478
2 221 1479
2 1360 1480
2 1360 1481
2 1404 1482
2 1404 1483
2 756 1484
2 756 1485
2 444 1486
2 444 1487
2 11 1488
2 11 1489
2 1029 1490
2 1029 1491
2 489 1492
2 489 1493
2 451 1494
2 451 1495
2 650 1496
2 650 1497
2 1454 1498
2 1454 1499
2 947 1500
2 947 1501
2 1225 1502
2 1225 1503
2 1301 1504
2 1301 1505
2 1126 1506
2 1126 1507
2 331 1508
2 331 1509
2 147 1510
2 147 1511
2 862 1512
2 862 1513
2 998 1514
2 998 1515
2 403 1516
2 403 1517
2 1394 1518
2 1394 1519
2 1510 1520
2 1510 1521
2 1488 1522
2 1488 1523
2 935 1524
2 935 1525
2 1028 1526
2 1028 1527
2 1398 1528
2 1398 1529
2 892 1530
2 892 1531
2 543 1532
2 543 1533
2 1397 1534
2 1397 1535
2 270 1536
2 270 1537
2 777 1538
2 777 1539
2 1502 1540
2 1502 1541
2 951 1542
2 951 1543
2 1105 1544
2 1105 1545
2 681 1546
2 681 1547
2 1562 1548
2 1562 1549
2 600 1550
2 600 1551
2 1470 1552
2 1470 1553
2 62 1554
2 62 1555
2 1415 1556
2 1415 1557
2 49 1558
2 49 1559
2 1209 1560
2 1209 1561
2 1516 1562
2 1516 1563
2 446 1564
2 446 1565
2 1358 1566
2 1358 1567
2 1480 1568
2 1480 1569
2 855 1570
2 855 1571
2 663 1572
2 663 1573
2 722 1574
2 722 1575
2 1161 1576
2 1161 1577
2 829 1578
2 829 1579
2 901 1580
2 901 1581
2 501 1582
2 501 1583
2 1492 1584
2 1492 1585
2 680 1586
2 680 1587
2 1246 1588
2 1246 1589
2 1300 1590
2 1300 1591
2 802 1592
2 802 1593
2 43 1594
2 43 1595
2 375 1596
2 375 1597
2 76 1598
2 76 1599
2 1039 1600
2 1039 1601
2 754 1602
2 754 1603
2 1594 1604
2 1594 1605
2 1223 1606
2 1223 1607
2 203 1608
2 203 1609
2 1560 1610
2 1560 1611
2 428 1612
2 428 1613
2 1497 1614
2 1497 1615
2 1606 1616
2 1606 1617
2 368 1618
2 368 1619
2 325 1620
2 325 1621
2 1258 1622
2 1258 1623
2 1198 1624
2 1198 1625
CELL_TYPES 1625
3
3
3
3
3
3
3
3
3
3
3
3
3
3
3
3
3
3
3
3
3
3
3
3
3
3
3
3
3
3
3
3
3
3
3
3
3
3
3
3
3
3
3
3
3
3
3
3
3
3
3
3
3
3
3
3
3
3
3
3
3
3
3
3
3
3
3
3
3
3
3
3
3
3
3
3
3
3
3
3
3
3
3
3
3
3
3
3
3
3
3
3
3
3
3
3
3
3
3
3
3
3
3
3
3
3
3
3
3
3
3
3
3
3
3
3
3
3
3
3
3
3
3
3
3
3
3
3
3
3
3
3
3
3
3
3
3
3
3
3
3
3
3
3
3
3
3
3
3
3
3
3
3
3
3
3
3
3
3
3
3
3
3
3
3
3
3
3
3
3
3
3
3
3
3
3
3
3
3
3
3
3
3
3
3
3
3
3
3
3
3
3
3
3
3
3
3
3
3
3
3
3
3
3
3
3
3
3
3
3
3
3
3
3
3
3
3
3
3
3
3
3
3
3
3
3
3
3
3
3
3
3
3
3
3
3
3
3
3
3
3
3
3
3
3
3
3
3
3
3
3
3
3
3
3
3
3
3
3
3
3
3
3
3
3
3
3
3
3
3
3
3
3
3
3
3
3
3
3
3
3
3
3
3
3
3
3
3
3
3
3
3
3
3
3
3
3
3
3
3
3
3
3
3
3
3
3
3
3
3
3
3
3
3
3
3
3
3
3
3
3
3
3
3
3
3
3
3
3
3
3
3
3
3
3
3
3
3
3
3
3
3
3
3
3
3
3
3
3
3
3
3
3
3
3
3
3
3
3
3
3
3
3
3
3
3
3
3
3
3
3
3
3
3
3
3
3
3
3
3
3
3
3
3
3
3
3
3
3
3
3
3
3
3
3
3
3
3
3
3
3
3
3
3
3
3
3
3
3
3
3
3
3
3
3
3
3
3
3
3
3
3
3
3
3
3
3
3
3
3
3
3
3
3
3
3
3
3
3
3
3
3
3
3
3
3
3
3
3
3
3
3
3
3
3
3
3
3
3
3
3
3
3
3
3
3
3
3
3
3
3
3
3
3
3
3
3
3
3
3
3
3
3
3
3
3
3
3
3
3
3
3
3
3
3
3
3
3
3
3
3
3
3
3
3
3
3
3
3
3
3
3
3
3
3
3
3
3
3
3
3
3
3
3
3
3
3
3
3
3
3
3
3
3
3
3
3
3
3
3
3
3
3
3
3
3
3
3
3
3
3
3
3
3
3
3
3
3
3
3
3
3
3
3
3
3
3
3
3
3
3
3
3
3
3
3
3
3
3
3
3
3
3
3
3
3
3
3
3
3
3
3
3
3
3
3
3
3
3
3
3
3
3
3
3
3
3
3
3
3
3
3
3
3
3
3
3
3
3
3
3
3
3
3
3
3
3
3
3
3
3
3
3
3
3
3
3
3
3
3
3
3
3
3
3
3
3
3
3
3
3
3
3
3
3
3
3
3
3
3
3
3
3
3
3
3
3
3
3
3
3
3
3
3
3
3
3
3
3
3
3
3
3
3
3
3
3
3
3
3
3
3
3
3
3
3
3
3
3
3
3
3
3
3
3
3
3
3
3
3
3
3
3
3
3
3
3
3
3
3
3
3
3
3
3
3
3
3
3
3
3
3
3
3
3
3
3
3
3
3
3
3
3
3
3
3
3
3
3
3
3
3
3
3
3
3
3
3
3
3
3
3
3
3
3
3
3
3
3
3
3
3
3
3
3
3
3
3
3
3
3
3
3
3
3
3
3
3
3
3
3
3
3
3
3
3
3
3
3
3
3
3
3
3
3
3
3
3
3
3
3
3
3
3
3
3
3
3
3
3
3
3
3
3
3
3
3
3
3
3
3
3
3
3
3
3
3
3
3
3
3
3
3
3
3
3
3
3
3
3
3
3
3
3
3
3
3
3
3
3
3
3
3
3
3
3
3
3
3
3
3
3
3
3
3
3
3
3
3
3
3
3
3
3
3
3
3
3
3
3
3
3
3
3
3
3
3
3
3
3
3
3
3
3
3
3
3
3
3
3
3
3
3
3
3
3
3
3
3
3
3
3
3
3
3
3
3
3
3
3
3
3
3
3
3
3
3
3
3
3
3
3
3
3
3
3
3
3
3
3
3
3
3
3
3
3
3
3
3
3
3
3
3
3
3
3
3
3
3
3
3
3
3
3
3
3
3
3
3
3
3
3
3
3
3
3
3
3
3
3
3
3
3
3
3
3
3
3
3
3
3
3
3
3
3
3
3
3
3
3
3
3
3
3
3
3
3
3
3
3
3
3
3
3
3
3
3
3
3
3
3
3
3
3
3
3
3
3
3
3
3
3
3
3
3
3
3
3
3
3
3
3
3
3
3
3
3
3
3
3
3
3
3
3
3
3
3
3
3
3
3
3
3
3
3
3
3
3
3
3
3
3
3
3
3
3
3
3
3
3
3
3
3
3
3
3
3
3
3
3
3
3
3
3
3
3
3
3
3
3
3
3
3
3
3
3
3
3
3
3
3
3
3
3
3
3
3
3
3
3
3
3
3
3
3
3
3
3
3
3
3
3
3
3
3
3
3
3
3
3
3
3
3
3
3
3
3
3
3
3
3
3
3
3
3
3
3
3
3
3
3
3
3
3
3
3
3
3
3
3
3
3
3
3
3
3
3
3
3
3
3
3
3
3
3
3
3
3
3
3
3
3
3
3
3
3
3
3
3
3
3
3
3
3
3
3
3
3
3
3
3
3
3
3
3
3
3
3
3
3
3
3
3
3
3
3
3
3
3
3
3
3
3
3
3
3
3
3
3
3
3
3
3
3
3
3
3
3
3
3
3
3
3
3
3
3
3
3
3
3
3
3
3
3
3
3
3
3
3
3
3
3
3
3
3
3
3
3
3
3
3
3
3
3
3
3
3
3
3
3
3
3
3
3
3
3
3
3
3
3
3
3
3
3
3
3
3
3
3
3
3
3
3
3
3
3
3
3
3
3
3
3
3
3
3
3
3
3
3
3
3
3
3
3
3
3
3
3
3
3
3
3
3
3
3
3
3
3
3
3
3
3
3
3
3
3
3
3
3
3
3
3
3
3
3
3
3
3
3
3
3
3
3
3
3
3
3
3
3
3
3
3
3
3
3
3
3
3
3
3
3
3
3
3
3
3
3
3
3
3
3
3
3
3
3
3
3
3
3
3
3
3
3
3
3
3
3
3
3
3
3
3
3
3
3
3
3
3
3
3
3
3
3
3
3
3
3
3
3
3
3
3
3
3
3
3
3
3
3
3
3
3
3
3
3
3
3
3
3
3
3
3
3
3
3
3
3
3
3
3
3
3
3
3
3
3
3
3
3
3
3
3
3
3
3
3
3
3
3
3
3
3
3
3
3
3
3
3
3
3
3
3
3
3
3
3
3
3
3
3
3
3
3
3
3
3
3
3
3
3
3
3
3
3
3
3
3
3
3
3
3
3
3
3
3
3
3
3
3
3
3
3
3
3
3
3
3
3
3
3
3
3
3
3
3
3
3
3
3
3
3
3
3
3
3
3
3
3
3
3
3
3
3
3
3
3
3
3
3
3
3
3
3
3
3
3
3
3
3
3
3
3
3
3
3
3
3
3
3
3
3
3
3
3
3
3
3
3
3
3
3
3
3
3
3
CELL_DATA 1625
SCALARS vessel_id int 1
LOOKUP_TABLE default
0
1
2
3
4
5
6
7
8
9
10
11
12
13
14
15
16
17
18
19
20
21
22
23
24
25
26
27
28
29
30
31
32
33
34
35
36
37
38
39
40
41
42
43
44
45
46
47
48
49
50
51
52
53
54
55
56
57
58
59
60
61
62
63
64
65
66
67
68
69
70
71
72
73
74
75
76
77
78
79
80
81
82
83
84
85
86
87
88
89
90
91
92
93
94
95
96
97
98
99
100
101
102
103
104
105
106
107
108
109
110
111
112
113
114
115
116
117
118
119
120
121
122
123
124
125
126
127
128
129
130
131
132
133
134
135
136
137
138
139
140
141
142
143
144
145
146
147
148
149
150
151
152
153
154
155
156
157
158
159
160
161
162
163
164
165
166
167
168
169
170
171
172
173
174
175
176
177
178
179
180
181
182
183
184
185
186
187
188
189
190
191
192
193
194
195
196
197
198
199
200
201
202
203
204
205
206
207
208
209
210
211
212
213
214
215
216
217
218
219
220
221
222
223
224
225
226
227
228
229
230
231
232
233
234
235
236
237
238
239
240
241
242
243
244
245
246
247
248
249
250
251
252
253
254
255
256
257
258
259
260
261
262
263
264
265
266
267
268
269
270
271
272
273
274
275
276
277
278
279
280
281
282
283
284
285
286
287
288
289
290
291
292
293
294
295
296
297
298
299
300
301
302
303
304
305
306
307
308
309
310
311
312
313
314
315
316
317
318
319
320
321
322
323
324
325
326
327
328
329
330
331
332
333
334
335
336
337
338
339
340
341
342
343
344
345
346
347
348
349
350
351
352
353
354
355
356
357
358
359
360
361
362
363
364
365
366
367
368
369
370
371
372
373
374
375
376
377
378
379
380
381
382
383
384
385
386
387
388
389
390
391
392
393
394
395
396
397
398
399
400
401
402
403
404
405
406
407
408
409
410
411
412
413
414
415
416
417
418
419
420
421
422
423
424
425
426
427
428
429
430
431
432
433
434
435
436
437
438
439
440
441
442
443
444
445
446
447
448
449
450
451
452
453
454
455
456
457
458
459
460
461
462
463
464
465
466
467
468
469
470
471
472
473
474
475
476
477
478
479
480
481
482
483
484
485
486
487
488
489
490
491
492
493
494
495
496
497
498
499
500
501
502
503
504
505
506
507
508
509
510
511
512
513
514
515
516
517
518
519
520
521
522
523
524
525
526
527
528
529
530
531
532
533
534
535
536
537
538
539
540
541
542
543
544
545
546
547
548
549
550
551
552
553
554
555
556
557
558
559
560
561
562
563
564
565
566
567
568
569
570
571
572
573
574
575
576
577
578
579
580
581
582
583
584
585
586
587
588
589
590
591
592
593
594
595
596
597
598
599
600
601
602
603
604
605
606
607
608
609
610
611
612
613
614
615
616
617
618
619
620
621
622
623
624
625
626
627
628
629
630
631
632
633
634
635
636
637
638
639
640
641
642
643
644
645
646
647
648
649
650
651
652
653
654
655
656
657
658
659
660
661
662
663
664
665
666
667
668
669
670
671
672
673
674
675
676
677
678
679
680
681
682
683
684
685
686
687
688
689
690
691
692
693
694
695
696
697
698
699
700
701
702
703
704
705
706
707
708
709
710
711
712
713
714
715
716
717
718
719
720
721
722
723
724
725
726
727
728
729
730
731
732
733
734
735
736
737
738
739
740
741
742
743
744
745
746
747
748
749
750
751
752
753
754
755
756
757
758
759
760
761
762
763
764
765
766
767
768
769
770
771
772
773
774
775
776
777
778
779
780
781
782
783
784
785
786
787
788
789
790
791
792
793
794
795
796
797
798
799
800
801
802
803
804
805
806
807
808
809
810
811
812
813
814
815
816
817
818
819
820
821
822
823
824
825
826
827
828
829
830
831
832
833
834
835
836
837
838
839
840
841
842
843
844
845
846
847
848
849
850
851
852
853
854
855
856
857
858
859
860
861
862
863
864
865
866
867
868
869
870
871
872
873
874
875
876
877
878
879
880
881
882
883
884
885
886
887
888
889
890
891
892
893
894
895
896
897
898
899
900
901
902
903
904
905
906
907
908
909
910
911
912
913
914
915
916
917
918
919
920
921
922
923
924
925
926
927
928
929
930
931
932
933
934
935
936
937
938
939
940
941
942
943
944
945
946
947
948
949
950
951
952
953
954
955
956
957
958
959
960
961
962
963
964
965
966
967
968
969
970
971
972
973
974
975
976
977
978
979
980
981
982
983
984
985
986
987
988
989
990
991
992
993
994
995
996
997
998
999
1000
1001
1002
1003
1004
1005
1006
1007
1008
1009
1010
1011
1012
1013
1014
1015
1016
1017
1018
1019
1020
1021
1022
1023
1024
1025
1026
1027
1028
1029
1030
1031
1032
1033
1034
1035
1036
1037
1038
1039
1040
1041
1042
1043
1044
1045
1046
1047
1048
1049
1050
1051
1052
1053
1054
1055
1056
1057
1058
1059
1060
1061
1062
1063
1064
1065
1066
1067
1068
1069
1070
1071
1072
1073
1074
1075
1076
1077
1078
1079
1080
1081
1082
1083
1084
1085
1086
1087
1088
1089
1090
1091
1092
1093
1094
1095
1096
1097
1098
1099
1100
1101
1102
1103
1104
1105
1106
1107
1108
1109
1110
1111
1112
1113
1114
1115
1116
1117
1118
1119
1120
1121
1122
1123
1124
1125
1126
1127
1128
1129
1130
1131
1132
1133
1134
1135
1136
1137
1138
1139
1140
1141
1142
1143
1144
1145
1146
1147
1148
1149
1150
1151
1152
1153
1154
1155
1156
1157
1158
1159
1160
1161
1162
1163
1164
1165
1166
1167
1168
1169
1170
1171
1172
1173
1174
1175
1176
1177
1178
1179
1180
1181
1182
1183
1184
1185
1186
1187
1188
1189
1190
1191
1192
1193
1194
1195
1196
1197
1198
1199
1200
1201
1202
1203
1204
1205
1206
1207
1208
1209
1210
1211
1212
1213
1214
1215
1216
1217
1218
1219
1220
1221
1222
1223
1224
1225
1226
1227
1228
1229
1230
1231
1232
1233
1234
1235
1236
1237
1238
1239
1240
1241
1242
1243
1244
1245
1246
1247
1248
1249
1250
1251
1252
1253
1254
1255
1256
1257
1258
1259
1260
1261
1262
1263
1264
1265
1266
1267
1268
1269
1270
1271
1272
1273
1274
1275
1276
1277
1278
1279
1280
1281
1282
1283
1284
1285
1286
1287
1288
1289
1290
1291
1292
1293
1294
1295
1296
1297
1298
1299
1300
1301
1302
1303
1304
1305
1306
1307
1308
1309
1310
1311
1312
1313
1314
1315
1316
1317
1318
1319
1320
1321
1322
1323
1324
1325
1326
1327
1328
1329
1330
1331
1332
1333
1334
1335
1336
1337
1338
1339
1340
1341
1342
1343
1344
1345
1346
1347
1348
1349
1350
1351
1352
1353
1354
1355
1356
1357
1358
1359
1360
1361
1362
1363
1364
1365
1366
1367
1368
1369
1370
1371
1372
1373
1374
1375
1376
1377
1378
1379
1380
1381
1382
1383
1384
1385
1386
1387
1388
1389
1390
1391
1392
1393
1394
1395
1396
1397
1398
1399
1400
1401
1402
1403
1404
1405
1406
1407
1408
1409
1410
1411
1412
1413
1414
1415
1416
1417
1418
1419
1420
1421
1422
1423
1424
1425
1426
1427
1428
1429
1430
1431
1432
1433
1434
1435
1436
1437
1438
1439
1440
1441
1442
1443
1444
1445
1446
1447
1448
1449
1450
1451
1452
1453
1454
1455
1456
1457
1458
1459
1460
1461
1462
1463
1464
1465
1466
1467
1468
1469
1470
1471
1472
1473
1474
1475
1476
1477
1478
1479
1480
1481
1482
1483
1484
1485
1486
1487
1488
1489
1490
1491
1492
1493
1494
1495
1496
1497
1498
1499
1500
1501
1502
1503
1504
1505
1506
1507
1508
1509
1510
1511
1512
1513
1514
1515
1516
1517
1518
1519
1520
1521
1522
1523
1524
1525
1526
1527
1528
1529
1530
1531
1532
1533
1534
1535
1536
1537
1538
1539
1540
1541
1542
1543
1544
1545
1546
1547
1548
1549
1550
1551
1552
1553
1554
1555
1556
1557
1558
1559
1560
1561
1562
1563
1564
1565
1566
1567
1568
1569
1570
1571
1572
1573
1574
1575
1576
1577
1578
1579
1580
1581
1582
1583
1584
1585
1586
1587
1588
1589
1590
1591
1592
1593
1594
1595
1596
1597
1598
1599
1600
1601
1602
1603
1604
1605
1606
1607
1608
1609
1610
1611
1612
1613
1614
1615
1616
1617
1618
1619
1620
1621
1622
1623
1624
SCALARS a0 double 1
LOOKUP_TABLE default
0.009130779820523223
0.0036235523730971417
0.0036235523730971417
0.0014380077122290674
0.0014380077122290674
0.0009058880932742854
0.0009058880932742854
3.566710867391883e-05
3.566710867391883e-05
3.5107610161842467e-07
3.5107610161842467e-07
0.009130779820523223
0.009130779820523223
1.415450145741071e-05
1.415450145741071e-05
5.572985730299817e-07
5.572985730299817e-07
0.00575203084891627
0.00575203084891627
0.0009058880932742854
0.0009058880932742854
0.00014266843469567533
0.00014266843469567533
3.566710867391883e-05
3.566710867391883e-05
5.661800582964284e-05
5.661800582964284e-05
1.415450145741071e-05
1.415450145741071e-05
2.1942256351151542e-08
2.1942256351151542e-08
0.00575203084891627
0.00575203084891627
0.00035950192805726686
0.00035950192805726686
8.916777168479708e-06
8.916777168479708e-06
0.00014266843469567533
0.00014266843469567533
2.229194292119927e-06
2.229194292119927e-06
1.3932464325749544e-07
1.3932464325749544e-07
0.00022647202331857135
0.00022647202331857135
0.00022647202331857135
0.00022647202331857135
3.5386253643526774e-06
3.5386253643526774e-06
0.0009058880932742854
0.0009058880932742854
5.661800582964284e-05
5.661800582964284e-05
8.846563410881694e-07
8.846563410881694e-07
8.987548201431671e-05
8.987548201431671e-05
0.00022647202331857135
0.00022647202331857135
0.0022826949551308052
0.0022826949551308052
0.0009058880932742854
0.0009058880932742854
0.0005706737387827013
0.0005706737387827013
3.483116081437386e-08
3.483116081437386e-08
5.661800582964284e-05
5.661800582964284e-05
0.0036235523730971417
0.0036235523730971417
0.00035950192805726686
0.00035950192805726686
3.5386253643526774e-06
3.5386253643526774e-06
3.566710867391883e-05
3.566710867391883e-05
0.0005706737387827013
0.0005706737387827013
1.415450145741071e-05
1.415450145741071e-05
0.00014266843469567533
0.00014266843469567533
3.566710867391883e-05
3.566710867391883e-05
2.246887050357918e-05
2.246887050357918e-05
8.846563410881694e-07
8.846563410881694e-07
3.5107610161842467e-07
3.5107610161842467e-07
2.246887050357918e-05
2.246887050357918e-05
1.3932464325749544e-07
1.3932464325749544e-07
1.415450145741071e-05
1.415450145741071e-05
5.661800582964284e-05
5.661800582964284e-05
1.4043044064736987e-06
1.4043044064736987e-06
5.617217625894795e-06
5.617217625894795e-06
2.229194292119927e-06
2.229194292119927e-06
2.246887050357918e-05
2.246887050357918e-05
3.5386253643526774e-06
3.5386253643526774e-06
1.415450145741071e-05
1.415450145741071e-05
8.987548201431671e-05
8.987548201431671e-05
5.572985730299817e-07
5.572985730299817e-07
0.00035950192805726686
0.00035950192805726686
3.566710867391883e-05
3.566710867391883e-05
3.566710867391883e-05
3.566710867391883e-05
1.4043044064736987e-06
1.4043044064736987e-06
5.661800582964284e-05
5.661800582964284e-05
8.987548201431671e-05
8.987548201431671e-05
2.246887050357918e-05
2.246887050357918e-05
2.2116408527204234e-07
2.2116408527204234e-07
8.987548201431671e-05
8.987548201431671e-05
1.415450145741071e-05
1.415450145741071e-05
5.661800582964284e-05
5.661800582964284e-05
0.0009058880932742854
0.0009058880932742854
8.916777168479708e-06
8.916777168479708e-06
8.987548201431671e-05
8.987548201431671e-05
5.572985730299817e-07
5.572985730299817e-07
5.5291021318010584e-08
5.5291021318010584e-08
3.5107610161842467e-07
3.5107610161842467e-07
0.00035950192805726686
0.00035950192805726686
3.5107610161842467e-07
3.5107610161842467e-07
0.0036235523730971417
0.0036235523730971417
5.617217625894795e-06
5.617217625894795e-06
2.1942256351151542e-08
2.1942256351151542e-08
5.661800582964284e-05
5.661800582964284e-05
8.987548201431671e-05
8.987548201431671e-05
0.00035950192805726686
0.00035950192805726686
1.4043044064736987e-06
1.4043044064736987e-06
5.661800582964284e-05
5.661800582964284e-05
2.246887050357918e-05
2.246887050357918e-05
8.916777168479708e-06
8.916777168479708e-06
0.0014380077122290674
0.0014380077122290674
3.5386253643526774e-06
3.5386253643526774e-06
0.0009058880932742854
0.0009058880932742854
1.4043044064736987e-06
1.4043044064736987e-06
2.229194292119927e-06
2.229194292119927e-06
3.566710867391883e-05
3.566710867391883e-05
0.00014266843469567533
0.00014266843469567533
5.661800582964284e-05
5.661800582964284e-05
3.566710867391883e-05
3.566710867391883e-05
8.916777168479708e-06
8.916777168479708e-06
8.987548201431671e-05
8.987548201431671e-05
2.246887050357918e-05
2.246887050357918e-05
8.776902540460617e-08
8.776902540460617e-08
3.5386253643526774e-06
3.5386253643526774e-06
5.572985730299817e-07
5.572985730299817e-07
0.00014266843469567533
0.00014266843469567533
0.00022647202331857135
0.00022647202331857135
3.5386253643526774e-06
3.5386253643526774e-06
8.776902540460617e-08
8.776902540460617e-08
0.0005706737387827013
0.0005706737387827013
8.916777168479708e-06
8.916777168479708e-06
8.776902540460617e-08
8.776902540460617e-08
5.617217625894795e-06
5.617217625894795e-06
8.916777168479708e-06
8.916777168479708e-06
2.246887050357918e-05
2.246887050357918e-05
5.661800582964284e-05
5.661800582964284e-05
0.00022647202331857135
0.00022647202331857135
0.0014380077122290674
0.0014380077122290674
8.846563410881694e-07
8.846563410881694e-07
3.5107610161842467e-07
3.5107610161842467e-07
0.0014380077122290674
0.0014380077122290674
2.2116408527204234e-07
2.2116408527204234e-07
0.00035950192805726686
0.00035950192805726686
1.4043044064736987e-06
1.4043044064736987e-06
0.00014266843469567533
0.00014266843469567533
0.00035950192805726686
0.00035950192805726686
5.617217625894795e-06
5.617217625894795e-06
1.415450145741071e-05
1.415450145741071e-05
2.246887050357918e-05
2.246887050357918e-05
8.987548201431671e-05
8.987548201431671e-05
5.661800582964284e-05
5.661800582964284e-05
0.0009058880932742854
0.0009058880932742854
1.415450145741071e-05
1.415450145741071e-05
3.5386253643526774e-06
3.5386253643526774e-06
2.246887050357918e-05
2.246887050357918e-05
8.916777168479708e-06
8.916777168479708e-06
1.4043044064736987e-06
1.4043044064736987e-06
1.4043044064736987e-06
1.4043044064736987e-06
2.246887050357918e-05
2.246887050357918e-05
0.00022647202331857135
0.00022647202331857135
0.00022647202331857135
0.00022647202331857135
5.5291021318010584e-08
5.5291021318010584e-08
3.5386253643526774e-06
3.5386253643526774e-06
0.0036235523730971417
0.0036235523730971417
3.5386253643526774e-06
3.5386253643526774e-06
2.246887050357918e-05
2.246887050357918e-05
8.916777168479708e-06
8.916777168479708e-06
3.5386253643526774e-06
3.5386253643526774e-06
5.661800582964284e-05
5.661800582964284e-05
2.246887050357918e-05
2.246887050357918e-05
5.5291021318010584e-08
5.5291021318010584e-08
0.0005706737387827013
0.0005706737387827013
0.0022826949551308052
0.0022826949551308052
5.661800582964284e-05
5.661800582964284e-05
3.566710867391883e-05
3.566710867391883e-05
5.617217625894795e-06
5.617217625894795e-06
8.987548201431671e-05
8.987548201431671e-05
0.00022647202331857135
0.00022647202331857135
0.00035950192805726686
0.00035950192805726686
2.246887050357918e-05
2.246887050357918e-05
1.4043044064736987e-06
1.4043044064736987e-06
0.00035950192805726686
0.00035950192805726686
0.0022826949551308052
0.0022826949551308052
0.00014266843469567533
0.00014266843469567533
3.5386253643526774e-06
3.5386253643526774e-06
3.483116081437386e-08
3.483116081437386e-08
8.916777168479708e-06
8.916777168479708e-06
0.00014266843469567533
0.00014266843469567533
2.229194292119927e-06
2.229194292119927e-06
3.5386253643526774e-06
3.5386253643526774e-06
2.229194292119927e-06
2.229194292119927e-06
3.5386253643526774e-06
3.5386253643526774e-06
3.483116081437386e-08
3.483116081437386e-08
8.987548201431671e-05
8.987548201431671e-05
5.572985730299817e-07
5.572985730299817e-07
0.0022826949551308052
0.0022826949551308052
5.661800582964284e-05
5.661800582964284e-05
1.3932464325749544e-07
1.3932464325749544e-07
3.566710867391883e-05
3.566710867391883e-05
2.246887050357918e-05
2.246887050357918e-05
1.415450145741071e-05
1.415450145741071e-05
8.916777168479708e-06
8.916777168479708e-06
2.246887050357918e-05
2.246887050357918e-05
0.0009058880932742854
0.0009058880932742854
2.246887050357918e-05
2.246887050357918e-05
0.0014380077122290674
0.0014380077122290674
1.415450145741071e-05
1.415450145741071e-05
8.846563410881694e-07
8.846563410881694e-07
8.916777168479708e-06
8.916777168479708e-06
1.415450145741071e-05
1.415450145741071e-05
0.00022647202331857135
0.00022647202331857135
3.566710867391883e-05
3.566710867391883e-05
0.00035950192805726686
0.00035950192805726686
2.2116408527204234e-07
2.2116408527204234e-07
0.0005706737387827013
0.0005706737387827013
0.0005706737387827013
0.0005706737387827013
5.617217625894795e-06
5.617217625894795e-06
3.5107610161842467e-07
3.5107610161842467e-07
5.572985730299817e-07
5.572985730299817e-07
8.846563410881694e-07
8.846563410881694e-07
0.00022647202331857135
0.00022647202331857135
2.2116408527204234e-07
2.2116408527204234e-07
8.846563410881694e-07
8.846563410881694e-07
3.566710867391883e-05
3.566710867391883e-05
8.776902540460617e-08
8.776902540460617e-08
5.617217625894795e-06
5.617217625894795e-06
5.661800582964284e-05
5.661800582964284e-05
2.246887050357918e-05
2.246887050357918e-05
2.246887050357918e-05
2.246887050357918e-05
0.00014266843469567533
0.00014266843469567533
2.229194292119927e-06
2.229194292119927e-06
8.916777168479708e-06
8.916777168479708e-06
3.566710867391883e-05
3.566710867391883e-05
3.5386253643526774e-06
3.5386253643526774e-06
3.566710867391883e-05
3.566710867391883e-05
1.3822755329502646e-08
1.3822755329502646e-08
5.572985730299817e-07
5.572985730299817e-07
2.246887050357918e-05
2.246887050357918e-05
0.00035950192805726686
0.00035950192805726686
8.846563410881694e-07
8.846563410881694e-07
8.916777168479708e-06
8.916777168479708e-06
8.916777168479708e-06
8.916777168479708e-06
1.415450145741071e-05
1.415450145741071e-05
1.415450145741071e-05
1.415450145741071e-05
8.987548201431671e-05
8.987548201431671e-05
0.00035950192805726686
0.00035950192805726686
5.661800582964284e-05
5.661800582964284e-05
2.246887050357918e-05
2.246887050357918e-05
3.5107610161842467e-07
3.5107610161842467e-07
3.566710867391883e-05
3.566710867391883e-05
2.229194292119927e-06
2.229194292119927e-06
0.0009058880932742854
0.0009058880932742854
5.617217625894795e-06
5.617217625894795e-06
2.246887050357918e-05
2.246887050357918e-05
8.846563410881694e-07
8.846563410881694e-07
8.916777168479708e-06
8.916777168479708e-06
3.566710867391883e-05
3.566710867391883e-05
1.415450145741071e-05
1.415450145741071e-05
5.661800582964284e-05
5.661800582964284e-05
5.661800582964284e-05
5.661800582964284e-05
8.916777168479708e-06
8.916777168479708e-06
5.617217625894795e-06
5.617217625894795e-06
1.4043044064736987e-06
1.4043044064736987e-06
0.0014380077122290674
0.0014380077122290674
8.916777168479708e-06
8.916777168479708e-06
1.3932464325749544e-07
1.3932464325749544e-07
8.916777168479708e-06
8.916777168479708e-06
0.00022647202331857135
0.00022647202331857135
2.229194292119927e-06
2.229194292119927e-06
8.916777168479708e-06
8.916777168479708e-06
2.229194292119927e-06
2.229194292119927e-06
5.617217625894795e-06
5.617217625894795e-06
0.00014266843469567533
0.00014266843469567533
1.3932464325749544e-07
1.3932464325749544e-07
1.415450145741071e-05
1.415450145741071e-05
1.415450145741071e-05
1.415450145741071e-05
3.5386253643526774e-06
3.5386253643526774e-06
1.415450145741071e-05
1.415450145741071e-05
1.4043044064736987e-06
1.4043044064736987e-06
1.4043044064736987e-06
1.4043044064736987e-06
5.617217625894795e-06
5.617217625894795e-06
1.415450145741071e-05
1.415450145741071e-05
2.229194292119927e-06
2.229194292119927e-06
5.617217625894795e-06
5.617217625894795e-06
2.229194292119927e-06
2.229194292119927e-06
8.987548201431671e-05
8.987548201431671e-05
8.776902540460617e-08
8.776902540460617e-08
5.5291021318010584e-08
5.5291021318010584e-08
0.0022826949551308052
0.0022826949551308052
2.2116408527204234e-07
2.2116408527204234e-07
1.415450145741071e-05
1.415450145741071e-05
2.246887050357918e-05
2.246887050357918e-05
8.916777168479708e-06
8.916777168479708e-06
2.2116408527204234e-07
2.2116408527204234e-07
8.916777168479708e-06
8.916777168479708e-06
1.4043044064736987e-06
1.4043044064736987e-06
0.00035950192805726686
0.00035950192805726686
8.846563410881694e-07
8.846563410881694e-07
3.566710867391883e-05
3.566710867391883e-05
5.661800582964284e-05
5.661800582964284e-05
0.00014266843469567533
0.00014266843469567533
0.0005706737387827013
0.0005706737387827013
2.229194292119927e-06
2.229194292119927e-06
8.987548201431671e-05
8.987548201431671e-05
2.246887050357918e-05
2.246887050357918e-05
0.00014266843469567533
0.00014266843469567533
5.617217625894795e-06
5.617217625894795e-06
0.0005706737387827013
0.0005706737387827013
2.246887050357918e-05
2.246887050357918e-05
0.00022647202331857135
0.00022647202331857135
3.566710867391883e-05
3.566710867391883e-05
5.617217625894795e-06
5.617217625894795e-06
5.5291021318010584e-08
5.5291021318010584e-08
2.229194292119927e-06
2.229194292119927e-06
2.229194292119927e-06
2.229194292119927e-06
0.00035950192805726686
0.00035950192805726686
5.661800582964284e-05
5.661800582964284e-05
0.00035950192805726686
0.00035950192805726686
8.987548201431671e-05
8.987548201431671e-05
1.3822755329502646e-08
1.3822755329502646e-08
0.0005706737387827013
0.0005706737387827013
1.415450145741071e-05
1.415450145741071e-05
2.246887050357918e-05
2.246887050357918e-05
2.246887050357918e-05
2.246887050357918e-05
8.916777168479708e-06
8.916777168479708e-06
3.5386253643526774e-06
3.5386253643526774e-06
0.00022647202331857135
0.00022647202331857135
3.483116081437386e-08
3.483116081437386e-08
0.00022647202331857135
0.00022647202331857135
3.566710867391883e-05
3.566710867391883e-05
2.229194292119927e-06
2.229194292119927e-06
0.00022647202331857135
0.00022647202331857135
8.916777168479708e-06
8.916777168479708e-06
1.4043044064736987e-06
1.4043044064736987e-06
0.00014266843469567533
0.00014266843469567533
5.617217625894795e-06
5.617217625894795e-06
0.00014266843469567533
0.00014266843469567533
8.846563410881694e-07
8.846563410881694e-07
0.00014266843469567533
0.00014266843469567533
2.229194292119927e-06
2.229194292119927e-06
1.415450145741071e-05
1.415450145741071e-05
1.3932464325749544e-07
1.3932464325749544e-07
0.00014266843469567533
0.00014266843469567533
0.00035950192805726686
0.00035950192805726686
8.846563410881694e-07
8.846563410881694e-07
3.566710867391883e-05
3.566710867391883e-05
8.916777168479708e-06
8.916777168479708e-06
5.617217625894795e-06
5.617217625894795e-06
1.4043044064736987e-06
1.4043044064736987e-06
5.661800582964284e-05
5.661800582964284e-05
5.617217625894795e-06
5.617217625894795e-06
2.229194292119927e-06
2.229194292119927e-06
3.5386253643526774e-06
3.5386253643526774e-06
5.617217625894795e-06
5.617217625894795e-06
0.0022826949551308052
0.0022826949551308052
1.4043044064736987e-06
1.4043044064736987e-06
3.566710867391883e-05
3.566710867391883e-05
1.415450145741071e-05
1.415450145741071e-05
3.5107610161842467e-07
3.5107610161842467e-07
1.4043044064736987e-06
1.4043044064736987e-06
3.566710867391883e-05
3.566710867391883e-05
2.229194292119927e-06
2.229194292119927e-06
1.415450145741071e-05
1.415450145741071e-05
0.0009058880932742854
0.0009058880932742854
5.617217625894795e-06
5.617217625894795e-06
0.00014266843469567533
0.00014266843469567533
1.415450145741071e-05
1.415450145741071e-05
0.0009058880932742854
0.0009058880932742854
2.246887050357918e-05
2.246887050357918e-05
0.0009058880932742854
0.0009058880932742854
0.00035950192805726686
0.00035950192805726686
3.5386253643526774e-06
3.5386253643526774e-06
2.2116408527204234e-07
2.2116408527204234e-07
2.229194292119927e-06
2.229194292119927e-06
8.987548201431671e-05
8.987548201431671e-05
8.987548201431671e-05
8.987548201431671e-05
3.566710867391883e-05
3.566710867391883e-05
0.00022647202331857135
0.00022647202331857135
0.00022647202331857135
0.00022647202331857135
0.0005706737387827013
0.0005706737387827013
2.2116408527204234e-07
2.2116408527204234e-07
0.00014266843469567533
0.00014266843469567533
5.661800582964284e-05
5.661800582964284e-05
0.00035950192805726686
0.00035950192805726686
8.987548201431671e-05
8.987548201431671e-05
5.617217625894795e-06
5.617217625894795e-06
0.00014266843469567533
0.00014266843469567533
1.3932464325749544e-07
1.3932464325749544e-07
1.3932464325749544e-07
1.3932464325749544e-07
8.987548201431671e-05
8.987548201431671e-05
1.3822755329502646e-08
1.3822755329502646e-08
8.916777168479708e-06
8.916777168479708e-06
3.566710867391883e-05
3.566710867391883e-05
5.661800582964284e-05
5.661800582964284e-05
0.00014266843469567533
0.00014266843469567533
1.4043044064736987e-06
1.4043044064736987e-06
0.00022647202331857135
0.00022647202331857135
1.415450145741071e-05
1.415450145741071e-05
8.987548201431671e-05
8.987548201431671e-05
3.5386253643526774e-06
3.5386253643526774e-06
2.1942256351151542e-08
2.1942256351151542e-08
8.987548201431671e-05
8.987548201431671e-05
8.707790203593465e-09
8.707790203593465e-09
5.617217625894795e-06
5.617217625894795e-06
8.846563410881694e-07
8.846563410881694e-07
2.229194292119927e-06
2.229194292119927e-06
3.5386253643526774e-06
3.5386253643526774e-06
1.4043044064736987e-06
1.4043044064736987e-06
0.0005706737387827013
0.0005706737387827013
5.5291021318010584e-08
5.5291021318010584e-08
8.846563410881694e-07
8.846563410881694e-07
0.00022647202331857135
0.00022647202331857135
1.3932464325749544e-07
1.3932464325749544e-07
3.5107610161842467e-07
3.5107610161842467e-07
2.229194292119927e-06
2.229194292119927e-06
3.5386253643526774e-06
3.5386253643526774e-06
8.987548201431671e-05
8.987548201431671e-05
2.229194292119927e-06
2.229194292119927e-06
8.846563410881694e-07
8.846563410881694e-07
0.0014380077122290674
0.0014380077122290674
8.916777168479708e-06
8.916777168479708e-06
8.916777168479708e-06
8.916777168479708e-06
0.0014380077122290674
0.0014380077122290674
8.707790203593465e-09
8.707790203593465e-09
8.987548201431671e-05
8.987548201431671e-05
8.987548201431671e-05
8.987548201431671e-05
0.0005706737387827013
0.0005706737387827013
1.415450145741071e-05
1.415450145741071e-05
0.0005706737387827013
0.0005706737387827013
2.246887050357918e-05
2.246887050357918e-05
8.846563410881694e-07
8.846563410881694e-07
3.5386253643526774e-06
3.5386253643526774e-06
5.661800582964284e-05
5.661800582964284e-05
8.916777168479708e-06
8.916777168479708e-06
8.916777168479708e-06
8.916777168479708e-06
5.617217625894795e-06
5.617217625894795e-06
0.0005706737387827013
0.0005706737387827013
2.229194292119927e-06
2.229194292119927e-06
1.3932464325749544e-07
1.3932464325749544e-07
5.5291021318010584e-08
5.5291021318010584e-08
1.415450145741071e-05
1.415450145741071e-05
0.0009058880932742854
0.0009058880932742854
5.617217625894795e-06
5.617217625894795e-06
8.776902540460617e-08
8.776902540460617e-08
8.916777168479708e-06
8.916777168479708e-06
8.916777168479708e-06
8.916777168479708e-06
0.00014266843469567533
0.00014266843469567533
2.1942256351151542e-08
2.1942256351151542e-08
5.617217625894795e-06
5.617217625894795e-06
8.776902540460617e-08
8.776902540460617e-08
0.00022647202331857135
0.00022647202331857135
1.415450145741071e-05
1.415450145741071e-05
2.246887050357918e-05
2.246887050357918e-05
5.661800582964284e-05
5.661800582964284e-05
8.916777168479708e-06
8.916777168479708e-06
1.415450145741071e-05
1.415450145741071e-05
1.4043044064736987e-06
1.4043044064736987e-06
2.246887050357918e-05
2.246887050357918e-05
2.246887050357918e-05
2.246887050357918e-05
8.846563410881694e-07
8.846563410881694e-07
8.846563410881694e-07
8.846563410881694e-07
0.00014266843469567533
0.00014266843469567533
0.0022826949551308052
0.0022826949551308052
3.5386253643526774e-06
3.5386253643526774e-06
5.572985730299817e-07
5.572985730299817e-07
8.776902540460617e-08
8.776902540460617e-08
8.846563410881694e-07
8.846563410881694e-07
8.776902540460617e-08
8.776902540460617e-08
2.246887050357918e-05
2.246887050357918e-05
3.566710867391883e-05
3.566710867391883e-05
0.00014266843469567533
0.00014266843469567533
5.661800582964284e-05
5.661800582964284e-05
3.566710867391883e-05
3.566710867391883e-05
3.566710867391883e-05
3.566710867391883e-05
2.246887050357918e-05
2.246887050357918e-05
5.617217625894795e-06
5.617217625894795e-06
1.4043044064736987e-06
1.4043044064736987e-06
0.00035950192805726686
0.00035950192805726686
8.987548201431671e-05
8.987548201431671e-05
0.0005706737387827013
0.0005706737387827013
3.566710867391883e-05
3.566710867391883e-05
0.00022647202331857135
0.00022647202331857135
3.5386253643526774e-06
3.5386253643526774e-06
0.0005706737387827013
0.0005706737387827013
0.00035950192805726686
0.00035950192805726686
3.483116081437386e-08
3.483116081437386e-08
2.246887050357918e-05
2.246887050357918e-05
8.846563410881694e-07
8.846563410881694e-07
8.987548201431671e-05
8.987548201431671e-05
5.572985730299817e-07
5.572985730299817e-07
5.617217625894795e-06
5.617217625894795e-06
2.229194292119927e-06
2.229194292119927e-06
0.00035950192805726686
0.00035950192805726686
5.661800582964284e-05
5.661800582964284e-05
5.661800582964284e-05
5.661800582964284e-05
2.2116408527204234e-07
2.2116408527204234e-07
8.916777168479708e-06
8.916777168479708e-06
0.0009058880932742854
0.0009058880932742854
2.229194292119927e-06
2.229194292119927e-06
2.2116408527204234e-07
2.2116408527204234e-07
0.0014380077122290674
0.0014380077122290674
3.483116081437386e-08
3.483116081437386e-08
3.566710867391883e-05
3.566710867391883e-05
3.5107610161842467e-07
3.5107610161842467e-07
0.00022647202331857135
0.00022647202331857135
1.3932464325749544e-07
1.3932464325749544e-07
8.987548201431671e-05
8.987548201431671e-05
3.566710867391883e-05
3.566710867391883e-05
5.617217625894795e-06
5.617217625894795e-06
8.987548201431671e-05
8.987548201431671e-05
8.916777168479708e-06
8.916777168479708e-06
0.00022647202331857135
0.00022647202331857135
3.566710867391883e-05
3.566710867391883e-05
0.00022647202331857135
0.00022647202331857135
5.617217625894795e-06
5.617217625894795e-06
5.661800582964284e-05
5.661800582964284e-05
8.776902540460617e-08
8.776902540460617e-08
0.00014266843469567533
0.00014266843469567533
3.5107610161842467e-07
3.5107610161842467e-07
1.415450145741071e-05
1.415450145741071e-05
8.987548201431671e-05
8.987548201431671e-05
0.00014266843469567533
0.00014266843469567533
0.0022826949551308052
0.0022826949551308052
1.415450145741071e-05
1.415450145741071e-05
5.617217625894795e-06
5.617217625894795e-06
3.566710867391883e-05
3.566710867391883e-05
5.617217625894795e-06
5.617217625894795e-06
5.661800582964284e-05
5.661800582964284e-05
3.5386253643526774e-06
3.5386253643526774e-06
5.572985730299817e-07
5.572985730299817e-07
8.916777168479708e-06
8.916777168479708e-06
8.776902540460617e-08
8.776902540460617e-08
8.987548201431671e-05
8.987548201431671e-05
2.246887050357918e-05
2.246887050357918e-05
5.617217625894795e-06
5.617217625894795e-06
1.415450145741071e-05
1.415450145741071e-05
8.987548201431671e-05
8.987548201431671e-05
3.5386253643526774e-06
3.5386253643526774e-06
0.0005706737387827013
0.0005706737387827013
0.0009058880932742854
0.0009058880932742854
1.4043044064736987e-06
1.4043044064736987e-06
5.5291021318010584e-08
5.5291021318010584e-08
3.5386253643526774e-06
3.5386253643526774e-06
8.846563410881694e-07
8.846563410881694e-07
3.566710867391883e-05
3.566710867391883e-05
0.00022647202331857135
0.00022647202331857135
0.00014266843469567533
0.00014266843469567533
2.2116408527204234e-07
2.2116408527204234e-07
3.5107610161842467e-07
3.5107610161842467e-07
2.246887050357918e-05
2.246887050357918e-05
3.5386253643526774e-06
3.5386253643526774e-06
5.661800582964284e-05
5.661800582964284e-05
5.617217625894795e-06
5.617217625894795e-06
5.5291021318010584e-08
5.5291021318010584e-08
0.00022647202331857135
0.00022647202331857135
5.572985730299817e-07
5.572985730299817e-07
0.0005706737387827013
0.0005706737387827013
0.00014266843469567533
0.00014266843469567533
5.572985730299817e-07
5.572985730299817e-07
3.566710867391883e-05
3.566710867391883e-05
5.617217625894795e-06
5.617217625894795e-06
8.987548201431671e-05
8.987548201431671e-05
1.4043044064736987e-06
1.4043044064736987e-06
0.00014266843469567533
0.00014266843469567533
8.987548201431671e-05
8.987548201431671e-05
8.916777168479708e-06
8.916777168479708e-06
5.617217625894795e-06
5.617217625894795e-06
2.246887050357918e-05
2.246887050357918e-05
0.00022647202331857135
0.00022647202331857135
3.5386253643526774e-06
3.5386253643526774e-06
2.246887050357918e-05
2.246887050357918e-05
3.5386253643526774e-06
3.5386253643526774e-06
5.661800582964284e-05
5.661800582964284e-05
5.572985730299817e-07
5.572985730299817e-07
5.617217625894795e-06
5.617217625894795e-06
0.00035950192805726686
0.00035950192805726686
8.846563410881694e-07
8.846563410881694e-07
1.415450145741071e-05
1.415450145741071e-05
1.4043044064736987e-06
1.4043044064736987e-06
8.987548201431671e-05
8.987548201431671e-05
8.987548201431671e-05
8.987548201431671e-05
2.229194292119927e-06
2.229194292119927e-06
3.566710867391883e-05
3.566710867391883e-05
1.4043044064736987e-06
1.4043044064736987e-06
0.00035950192805726686
0.00035950192805726686
2.246887050357918e-05
2.246887050357918e-05
8.987548201431671e-05
8.987548201431671e-05
2.229194292119927e-06
2.229194292119927e-06
8.846563410881694e-07
8.846563410881694e-07
5.661800582964284e-05
5.661800582964284e-05
8.916777168479708e-06
8.916777168479708e-06
1.415450145741071e-05
1.415450145741071e-05
1.3932464325749544e-07
1.3932464325749544e-07
1.415450145741071e-05
1.415450145741071e-05
0.0014380077122290674
0.0014380077122290674
1.4043044064736987e-06
1.4043044064736987e-06
1.415450145741071e-05
1.415450145741071e-05
8.846563410881694e-07
8.846563410881694e-07
3.566710867391883e-05
3.566710867391883e-05
0.00035950192805726686
0.00035950192805726686
3.566710867391883e-05
3.566710867391883e-05
5.572985730299817e-07
5.572985730299817e-07
5.617217625894795e-06
5.617217625894795e-06
8.916777168479708e-06
8.916777168479708e-06
1.4043044064736987e-06
1.4043044064736987e-06
0.0005706737387827013
0.0005706737387827013
2.229194292119927e-06
2.229194292119927e-06
1.415450145741071e-05
1.415450145741071e-05
5.661800582964284e-05
5.661800582964284e-05
1.3822755329502646e-08
1.3822755329502646e-08
3.566710867391883e-05
3.566710867391883e-05
1.4043044064736987e-06
1.4043044064736987e-06
0.0005706737387827013
0.0005706737387827013
2.246887050357918e-05
2.246887050357918e-05
1.415450145741071e-05
1.415450145741071e-05
8.846563410881694e-07
8.846563410881694e-07
2.229194292119927e-06
2.229194292119927e-06
8.916777168479708e-06
8.916777168479708e-06
5.572985730299817e-07
5.572985730299817e-07
0.0009058880932742854
0.0009058880932742854
1.3932464325749544e-07
1.3932464325749544e-07
5.617217625894795e-06
5.617217625894795e-06
5.661800582964284e-05
5.661800582964284e-05
5.661800582964284e-05
5.661800582964284e-05
1.415450145741071e-05
1.415450145741071e-05
0.00014266843469567533
0.00014266843469567533
8.846563410881694e-07
8.846563410881694e-07
0.0005706737387827013
0.0005706737387827013
1.415450145741071e-05
1.415450145741071e-05
3.566710867391883e-05
3.566710867391883e-05
5.617217625894795e-06
5.617217625894795e-06
2.2116408527204234e-07
2.2116408527204234e-07
0.00014266843469567533
0.00014266843469567533
0.0005706737387827013
0.0005706737387827013
0.00022647202331857135
0.00022647202331857135
1.415450145741071e-05
1.415450145741071e-05
0.00014266843469567533
0.00014266843469567533
3.5386253643526774e-06
3.5386253643526774e-06
1.415450145741071e-05
1.415450145741071e-05
3.566710867391883e-05
3.566710867391883e-05
8.776902540460617e-08
8.776902540460617e-08
2.246887050357918e-05
2.246887050357918e-05
2.2116408527204234e-07
2.2116408527204234e-07
8.846563410881694e-07
8.846563410881694e-07
8.846563410881694e-07
8.846563410881694e-07
3.5386253643526774e-06
3.5386253643526774e-06
2.246887050357918e-05
2.246887050357918e-05
5.572985730299817e-07
5.572985730299817e-07
2.229194292119927e-06
2.229194292119927e-06
0.00035950192805726686
0.00035950192805726686
8.916777168479708e-06
8.916777168479708e-06
5.5291021318010584e-08
5.5291021318010584e-08
1.415450145741071e-05
1.415450145741071e-05
8.916777168479708e-06
8.916777168479708e-06
1.4043044064736987e-06
1.4043044064736987e-06
2.229194292119927e-06
2.229194292119927e-06
1.4043044064736987e-06
1.4043044064736987e-06
1.415450145741071e-05
1.415450145741071e-05
3.5386253643526774e-06
3.5386253643526774e-06
8.916777168479708e-06
8.916777168479708e-06
1.415450145741071e-05
1.415450145741071e-05
0.0005706737387827013
0.0005706737387827013
3.5107610161842467e-07
3.5107610161842467e-07
1.4043044064736987e-06
1.4043044064736987e-06
8.987548201431671e-05
8.987548201431671e-05
1.415450145741071e-05
1.415450145741071e-05
3.566710867391883e-05
3.566710867391883e-05
8.846563410881694e-07
8.846563410881694e-07
3.5386253643526774e-06
3.5386253643526774e-06
0.0014380077122290674
0.0014380077122290674
8.987548201431671e-05
8.987548201431671e-05
3.5386253643526774e-06
3.5386253643526774e-06
0.00022647202331857135
0.00022647202331857135
5.572985730299817e-07
5.572985730299817e-07
0.00014266843469567533
0.00014266843469567533
8.987548201431671e-05
8.987548201431671e-05
3.566710867391883e-05
3.566710867391883e-05
8.987548201431671e-05
8.987548201431671e-05
1.415450145741071e-05
1.415450145741071e-05
8.987548201431671e-05
8.987548201431671e-05
8.916777168479708e-06
8.916777168479708e-06
8.916777168479708e-06
8.916777168479708e-06
3.5386253643526774e-06
3.5386253643526774e-06
2.229194292119927e-06
2.229194292119927e-06
1.3932464325749544e-07
1.3932464325749544e-07
8.707790203593465e-09
8.707790203593465e-09
2.246887050357918e-05
2.246887050357918e-05
3.566710867391883e-05
3.566710867391883e-05
5.661800582964284e-05
5.661800582964284e-05
0.00035950192805726686
0.00035950192805726686
5.661800582964284e-05
5.661800582964284e-05
2.229194292119927e-06
2.229194292119927e-06
0.0009058880932742854
0.0009058880932742854
5.661800582964284e-05
5.661800582964284e-05
3.483116081437386e-08
3.483116081437386e-08
1.4043044064736987e-06
1.4043044064736987e-06
2.229194292119927e-06
2.229194292119927e-06
2.246887050357918e-05
2.246887050357918e-05
8.987548201431671e-05
8.987548201431671e-05
3.566710867391883e-05
3.566710867391883e-05
2.246887050357918e-05
2.246887050357918e-05
5.617217625894795e-06
5.617217625894795e-06
8.846563410881694e-07
8.846563410881694e-07
0.00035950192805726686
0.00035950192805726686
0.00022647202331857135
0.00022647202331857135
3.566710867391883e-05
3.566710867391883e-05
3.5386253643526774e-06
3.5386253643526774e-06
5.572985730299817e-07
5.572985730299817e-07
2.229194292119927e-06
2.229194292119927e-06
0.0005706737387827013
0.0005706737387827013
5.572985730299817e-07
5.572985730299817e-07
8.916777168479708e-06
8.916777168479708e-06
3.566710867391883e-05
3.566710867391883e-05
5.617217625894795e-06
5.617217625894795e-06
8.987548201431671e-05
8.987548201431671e-05
5.661800582964284e-05
5.661800582964284e-05
2.246887050357918e-05
2.246887050357918e-05
2.246887050357918e-05
2.246887050357918e-05
3.566710867391883e-05
3.566710867391883e-05
5.617217625894795e-06
5.617217625894795e-06
3.5386253643526774e-06
3.5386253643526774e-06
5.572985730299817e-07
5.572985730299817e-07
3.5107610161842467e-07
3.5107610161842467e-07
0.00035950192805726686
0.00035950192805726686
2.2116408527204234e-07
2.2116408527204234e-07
1.4043044064736987e-06
1.4043044064736987e-06
0.0009058880932742854
0.0009058880932742854
1.4043044064736987e-06
1.4043044064736987e-06
3.566710867391883e-05
3.566710867391883e-05
0.00014266843469567533
0.00014266843469567533
2.229194292119927e-06
2.229194292119927e-06
3.5386253643526774e-06
3.5386253643526774e-06
3.5107610161842467e-07
3.5107610161842467e-07
0.00014266843469567533
0.00014266843469567533
3.5107610161842467e-07
3.5107610161842467e-07
2.1942256351151542e-08
2.1942256351151542e-08
2.229194292119927e-06
2.229194292119927e-06
1.3822755329502646e-08
1.3822755329502646e-08
8.916777168479708e-06
8.916777168479708e-06
1.4043044064736987e-06
1.4043044064736987e-06
5.572985730299817e-07
5.572985730299817e-07
2.2116408527204234e-07
2.2116408527204234e-07
3.5386253643526774e-06
3.5386253643526774e-06
0.00014266843469567533
0.00014266843469567533
0.00014266843469567533
0.00014266843469567533
0.00022647202331857135
0.00022647202331857135
3.5107610161842467e-07
3.5107610161842467e-07
5.661800582964284e-05
5.661800582964284e-05
3.5386253643526774e-06
3.5386253643526774e-06
3.566710867391883e-05
3.566710867391883e-05
8.916777168479708e-06
8.916777168479708e-06
3.5386253643526774e-06
3.5386253643526774e-06
5.661800582964284e-05
5.661800582964284e-05
8.916777168479708e-06
8.916777168479708e-06
0.00014266843469567533
0.00014266843469567533
3.5386253643526774e-06
3.5386253643526774e-06
5.661800582964284e-05
5.661800582964284e-05
5.572985730299817e-07
5.572985730299817e-07
0.00014266843469567533
0.00014266843469567533
8.916777168479708e-06
8.916777168479708e-06
8.916777168479708e-06
8.916777168479708e-06
8.776902540460617e-08
8.776902540460617e-08
5.617217625894795e-06
5.617217625894795e-06
0.00022647202331857135
0.00022647202331857135
8.846563410881694e-07
8.846563410881694e-07
5.661800582964284e-05
5.661800582964284e-05
0.00022647202331857135
0.00022647202331857135
2.2116408527204234e-07
2.2116408527204234e-07
2.229194292119927e-06
2.229194292119927e-06
0.00014266843469567533
0.00014266843469567533
2.2116408527204234e-07
2.2116408527204234e-07
8.846563410881694e-07
8.846563410881694e-07
5.617217625894795e-06
5.617217625894795e-06
5.617217625894795e-06
5.617217625894795e-06
8.916777168479708e-06
8.916777168479708e-06
3.5107610161842467e-07
3.5107610161842467e-07
5.661800582964284e-05
5.661800582964284e-05
1.4043044064736987e-06
1.4043044064736987e-06
3.483116081437386e-08
3.483116081437386e-08
5.617217625894795e-06
5.617217625894795e-06
0.0014380077122290674
0.0014380077122290674
5.5291021318010584e-08
5.5291021318010584e-08
2.229194292119927e-06
2.229194292119927e-06
2.1942256351151542e-08
2.1942256351151542e-08
1.3932464325749544e-07
1.3932464325749544e-07
3.5386253643526774e-06
3.5386253643526774e-06
2.229194292119927e-06
2.229194292119927e-06
2.2116408527204234e-07
2.2116408527204234e-07
2.246887050357918e-05
2.246887050357918e-05
5.617217625894795e-06
5.617217625894795e-06
3.5107610161842467e-07
3.5107610161842467e-07
1.415450145741071e-05
1.415450145741071e-05
0.00014266843469567533
0.00014266843469567533
5.617217625894795e-06
5.617217625894795e-06
1.4043044064736987e-06
1.4043044064736987e-06
0.00022647202331857135
0.00022647202331857135
0.0005706737387827013
0.0005706737387827013
2.1942256351151542e-08
2.1942256351151542e-08
1.415450145741071e-05
1.415450145741071e-05
8.987548201431671e-05
8.987548201431671e-05
0.0005706737387827013
0.0005706737387827013
1.4043044064736987e-06
1.4043044064736987e-06
2.229194292119927e-06
2.229194292119927e-06
0.00035950192805726686
0.00035950192805726686
3.483116081437386e-08
3.483116081437386e-08
3.566710867391883e-05
3.566710867391883e-05
5.572985730299817e-07
5.572985730299817e-07
0.00014266843469567533
0.00014266843469567533
0.00014266843469567533
0.00014266843469567533
0.0014380077122290674
0.0014380077122290674
5.661800582964284e-05
5.661800582964284e-05
5.617217625894795e-06
5.617217625894795e-06
1.4043044064736987e-06
1.4043044064736987e-06
2.246887050357918e-05
2.246887050357918e-05
8.776902540460617e-08
8.776902540460617e-08
8.987548201431671e-05
8.987548201431671e-05
0.0005706737387827013
0.0005706737387827013
1.415450145741071e-05
1.415450145741071e-05
3.5107610161842467e-07
3.5107610161842467e-07
5.661800582964284e-05
5.661800582964284e-05
8.776902540460617e-08
8.776902540460617e-08
0.00014266843469567533
0.00014266843469567533
2.246887050357918e-05
2.246887050357918e-05
2.229194292119927e-06
2.229194292119927e-06
1.3822755329502646e-08
1.3822755329502646e-08
5.5291021318010584e-08
5.5291021318010584e-08
0.00014266843469567533
0.00014266843469567533
3.5107610161842467e-07
3.5107610161842467e-07
0.00022647202331857135
0.00022647202331857135
1.415450145741071e-05
1.415450145741071e-05
5.572985730299817e-07
5.572985730299817e-07
8.987548201431671e-05
8.987548201431671e-05
5.572985730299817e-07
5.572985730299817e-07
2.1942256351151542e-08
2.1942256351151542e-08
8.916777168479708e-06
8.916777168479708e-06
3.566710867391883e-05
3.566710867391883e-05
SCALARS a_d double 1
LOOKUP_TABLE default
0.009130779820523223
0.0036235523730971417
0.0036235523730971417
0.0014380077122290674
0.0014380077122290674
0.0009058880932742854
0.0009058880932742854
3.566710867391883e-05
3.566710867391883e-05
3.5107610161842467e-07
3.5107610161842467e-07
0.009130779820523223
0.009130779820523223
1.415450145741071e-05
1.415450145741071e-05
5.572985730299817e-07
5.572985730299817e-07
0.00575203084891627
0.00575203084891627
0.0009058880932742854
0.0009058880932742854
0.00014266843469567533
0.00014266843469567533
3.566710867391883e-05
3.566710867391883e-05
5.661800582964284e-05
5.661800582964284e-05
1.415450145741071e-05
1.415450145741071e-05
2.1942256351151542e-08
2.1942256351151542e-08
0.00575203084891627
0.00575203084891627
0.00035950192805726686
0.00035950192805726686
8.916777168479708e-06
8.916777168479708e-06
0.00014266843469567533
0.00014266843469567533
2.229194292119927e-06
2.229194292119927e-06
1.3932464325749544e-07
1.3932464325749544e-07
0.00022647202331857135
0.00022647202331857135
0.00022647202331857135
0.00022647202331857135
3.5386253643526774e-06
3.5386253643526774e-06
0.0009058880932742854
0.0009058880932742854
5.661800582964284e-05
5.661800582964284e-05
8.846563410881694e-07
8.846563410881694e-07
8.987548201431671e-05
8.987548201431671e-05
0.00022647202331857135
0.00022647202331857135
0.0022826949551308052
0.0022826949551308052
0.0009058880932742854
0.0009058880932742854
0.0005706737387827013
0.0005706737387827013
3.483116081437386e-08
3.483116081437386e-08
5.661800582964284e-05
5.661800582964284e-05
0.0036235523730971417
0.0036235523730971417
0.00035950192805726686
0.00035950192805726686
3.5386253643526774e-06
3.5386253643526774e-06
3.566710867391883e-05
3.566710867391883e-05
0.0005706737387827013
0.0005706737387827013
1.415450145741071e-05
1.415450145741071e-05
0.00014266843469567533
0.00014266843469567533
3.566710867391883e-05
3.566710867391883e-05
2.246887050357918e-05
2.246887050357918e-05
8.846563410881694e-07
8.846563410881694e-07
3.5107610161842467e-07
3.5107610161842467e-07
2.246887050357918e-05
2.246887050357918e-05
1.3932464325749544e-07
1.3932464325749544e-07
1.415450145741071e-05
1.415450145741071e-05
5.661800582964284e-05
5.661800582964284e-05
1.4043044064736987e-06
1.4043044064736987e-06
5.617217625894795e-06
5.617217625894795e-06
2.229194292119927e-06
2.229194292119927e-06
2.246887050357918e-05
2.246887050357918e-05
3.5386253643526774e-06
3.5386253643526774e-06
1.415450145741071e-05
1.415450145741071e-05
8.987548201431671e-05
8.987548201431671e-05
5.572985730299817e-07
5.572985730299817e-07
0.00035950192805726686
0.00035950192805726686
3.566710867391883e-05
3.566710867391883e-05
3.566710867391883e-05
3.566710867391883e-05
1.4043044064736987e-06
1.4043044064736987e-06
5.661800582964284e-05
5.661800582964284e-05
8.987548201431671e-05
8.987548201431671e-05
2.246887050357918e-05
2.246887050357918e-05
2.2116408527204234e-07
2.2116408527204234e-07
8.987548201431671e-05
8.987548201431671e-05
1.415450145741071e-05
1.415450145741071e-05
5.661800582964284e-05
5.661800582964284e-05
0.0009058880932742854
0.0009058880932742854
8.916777168479708e-06
8.916777168479708e-06
8.987548201431671e-05
8.987548201431671e-05
5.572985730299817e-07
5.572985730299817e-07
5.5291021318010584e-08
5.5291021318010584e-08
3.5107610161842467e-07
3.5107610161842467e-07
0.00035950192805726686
0.00035950192805726686
3.5107610161842467e-07
3.5107610161842467e-07
0.0036235523730971417
0.0036235523730971417
5.617217625894795e-06
5.617217625894795e-06
2.1942256351151542e-08
2.1942256351151542e-08
5.661800582964284e-05
5.661800582964284e-05
8.987548201431671e-05
8.987548201431671e-05
0.00035950192805726686
0.00035950192805726686
1.4043044064736987e-06
1.4043044064736987e-06
5.661800582964284e-05
5.661800582964284e-05
2.246887050357918e-05
2.246887050357918e-05
8.916777168479708e-06
8.916777168479708e-06
0.0014380077122290674
0.0014380077122290674
3.5386253643526774e-06
3.5386253643526774e-06
0.0009058880932742854
0.0009058880932742854
1.4043044064736987e-06
1.4043044064736987e-06
2.229194292119927e-06
2.229194292119927e-06
3.566710867391883e-05
3.566710867391883e-05
0.00014266843469567533
0.00014266843469567533
5.661800582964284e-05
5.661800582964284e-05
3.566710867391883e-05
3.566710867391883e-05
8.916777168479708e-06
8.916777168479708e-06
8.987548201431671e-05
8.987548201431671e-05
2.246887050357918e-05
2.246887050357918e-05
8.776902540460617e-08
8.776902540460617e-08
3.5386253643526774e-06
3.5386253643526774e-06
5.572985730299817e-07
5.572985730299817e-07
0.00014266843469567533
0.00014266843469567533
0.00022647202331857135
0.00022647202331857135
3.5386253643526774e-06
3.5386253643526774e-06
8.776902540460617e-08
8.776902540460617e-08
0.0005706737387827013
0.0005706737387827013
8.916777168479708e-06
8.916777168479708e-06
8.776902540460617e-08
8.776902540460617e-08
5.617217625894795e-06
5.617217625894795e-06
8.916777168479708e-06
8.916777168479708e-06
2.246887050357918e-05
2.246887050357918e-05
5.661800582964284e-05
5.661800582964284e-05
0.00022647202331857135
0.00022647202331857135
0.0014380077122290674
0.0014380077122290674
8.846563410881694e-07
8.846563410881694e-07
3.5107610161842467e-07
3.5107610161842467e-07
0.0014380077122290674
0.0014380077122290674
2.2116408527204234e-07
2.2116408527204234e-07
0.00035950192805726686
0.00035950192805726686
1.4043044064736987e-06
1.4043044064736987e-06
0.00014266843469567533
0.00014266843469567533
0.00035950192805726686
0.00035950192805726686
5.617217625894795e-06
5.617217625894795e-06
1.415450145741071e-05
1.415450145741071e-05
2.246887050357918e-05
2.246887050357918e-05
8.987548201431671e-05
8.987548201431671e-05
5.661800582964284e-05
5.661800582964284e-05
0.0009058880932742854
0.0009058880932742854
1.415450145741071e-05
1.415450145741071e-05
3.5386253643526774e-06
3.5386253643526774e-06
2.246887050357918e-05
2.246887050357918e-05
8.916777168479708e-06
8.916777168479708e-06
1.4043044064736987e-06
1.4043044064736987e-06
1.4043044064736987e-06
1.4043044064736987e-06
2.246887050357918e-05
2.246887050357918e-05
0.00022647202331857135
0.00022647202331857135
0.00022647202331857135
0.00022647202331857135
5.5291021318010584e-08
5.5291021318010584e-08
3.5386253643526774e-06
3.5386253643526774e-06
0.0036235523730971417
0.0036235523730971417
3.5386253643526774e-06
3.5386253643526774e-06
2.246887050357918e-05
2.246887050357918e-05
8.916777168479708e-06
8.916777168479708e-06
3.5386253643526774e-06
3.5386253643526774e-06
5.661800582964284e-05
5.661800582964284e-05
2.246887050357918e-05
2.246887050357918e-05
5.5291021318010584e-08
5.5291021318010584e-08
0.0005706737387827013
0.0005706737387827013
0.0022826949551308052
0.0022826949551308052
5.661800582964284e-05
5.661800582964284e-05
3.566710867391883e-05
3.566710867391883e-05
5.617217625894795e-06
5.617217625894795e-06
8.987548201431671e-05
8.987548201431671e-05
0.00022647202331857135
0.00022647202331857135
0.00035950192805726686
0.00035950192805726686
2.246887050357918e-05
2.246887050357918e-05
1.4043044064736987e-06
1.4043044064736987e-06
0.00035950192805726686
0.00035950192805726686
0.0022826949551308052
0.0022826949551308052
0.00014266843469567533
0.00014266843469567533
3.5386253643526774e-06
3.5386253643526774e-06
3.483116081437386e-08
3.483116081437386e-08
8.916777168479708e-06
8.916777168479708e-06
0.00014266843469567533
0.00014266843469567533
2.229194292119927e-06
2.229194292119927e-06
3.5386253643526774e-06
3.5386253643526774e-06
2.229194292119927e-06
2.229194292119927e-06
3.5386253643526774e-06
3.5386253643526774e-06
3.483116081437386e-08
3.483116081437386e-08
8.987548201431671e-05
8.987548201431671e-05
5.572985730299817e-07
5.572985730299817e-07
0.0022826949551308052
0.0022826949551308052
5.661800582964284e-05
5.661800582964284e-05
1.3932464325749544e-07
1.3932464325749544e-07
3.566710867391883e-05
3.566710867391883e-05
2.246887050357918e-05
2.246887050357918e-05
1.415450145741071e-05
1.415450145741071e-05
8.916777168479708e-06
8.916777168479708e-06
2.246887050357918e-05
2.246887050357918e-05
0.0009058880932742854
0.0009058880932742854
2.246887050357918e-05
2.246887050357918e-05
0.0014380077122290674
0.0014380077122290674
1.415450145741071e-05
1.415450145741071e-05
8.846563410881694e-07
8.846563410881694e-07
8.916777168479708e-06
8.916777168479708e-06
1.415450145741071e-05
1.415450145741071e-05
0.00022647202331857135
0.00022647202331857135
3.566710867391883e-05
3.566710867391883e-05
0.00035950192805726686
0.00035950192805726686
2.2116408527204234e-07
2.2116408527204234e-07
0.0005706737387827013
0.0005706737387827013
0.0005706737387827013
0.0005706737387827013
5.617217625894795e-06
5.617217625894795e-06
3.5107610161842467e-07
3.5107610161842467e-07
5.572985730299817e-07
5.572985730299817e-07
8.846563410881694e-07
8.846563410881694e-07
0.00022647202331857135
0.00022647202331857135
2.2116408527204234e-07
2.2116408527204234e-07
8.846563410881694e-07
8.846563410881694e-07
3.566710867391883e-05
3.566710867391883e-05
8.776902540460617e-08
8.776902540460617e-08
5.617217625894795e-06
5.617217625894795e-06
5.661800582964284e-05
5.661800582964284e-05
2.246887050357918e-05
2.246887050357918e-05
2.246887050357918e-05
2.246887050357918e-05
0.00014266843469567533
0.00014266843469567533
2.229194292119927e-06
2.229194292119927e-06
8.916777168479708e-06
8.916777168479708e-06
3.566710867391883e-05
3.566710867391883e-05
3.5386253643526774e-06
3.5386253643526774e-06
3.566710867391883e-05
3.566710867391883e-05
1.3822755329502646e-08
1.3822755329502646e-08
5.572985730299817e-07
5.572985730299817e-07
2.246887050357918e-05
2.246887050357918e-05
0.00035950192805726686
0.00035950192805726686
8.846563410881694e-07
8.846563410881694e-07
8.916777168479708e-06
8.916777168479708e-06
8.916777168479708e-06
8.916777168479708e-06
1.415450145741071e-05
1.415450145741071e-05
1.415450145741071e-05
1.415450145741071e-05
8.987548201431671e-05
8.987548201431671e-05
0.00035950192805726686
0.00035950192805726686
5.661800582964284e-05
5.661800582964284e-05
2.246887050357918e-05
2.246887050357918e-05
3.5107610161842467e-07
3.5107610161842467e-07
3.566710867391883e-05
3.566710867391883e-05
2.229194292119927e-06
2.229194292119927e-06
0.0009058880932742854
0.0009058880932742854
5.617217625894795e-06
5.617217625894795e-06
2.246887050357918e-05
2.246887050357918e-05
8.846563410881694e-07
8.846563410881694e-07
8.916777168479708e-06
8.916777168479708e-06
3.566710867391883e-05
3.566710867391883e-05
1.415450145741071e-05
1.415450145741071e-05
5.661800582964284e-05
5.661800582964284e-05
5.661800582964284e-05
5.661800582964284e-05
8.916777168479708e-06
8.916777168479708e-06
5.617217625894795e-06
5.617217625894795e-06
1.4043044064736987e-06
1.4043044064736987e-06
0.0014380077122290674
0.0014380077122290674
8.916777168479708e-06
8.916777168479708e-06
1.3932464325749544e-07
1.3932464325749544e-07
8.916777168479708e-06
8.916777168479708e-06
0.00022647202331857135
0.00022647202331857135
2.229194292119927e-06
2.229194292119927e-06
8.916777168479708e-06
8.916777168479708e-06
2.229194292119927e-06
2.229194292119927e-06
5.617217625894795e-06
5.617217625894795e-06
0.00014266843469567533
0.00014266843469567533
1.3932464325749544e-07
1.3932464325749544e-07
1.415450145741071e-05
1.415450145741071e-05
1.415450145741071e-05
1.415450145741071e-05
3.5386253643526774e-06
3.5386253643526774e-06
1.415450145741071e-05
1.415450145741071e-05
1.4043044064736987e-06
1.4043044064736987e-06
1.4043044064736987e-06
1.4043044064736987e-06
5.617217625894795e-06
5.617217625894795e-06
1.415450145741071e-05
1.415450145741071e-05
2.229194292119927e-06
2.229194292119927e-06
5.617217625894795e-06
5.617217625894795e-06
2.229194292119927e-06
2.229194292119927e-06
8.987548201431671e-05
8.987548201431671e-05
8.776902540460617e-08
8.776902540460617e-08
5.5291021318010584e-08
5.5291021318010584e-08
0.0022826949551308052
0.0022826949551308052
2.2116408527204234e-07
2.2116408527204234e-07
1.415450145741071e-05
1.415450145741071e-05
2.246887050357918e-05
2.246887050357918e-05
8.916777168479708e-06
8.916777168479708e-06
2.2116408527204234e-07
2.2116408527204234e-07
8.916777168479708e-06
8.916777168479708e-06
1.4043044064736987e-06
1.4043044064736987e-06
0.00035950192805726686
0.00035950192805726686
8.846563410881694e-07
8.846563410881694e-07
3.566710867391883e-05
3.566710867391883e-05
5.661800582964284e-05
5.661800582964284e-05
0.00014266843469567533
0.00014266843469567533
0.0005706737387827013
0.0005706737387827013
2.229194292119927e-06
2.229194292119927e-06
8.987548201431671e-05
8.987548201431671e-05
2.246887050357918e-05
2.246887050357918e-05
0.00014266843469567533
0.00014266843469567533
5.617217625894795e-06
5.617217625894795e-06
0.0005706737387827013
0.0005706737387827013
2.246887050357918e-05
2.246887050357918e-05
0.00022647202331857135
0.00022647202331857135
3.566710867391883e-05
3.566710867391883e-05
5.617217625894795e-06
5.617217625894795e-06
5.5291021318010584e-08
5.5291021318010584e-08
2.229194292119927e-06
2.229194292119927e-06
2.229194292119927e-06
2.229194292119927e-06
0.00035950192805726686
0.00035950192805726686
5.661800582964284e-05
5.661800582964284e-05
0.00035950192805726686
0.00035950192805726686
8.987548201431671e-05
8.987548201431671e-05
1.3822755329502646e-08
1.3822755329502646e-08
0.0005706737387827013
0.0005706737387827013
1.415450145741071e-05
1.415450145741071e-05
2.246887050357918e-05
2.246887050357918e-05
2.246887050357918e-05
2.246887050357918e-05
8.916777168479708e-06
8.916777168479708e-06
3.5386253643526774e-06
3.5386253643526774e-06
0.00022647202331857135
0.00022647202331857135
3.483116081437386e-08
3.483116081437386e-08
0.00022647202331857135
0.00022647202331857135
3.566710867391883e-05
3.566710867391883e-05
2.229194292119927e-06
2.229194292119927e-06
0.00022647202331857135
0.00022647202331857135
8.916777168479708e-06
8.916777168479708e-06
1.4043044064736987e-06
1.4043044064736987e-06
0.00014266843469567533
0.00014266843469567533
5.617217625894795e-06
5.617217625894795e-06
0.00014266843469567533
0.00014266843469567533
8.846563410881694e-07
8.846563410881694e-07
0.00014266843469567533
0.00014266843469567533
2.229194292119927e-06
2.229194292119927e-06
1.415450145741071e-05
1.415450145741071e-05
1.3932464325749544e-07
1.3932464325749544e-07
0.00014266843469567533
0.00014266843469567533
0.00035950192805726686
0.00035950192805726686
8.846563410881694e-07
8.846563410881694e-07
3.566710867391883e-05
3.566710867391883e-05
8.916777168479708e-06
8.916777168479708e-06
5.617217625894795e-06
5.617217625894795e-06
1.4043044064736987e-06
1.4043044064736987e-06
5.661800582964284e-05
5.661800582964284e-05
5.617217625894795e-06
5.617217625894795e-06
2.229194292119927e-06
2.229194292119927e-06
3.5386253643526774e-06
3.5386253643526774e-06
5.617217625894795e-06
5.617217625894795e-06
0.0022826949551308052
0.0022826949551308052
1.4043044064736987e-06
1.4043044064736987e-06
3.566710867391883e-05
3.566710867391883e-05
1.415450145741071e-05
1.415450145741071e-05
3.5107610161842467e-07
3.5107610161842467e-07
1.4043044064736987e-06
1.4043044064736987e-06
3.566710867391883e-05
3.566710867391883e-05
2.229194292119927e-06
2.229194292119927e-06
1.415450145741071e-05
1.415450145741071e-05
0.0009058880932742854
0.0009058880932742854
5.617217625894795e-06
5.617217625894795e-06
0.00014266843469567533
0.00014266843469567533
1.415450145741071e-05
1.415450145741071e-05
0.0009058880932742854
0.0009058880932742854
2.246887050357918e-05
2.246887050357918e-05
0.0009058880932742854
0.0009058880932742854
0.00035950192805726686
0.00035950192805726686
3.5386253643526774e-06
3.5386253643526774e-06
2.2116408527204234e-07
2.2116408527204234e-07
2.229194292119927e-06
2.229194292119927e-06
8.987548201431671e-05
8.987548201431671e-05
8.987548201431671e-05
8.987548201431671e-05
3.566710867391883e-05
3.566710867391883e-05
0.00022647202331857135
0.00022647202331857135
0.00022647202331857135
0.00022647202331857135
0.0005706737387827013
0.0005706737387827013
2.2116408527204234e-07
2.2116408527204234e-07
0.00014266843469567533
0.00014266843469567533
5.661800582964284e-05
5.661800582964284e-05
0.00035950192805726686
0.00035950192805726686
8.987548201431671e-05
8.987548201431671e-05
5.617217625894795e-06
5.617217625894795e-06
0.00014266843469567533
0.00014266843469567533
1.3932464325749544e-07
1.3932464325749544e-07
1.3932464325749544e-07
1.3932464325749544e-07
8.987548201431671e-05
8.987548201431671e-05
1.3822755329502646e-08
1.3822755329502646e-08
8.916777168479708e-06
8.916777168479708e-06
3.566710867391883e-05
3.566710867391883e-05
5.661800582964284e-05
5.661800582964284e-05
0.00014266843469567533
0.00014266843469567533
1.4043044064736987e-06
1.4043044064736987e-06
0.00022647202331857135
0.00022647202331857135
1.415450145741071e-05
1.415450145741071e-05
8.987548201431671e-05
8.987548201431671e-05
3.5386253643526774e-06
3.5386253643526774e-06
2.1942256351151542e-08
2.1942256351151542e-08
8.987548201431671e-05
8.987548201431671e-05
8.707790203593465e-09
8.707790203593465e-09
5.617217625894795e-06
5.617217625894795e-06
8.846563410881694e-07
8.846563410881694e-07
2.229194292119927e-06
2.229194292119927e-06
3.5386253643526774e-06
3.5386253643526774e-06
1.4043044064736987e-06
1.4043044064736987e-06
0.0005706737387827013
0.0005706737387827013
5.5291021318010584e-08
5.5291021318010584e-08
8.846563410881694e-07
8.846563410881694e-07
0.00022647202331857135
0.00022647202331857135
1.3932464325749544e-07
1.3932464325749544e-07
3.5107610161842467e-07
3.5107610161842467e-07
2.229194292119927e-06
2.229194292119927e-06
3.5386253643526774e-06
3.5386253643526774e-06
8.987548201431671e-05
8.987548201431671e-05
2.229194292119927e-06
2.229194292119927e-06
8.846563410881694e-07
8.846563410881694e-07
0.0014380077122290674
0.0014380077122290674
8.916777168479708e-06
8.916777168479708e-06
8.916777168479708e-06
8.916777168479708e-06
0.0014380077122290674
0.0014380077122290674
8.707790203593465e-09
8.707790203593465e-09
8.987548201431671e-05
8.987548201431671e-05
8.987548201431671e-05
8.987548201431671e-05
0.0005706737387827013
0.0005706737387827013
1.415450145741071e-05
1.415450145741071e-05
0.0005706737387827013
0.0005706737387827013
2.246887050357918e-05
2.246887050357918e-05
8.846563410881694e-07
8.846563410881694e-07
3.5386253643526774e-06
3.5386253643526774e-06
5.661800582964284e-05
5.661800582964284e-05
8.916777168479708e-06
8.916777168479708e-06
8.916777168479708e-06
8.916777168479708e-06
5.617217625894795e-06
5.617217625894795e-06
0.0005706737387827013
0.0005706737387827013
2.229194292119927e-06
2.229194292119927e-06
1.3932464325749544e-07
1.3932464325749544e-07
5.5291021318010584e-08
5.5291021318010584e-08
1.415450145741071e-05
1.415450145741071e-05
0.0009058880932742854
0.0009058880932742854
5.617217625894795e-06
5.617217625894795e-06
8.776902540460617e-08
8.776902540460617e-08
8.916777168479708e-06
8.916777168479708e-06
8.916777168479708e-06
8.916777168479708e-06
0.00014266843469567533
0.00014266843469567533
2.1942256351151542e-08
2.1942256351151542e-08
5.617217625894795e-06
5.617217625894795e-06
8.776902540460617e-08
8.776902540460617e-08
0.00022647202331857135
0.00022647202331857135
1.415450145741071e-05
1.415450145741071e-05
2.246887050357918e-05
2.246887050357918e-05
5.661800582964284e-05
5.661800582964284e-05
8.916777168479708e-06
8.916777168479708e-06
1.415450145741071e-05
1.415450145741071e-05
1.4043044064736987e-06
1.4043044064736987e-06
2.246887050357918e-05
2.246887050357918e-05
2.246887050357918e-05
2.246887050357918e-05
8.846563410881694e-07
8.846563410881694e-07
8.846563410881694e-07
8.846563410881694e-07
0.00014266843469567533
0.00014266843469567533
0.0022826949551308052
0.0022826949551308052
3.5386253643526774e-06
3.5386253643526774e-06
5.572985730299817e-07
5.572985730299817e-07
8.776902540460617e-08
8.776902540460617e-08
8.846563410881694e-07
8.846563410881694e-07
8.776902540460617e-08
8.776902540460617e-08
2.246887050357918e-05
2.246887050357918e-05
3.566710867391883e-05
3.566710867391883e-05
0.00014266843469567533
0.00014266843469567533
5.661800582964284e-05
5.661800582964284e-05
3.566710867391883e-05
3.566710867391883e-05
3.566710867391883e-05
3.566710867391883e-05
2.246887050357918e-05
2.246887050357918e-05
5.617217625894795e-06
5.617217625894795e-06
1.4043044064736987e-06
1.4043044064736987e-06
0.00035950192805726686
0.00035950192805726686
8.987548201431671e-05
8.987548201431671e-05
0.0005706737387827013
0.0005706737387827013
3.566710867391883e-05
3.566710867391883e-05
0.00022647202331857135
0.00022647202331857135
3.5386253643526774e-06
3.5386253643526774e-06
0.0005706737387827013
0.0005706737387827013
0.00035950192805726686
0.00035950192805726686
3.483116081437386e-08
3.483116081437386e-08
2.246887050357918e-05
2.246887050357918e-05
8.846563410881694e-07
8.846563410881694e-07
8.987548201431671e-05
8.987548201431671e-05
5.572985730299817e-07
5.572985730299817e-07
5.617217625894795e-06
5.617217625894795e-06
2.229194292119927e-06
2.229194292119927e-06
0.00035950192805726686
0.00035950192805726686
5.661800582964284e-05
5.661800582964284e-05
5.661800582964284e-05
5.661800582964284e-05
2.2116408527204234e-07
2.2116408527204234e-07
8.916777168479708e-06
8.916777168479708e-06
0.0009058880932742854
0.0009058880932742854
2.229194292119927e-06
2.229194292119927e-06
2.2116408527204234e-07
2.2116408527204234e-07
0.0014380077122290674
0.0014380077122290674
3.483116081437386e-08
3.483116081437386e-08
3.566710867391883e-05
3.566710867391883e-05
3.5107610161842467e-07
3.5107610161842467e-07
0.00022647202331857135
0.00022647202331857135
1.3932464325749544e-07
1.3932464325749544e-07
8.987548201431671e-05
8.987548201431671e-05
3.566710867391883e-05
3.566710867391883e-05
5.617217625894795e-06
5.617217625894795e-06
8.987548201431671e-05
8.987548201431671e-05
8.916777168479708e-06
8.916777168479708e-06
0.00022647202331857135
0.00022647202331857135
3.566710867391883e-05
3.566710867391883e-05
0.00022647202331857135
0.00022647202331857135
5.617217625894795e-06
5.617217625894795e-06
5.661800582964284e-05
5.661800582964284e-05
8.776902540460617e-08
8.776902540460617e-08
0.00014266843469567533
0.00014266843469567533
3.5107610161842467e-07
3.5107610161842467e-07
1.415450145741071e-05
1.415450145741071e-05
8.987548201431671e-05
8.987548201431671e-05
0.00014266843469567533
0.00014266843469567533
0.0022826949551308052
0.0022826949551308052
1.415450145741071e-05
1.415450145741071e-05
5.617217625894795e-06
5.617217625894795e-06
3.566710867391883e-05
3.566710867391883e-05
5.617217625894795e-06
5.617217625894795e-06
5.661800582964284e-05
5.661800582964284e-05
3.5386253643526774e-06
3.5386253643526774e-06
5.572985730299817e-07
5.572985730299817e-07
8.916777168479708e-06
8.916777168479708e-06
8.776902540460617e-08
8.776902540460617e-08
8.987548201431671e-05
8.987548201431671e-05
2.246887050357918e-05
2.246887050357918e-05
5.617217625894795e-06
5.617217625894795e-06
1.415450145741071e-05
1.415450145741071e-05
8.987548201431671e-05
8.987548201431671e-05
3.5386253643526774e-06
3.5386253643526774e-06
0.0005706737387827013
0.0005706737387827013
0.0009058880932742854
0.0009058880932742854
1.4043044064736987e-06
1.4043044064736987e-06
5.5291021318010584e-08
5.5291021318010584e-08
3.5386253643526774e-06
3.5386253643526774e-06
8.846563410881694e-07
8.846563410881694e-07
3.566710867391883e-05
3.566710867391883e-05
0.00022647202331857135
0.00022647202331857135
0.00014266843469567533
0.00014266843469567533
2.2116408527204234e-07
2.2116408527204234e-07
3.5107610161842467e-07
3.5107610161842467e-07
2.246887050357918e-05
2.246887050357918e-05
3.5386253643526774e-06
3.5386253643526774e-06
5.661800582964284e-05
5.661800582964284e-05
5.617217625894795e-06
5.617217625894795e-06
5.5291021318010584e-08
5.5291021318010584e-08
0.00022647202331857135
0.00022647202331857135
5.572985730299817e-07
5.572985730299817e-07
0.0005706737387827013
0.0005706737387827013
0.00014266843469567533
0.00014266843469567533
5.572985730299817e-07
5.572985730299817e-07
3.566710867391883e-05
3.566710867391883e-05
5.617217625894795e-06
5.617217625894795e-06
8.987548201431671e-05
8.987548201431671e-05
1.4043044064736987e-06
1.4043044064736987e-06
0.00014266843469567533
0.00014266843469567533
8.987548201431671e-05
8.987548201431671e-05
8.916777168479708e-06
8.916777168479708e-06
5.617217625894795e-06
5.617217625894795e-06
2.246887050357918e-05
2.246887050357918e-05
0.00022647202331857135
0.00022647202331857135
3.5386253643526774e-06
3.5386253643526774e-06
2.246887050357918e-05
2.246887050357918e-05
3.5386253643526774e-06
3.5386253643526774e-06
5.661800582964284e-05
5.661800582964284e-05
5.572985730299817e-07
5.572985730299817e-07
5.617217625894795e-06
5.617217625894795e-06
0.00035950192805726686
0.00035950192805726686
8.846563410881694e-07
8.846563410881694e-07
1.415450145741071e-05
1.415450145741071e-05
1.4043044064736987e-06
1.4043044064736987e-06
8.987548201431671e-05
8.987548201431671e-05
8.987548201431671e-05
8.987548201431671e-05
2.229194292119927e-06
2.229194292119927e-06
3.566710867391883e-05
3.566710867391883e-05
1.4043044064736987e-06
1.4043044064736987e-06
0.00035950192805726686
0.00035950192805726686
2.246887050357918e-05
2.246887050357918e-05
8.987548201431671e-05
8.987548201431671e-05
2.229194292119927e-06
2.229194292119927e-06
8.846563410881694e-07
8.846563410881694e-07
5.661800582964284e-05
5.661800582964284e-05
8.916777168479708e-06
8.916777168479708e-06
1.415450145741071e-05
1.415450145741071e-05
1.3932464325749544e-07
1.3932464325749544e-07
1.415450145741071e-05
1.415450145741071e-05
0.0014380077122290674
0.0014380077122290674
1.4043044064736987e-06
1.4043044064736987e-06
1.415450145741071e-05
1.415450145741071e-05
8.846563410881694e-07
8.846563410881694e-07
3.566710867391883e-05
3.566710867391883e-05
0.00035950192805726686
0.00035950192805726686
3.566710867391883e-05
3.566710867391883e-05
5.572985730299817e-07
5.572985730299817e-07
5.617217625894795e-06
5.617217625894795e-06
8.916777168479708e-06
8.916777168479708e-06
1.4043044064736987e-06
1.4043044064736987e-06
0.0005706737387827013
0.0005706737387827013
2.229194292119927e-06
2.229194292119927e-06
1.415450145741071e-05
1.415450145741071e-05
5.661800582964284e-05
5.661800582964284e-05
1.3822755329502646e-08
1.3822755329502646e-08
3.566710867391883e-05
3.566710867391883e-05
1.4043044064736987e-06
1.4043044064736987e-06
0.0005706737387827013
0.0005706737387827013
2.246887050357918e-05
2.246887050357918e-05
1.415450145741071e-05
1.415450145741071e-05
8.846563410881694e-07
8.846563410881694e-07
2.229194292119927e-06
2.229194292119927e-06
8.916777168479708e-06
8.916777168479708e-06
5.572985730299817e-07
5.572985730299817e-07
0.0009058880932742854
0.0009058880932742854
1.3932464325749544e-07
1.3932464325749544e-07
5.617217625894795e-06
5.617217625894795e-06
5.661800582964284e-05
5.661800582964284e-05
5.661800582964284e-05
5.661800582964284e-05
1.415450145741071e-05
1.415450145741071e-05
0.00014266843469567533
0.00014266843469567533
8.846563410881694e-07
8.846563410881694e-07
0.0005706737387827013
0.0005706737387827013
1.415450145741071e-05
1.415450145741071e-05
3.566710867391883e-05
3.566710867391883e-05
5.617217625894795e-06
5.617217625894795e-06
2.2116408527204234e-07
2.2116408527204234e-07
0.00014266843469567533
0.00014266843469567533
0.0005706737387827013
0.0005706737387827013
0.00022647202331857135
0.00022647202331857135
1.415450145741071e-05
1.415450145741071e-05
0.00014266843469567533
0.00014266843469567533
3.5386253643526774e-06
3.5386253643526774e-06
1.415450145741071e-05
1.415450145741071e-05
3.566710867391883e-05
3.566710867391883e-05
8.776902540460617e-08
8.776902540460617e-08
2.246887050357918e-05
2.246887050357918e-05
2.2116408527204234e-07
2.2116408527204234e-07
8.846563410881694e-07
8.846563410881694e-07
8.846563410881694e-07
8.846563410881694e-07
3.5386253643526774e-06
3.5386253643526774e-06
2.246887050357918e-05
2.246887050357918e-05
5.572985730299817e-07
5.572985730299817e-07
2.229194292119927e-06
2.229194292119927e-06
0.00035950192805726686
0.00035950192805726686
8.916777168479708e-06
8.916777168479708e-06
5.5291021318010584e-08
5.5291021318010584e-08
1.415450145741071e-05
1.415450145741071e-05
8.916777168479708e-06
8.916777168479708e-06
1.4043044064736987e-06
1.4043044064736987e-06
2.229194292119927e-06
2.229194292119927e-06
1.4043044064736987e-06
1.4043044064736987e-06
1.415450145741071e-05
1.415450145741071e-05
3.5386253643526774e-06
3.5386253643526774e-06
8.916777168479708e-06
8.916777168479708e-06
1.415450145741071e-05
1.415450145741071e-05
0.0005706737387827013
0.0005706737387827013
3.5107610161842467e-07
3.5107610161842467e-07
1.4043044064736987e-06
1.4043044064736987e-06
8.987548201431671e-05
8.987548201431671e-05
1.415450145741071e-05
1.415450145741071e-05
3.566710867391883e-05
3.566710867391883e-05
8.846563410881694e-07
8.846563410881694e-07
3.5386253643526774e-06
3.5386253643526774e-06
0.0014380077122290674
0.0014380077122290674
8.987548201431671e-05
8.987548201431671e-05
3.5386253643526774e-06
3.5386253643526774e-06
0.00022647202331857135
0.00022647202331857135
5.572985730299817e-07
5.572985730299817e-07
0.00014266843469567533
0.00014266843469567533
8.987548201431671e-05
8.987548201431671e-05
3.566710867391883e-05
3.566710867391883e-05
8.987548201431671e-05
8.987548201431671e-05
1.415450145741071e-05
1.415450145741071e-05
8.987548201431671e-05
8.987548201431671e-05
8.916777168479708e-06
8.916777168479708e-06
8.916777168479708e-06
8.916777168479708e-06
3.5386253643526774e-06
3.5386253643526774e-06
2.229194292119927e-06
2.229194292119927e-06
1.3932464325749544e-07
1.3932464325749544e-07
8.707790203593465e-09
8.707790203593465e-09
2.246887050357918e-05
2.246887050357918e-05
3.566710867391883e-05
3.566710867391883e-05
5.661800582964284e-05
5.661800582964284e-05
0.00035950192805726686
0.00035950192805726686
5.661800582964284e-05
5.661800582964284e-05
2.229194292119927e-06
2.229194292119927e-06
0.0009058880932742854
0.0009058880932742854
5.661800582964284e-05
5.661800582964284e-05
3.483116081437386e-08
3.483116081437386e-08
1.4043044064736987e-06
1.4043044064736987e-06
2.229194292119927e-06
2.229194292119927e-06
2.246887050357918e-05
2.246887050357918e-05
8.987548201431671e-05
8.987548201431671e-05
3.566710867391883e-05
3.566710867391883e-05
2.246887050357918e-05
2.246887050357918e-05
5.617217625894795e-06
5.617217625894795e-06
8.846563410881694e-07
8.846563410881694e-07
0.00035950192805726686
0.00035950192805726686
0.00022647202331857135
0.00022647202331857135
3.566710867391883e-05
3.566710867391883e-05
3.5386253643526774e-06
3.5386253643526774e-06
5.572985730299817e-07
5.572985730299817e-07
2.229194292119927e-06
2.229194292119927e-06
0.0005706737387827013
0.0005706737387827013
5.572985730299817e-07
5.572985730299817e-07
8.916777168479708e-06
8.916777168479708e-06
3.566710867391883e-05
3.566710867391883e-05
5.617217625894795e-06
5.617217625894795e-06
8.987548201431671e-05
8.987548201431671e-05
5.661800582964284e-05
5.661800582964284e-05
2.246887050357918e-05
2.246887050357918e-05
2.246887050357918e-05
2.246887050357918e-05
3.566710867391883e-05
3.566710867391883e-05
5.617217625894795e-06
5.617217625894795e-06
3.5386253643526774e-06
3.5386253643526774e-06
5.572985730299817e-07
5.572985730299817e-07
3.5107610161842467e-07
3.5107610161842467e-07
0.00035950192805726686
0.00035950192805726686
2.2116408527204234e-07
2.2116408527204234e-07
1.4043044064736987e-06
1.4043044064736987e-06
0.0009058880932742854
0.0009058880932742854
1.4043044064736987e-06
1.4043044064736987e-06
3.566710867391883e-05
3.566710867391883e-05
0.00014266843469567533
0.00014266843469567533
2.229194292119927e-06
2.229194292119927e-06
3.5386253643526774e-06
3.5386253643526774e-06
3.5107610161842467e-07
3.5107610161842467e-07
0.00014266843469567533
0.00014266843469567533
3.5107610161842467e-07
3.5107610161842467e-07
2.1942256351151542e-08
2.1942256351151542e-08
2.229194292119927e-06
2.229194292119927e-06
1.3822755329502646e-08
1.3822755329502646e-08
8.916777168479708e-06
8.916777168479708e-06
1.4043044064736987e-06
1.4043044064736987e-06
5.572985730299817e-07
5.572985730299817e-07
2.2116408527204234e-07
2.2116408527204234e-07
3.5386253643526774e-06
3.5386253643526774e-06
0.00014266843469567533
0.00014266843469567533
0.00014266843469567533
0.00014266843469567533
0.00022647202331857135
0.00022647202331857135
3.5107610161842467e-07
3.5107610161842467e-07
5.661800582964284e-05
5.661800582964284e-05
3.5386253643526774e-06
3.5386253643526774e-06
3.566710867391883e-05
3.566710867391883e-05
8.916777168479708e-06
8.916777168479708e-06
3.5386253643526774e-06
3.5386253643526774e-06
5.661800582964284e-05
5.661800582964284e-05
8.916777168479708e-06
8.916777168479708e-06
0.00014266843469567533
0.00014266843469567533
3.5386253643526774e-06
3.5386253643526774e-06
5.661800582964284e-05
5.661800582964284e-05
5.572985730299817e-07
5.572985730299817e-07
0.00014266843469567533
0.00014266843469567533
8.916777168479708e-06
8.916777168479708e-06
8.916777168479708e-06
8.916777168479708e-06
8.776902540460617e-08
8.776902540460617e-08
5.617217625894795e-06
5.617217625894795e-06
0.00022647202331857135
0.00022647202331857135
8.846563410881694e-07
8.846563410881694e-07
5.661800582964284e-05
5.661800582964284e-05
0.00022647202331857135
0.00022647202331857135
2.2116408527204234e-07
2.2116408527204234e-07
2.229194292119927e-06
2.229194292119927e-06
0.00014266843469567533
0.00014266843469567533
2.2116408527204234e-07
2.2116408527204234e-07
8.846563410881694e-07
8.846563410881694e-07
5.617217625894795e-06
5.617217625894795e-06
5.617217625894795e-06
5.617217625894795e-06
8.916777168479708e-06
8.916777168479708e-06
3.5107610161842467e-07
3.5107610161842467e-07
5.661800582964284e-05
5.661800582964284e-05
1.4043044064736987e-06
1.4043044064736987e-06
3.483116081437386e-08
3.483116081437386e-08
5.617217625894795e-06
5.617217625894795e-06
0.0014380077122290674
0.0014380077122290674
5.5291021318010584e-08
5.5291021318010584e-08
2.229194292119927e-06
2.229194292119927e-06
2.1942256351151542e-08
2.1942256351151542e-08
1.3932464325749544e-07
1.3932464325749544e-07
3.5386253643526774e-06
3.5386253643526774e-06
2.229194292119927e-06
2.229194292119927e-06
2.2116408527204234e-07
2.2116408527204234e-07
2.246887050357918e-05
2.246887050357918e-05
5.617217625894795e-06
5.617217625894795e-06
3.5107610161842467e-07
3.5107610161842467e-07
1.415450145741071e-05
1.415450145741071e-05
0.00014266843469567533
0.00014266843469567533
5.617217625894795e-06
5.617217625894795e-06
1.4043044064736987e-06
1.4043044064736987e-06
0.00022647202331857135
0.00022647202331857135
0.0005706737387827013
0.0005706737387827013
2.1942256351151542e-08
2.1942256351151542e-08
1.415450145741071e-05
1.415450145741071e-05
8.987548201431671e-05
8.987548201431671e-05
0.0005706737387827013
0.0005706737387827013
1.4043044064736987e-06
1.4043044064736987e-06
2.229194292119927e-06
2.229194292119927e-06
0.00035950192805726686
0.00035950192805726686
3.483116081437386e-08
3.483116081437386e-08
3.566710867391883e-05
3.566710867391883e-05
5.572985730299817e-07
5.572985730299817e-07
0.00014266843469567533
0.00014266843469567533
0.00014266843469567533
0.00014266843469567533
0.0014380077122290674
0.0014380077122290674
5.661800582964284e-05
5.661800582964284e-05
5.617217625894795e-06
5.617217625894795e-06
1.4043044064736987e-06
1.4043044064736987e-06
2.246887050357918e-05
2.246887050357918e-05
8.776902540460617e-08
8.776902540460617e-08
8.987548201431671e-05
8.987548201431671e-05
0.0005706737387827013
0.0005706737387827013
1.415450145741071e-05
1.415450145741071e-05
3.5107610161842467e-07
3.5107610161842467e-07
5.661800582964284e-05
5.661800582964284e-05
8.776902540460617e-08
8.776902540460617e-08
0.00014266843469567533
0.00014266843469567533
2.246887050357918e-05
2.246887050357918e-05
2.229194292119927e-06
2.229194292119927e-06
1.3822755329502646e-08
1.3822755329502646e-08
5.5291021318010584e-08
5.5291021318010584e-08
0.00014266843469567533
0.00014266843469567533
3.5107610161842467e-07
3.5107610161842467e-07
0.00022647202331857135
0.00022647202331857135
1.415450145741071e-05
1.415450145741071e-05
5.572985730299817e-07
5.572985730299817e-07
8.987548201431671e-05
8.987548201431671e-05
5.572985730299817e-07
5.572985730299817e-07
2.1942256351151542e-08
2.1942256351151542e-08
8.916777168479708e-06
8.916777168479708e-06
3.566710867391883e-05
3.566710867391883e-05
SCALARS E double 1
LOOKUP_TABLE default
50000000.0
50000000.0
50000000.0
50000000.0
50000000.0
50000000.0
50000000.0
50000000.0
50000000.0
50000000.0
50000000.0
50000000.0
50000000.0
50000000.0
50000000.0
50000000.0
50000000.0
50000000.0
50000000.0
50000000.0
50000000.0
50000000.0
50000000.0
50000000.0
50000000.0
50000000.0
50000000.0
50000000.0
50000000.0
50000000.0
50000000.0
50000000.0
50000000.0
50000000.0
50000000.0
50000000.0
50000000.0
50000000.0
50000000.0
50000000.0
50000000.0
50000000.0
50000000.0
50000000.0
50000000.0
50000000.0
50000000.0
50000000.0
50000000.0
50000000.0
50000000.0
50000000.0
50000000.0
50000000.0
50000000.0
50000000.0
50000000.0
50000000.0
50000000.0
50000000.0
50000000.0
50000000.0
50000000.0
50000000.0
50000000.0
50000000.0
50000000.0
50000000.0
50000000.0
50000000.0
50000000.0
50000000.0
50000000.0
50000000.0
50000000.0
50000000.0
50000000.0
50000000.0
50000000.0
50000000.0
50000000.0
50000000.0
50000000.0
50000000.0
50000000.0
50000000.0
50000000.0
50000000.0
50000000.0
50000000.0
50000000.0
50000000.0
50000000.0
50000000.0
50000000.0
50000000.0
50000000.0
50000000.0
50000000.0
50000000.0
50000000.0
50000000.0
50000000.0
50000000.0
50000000.0
50000000.0
50000000.0
50000000.0
50000000.0
50000000.0
50000000.0
50000000.0
50000000.0
50000000.0
50000000.0
50000000.0
50000000.0
50000000.0
50000000.0
50000000.0
50000000.0
50000000.0
50000000.0
50000000.0
50000000.0
50000000.0
50000000.0
50000000.0
50000000.0
50000000.0
50000000.0
50000000.0
50000000.0
50000000.0
50000000.0
50000000.0
50000000.0
50000000.0
50000000.0
50000000.0
50000000.0
50000000.0
50000000.0
50000000.0
50000000.0
50000000.0
50000000.0
50000000.0
50000000.0
50000000.0
50000000.0
50000000.0
50000000.0
50000000.0
50000000.0
50000000.0
50000000.0
50000000.0
50000000.0
50000000.0
50000000.0
50000000.0
50000000.0
50000000.0
50000000.0
50000000.0
50000000.0
50000000.0
50000000.0
50000000.0
50000000.0
50000000.0
50000000.0
50000000.0
50000000.0
50000000.0
50000000.0
50000000.0
50000000.0
50000000.0
50000000.0
50000000.0
50000000.0
50000000.0
50000000.0
50000000.0
50000000.0
50000000.0
50000000.0
50000000.0
50000000.0
50000000.0
50000000.0
50000000.0
50000000.0
50000000.0
50000000.0
50000000.0
50000000.0
50000000.0
50000000.0
50000000.0
50000000.0
50000000.0
50000000.0
50000000.0
50000000.0
50000000.0
50000000.0
50000000.0
50000000.0
50000000.0
50000000.0
50000000.0
50000000.0
50000000.0
50000000.0
50000000.0
50000000.0
50000000.0
50000000.0
50000000.0
50000000.0
50000000.0
50000000.0
50000000.0
50000000.0
50000000.0
50000000.0
50000000.0
50000000.0
50000000.0
50000000.0
50000000.0
50000000.0
50000000.0
50000000.0
50000000.0
50000000.0
50000000.0
50000000.0
50000000.0
50000000.0
50000000.0
50000000.0
50000000.0
50000000.0
50000000.0
50000000.0
50000000.0
50000000.0
50000000.0
50000000.0
50000000.0
50000000.0
50000000.0
50000000.0
50000000.0
50000000.0
50000000.0
50000000.0
50000000.0
50000000.0
50000000.0
50000000.0
50000000.0
50000000.0
50000000.0
50000000.0
50000000.0
50000000.0
50000000.0
50000000.0
50000000.0
50000000.0
50000000.0
50000000.0
50000000.0
50000000.0
50000000.0
50000000.0
50000000.0
50000000.0
50000000.0
50000000.0
50000000.0
50000000.0
50000000.0
50000000.0
50000000.0
50000000.0
50000000.0
50000000.0
50000000.0
50000000.0
50000000.0
50000000.0
50000000.0
50000000.0
50000000.0
50000000.0
50000000.0
50000000.0
50000000.0
50000000.0
50000000.0
50000000.0
50000000.0
50000000.0
50000000.0
50000000.0
50000000.0
50000000.0
50000000.0
50000000.0
50000000.0
50000000.0
50000000.0
50000000.0
50000000.0
50000000.0
50000000.0
50000000.0
50000000.0
50000000.0
50000000.0
50000000.0
50000000.0
50000000.0
50000000.0
50000000.0
50000000.0
50000000.0
50000000.0
50000000.0
50000000.0
50000000.0
50000000.0
50000000.0
50000000.0
50000000.0
50000000.0
50000000.0
50000000.0
50000000.0
50000000.0
50000000.0
50000000.0
50000000.0
50000000.0
50000000.0
50000000.0
50000000.0
50000000.0
50000000.0
50000000.0
50000000.0
50000000.0
50000000.0
50000000.0
50000000.0
50000000.0
50000000.0
50000000.0
50000000.0
50000000.0
50000000.0
50000000.0
50000000.0
50000000.0
50000000.0
50000000.0
50000000.0
50000000.0
50000000.0
50000000.0
50000000.0
50000000.0
50000000.0
50000000.0
50000000.0
50000000.0
50000000.0
50000000.0
50000000.0
50000000.0
50000000.0
50000000.0
50000000.0
50000000.0
50000000.0
50000000.0
50000000.0
50000000.0
50000000.0
50000000.0
50000000.0
50000000.0
50000000.0
50000000.0
50000000.0
50000000.0
50000000.0
50000000.0
50000000.0
50000000.0
50000000.0
50000000.0
50000000.0
50000000.0
50000000.0
50000000.0
50000000.0
50000000.0
50000000.0
50000000.0
50000000.0
50000000.0
50000000.0
50000000.0
50000000.0
50000000.0
50000000.0
50000000.0
50000000.0
50000000.0
50000000.0
50000000.0
50000000.0
50000000.0
50000000.0
50000000.0
50000000.0
50000000.0
50000000.0
50000000.0
50000000.0
50000000.0
50000000.0
50000000.0
50000000.0
50000000.0
50000000.0
50000000.0
50000000.0
50000000.0
50000000.0
50000000.0
50000000.0
50000000.0
50000000.0
50000000.0
50000000.0
50000000.0
50000000.0
50000000.0
50000000.0
50000000.0
50000000.0
50000000.0
50000000.0
50000000.0
50000000.0
50000000.0
50000000.0
50000000.0
50000000.0
50000000.0
50000000.0
50000000.0
50000000.0
50000000.0
50000000.0
50000000.0
50000000.0
50000000.0
50000000.0
50000000.0
50000000.0
50000000.0
50000000.0
50000000.0
50000000.0
50000000.0
50000000.0
50000000.0
50000000.0
50000000.0
50000000.0
50000000.0
50000000.0
50000000.0
50000000.0
50000000.0
50000000.0
50000000.0
50000000.0
50000000.0
50000000.0
50000000.0
50000000.0
50000000.0
50000000.0
50000000.0
50000000.0
50000000.0
50000000.0
50000000.0
50000000.0
50000000.0
50000000.0
50000000.0
50000000.0
50000000.0
50000000.0
50000000.0
50000000.0
50000000.0
50000000.0
50000000.0
50000000.0
50000000.0
50000000.0
50000000.0
50000000.0
50000000.0
50000000.0
50000000.0
50000000.0
50000000.0
50000000.0
50000000.0
50000000.0
50000000.0
50000000.0
50000000.0
50000000.0
50000000.0
50000000.0
50000000.0
50000000.0
50000000.0
50000000.0
50000000.0
50000000.0
50000000.0
50000000.0
50000000.0
50000000.0
50000000.0
50000000.0
50000000.0
50000000.0
50000000.0
50000000.0
50000000.0
50000000.0
50000000.0
50000000.0
50000000.0
50000000.0
50000000.0
50000000.0
50000000.0
50000000.0
50000000.0
50000000.0
50000000.0
50000000.0
50000000.0
50000000.0
50000000.0
50000000.0
50000000.0
50000000.0
50000000.0
50000000.0
50000000.0
50000000.0
50000000.0
50000000.0
50000000.0
50000000.0
50000000.0
50000000.0
50000000.0
50000000.0
50000000.0
50000000.0
50000000.0
50000000.0
50000000.0
50000000.0
50000000.0
50000000.0
50000000.0
50000000.0
50000000.0
50000000.0
50000000.0
50000000.0
50000000.0
50000000.0
50000000.0
50000000.0
50000000.0
50000000.0
50000000.0
50000000.0
50000000.0
50000000.0
50000000.0
50000000.0
50000000.0
50000000.0
50000000.0
50000000.0
50000000.0
50000000.0
50000000.0
50000000.0
50000000.0
50000000.0
50000000.0
50000000.0
50000000.0
50000000.0
50000000.0
50000000.0
50000000.0
50000000.0
50000000.0
50000000.0
50000000.0
50000000.0
50000000.0
50000000.0
50000000.0
50000000.0
50000000.0
50000000.0
50000000.0
50000000.0
50000000.0
50000000.0
50000000.0
50000000.0
50000000.0
50000000.0
50000000.0
50000000.0
50000000.0
50000000.0
50000000.0
50000000.0
50000000.0
50000000.0
50000000.0
50000000.0
50000000.0
50000000.0
50000000.0
50000000.0
50000000.0
50000000.0
50000000.0
50000000.0
50000000.0
50000000.0
50000000.0
50000000.0
50000000.0
50000000.0
50000000.0
50000000.0
50000000.0
50000000.0
50000000.0
50000000.0
50000000.0
50000000.0
50000000.0
50000000.0
50000000.0
50000000.0
50000000.0
50000000.0
50000000.0
50000000.0
50000000.0
50000000.0
50000000.0
50000000.0
50000000.0
50000000.0
50000000.0
50000000.0
50000000.0
50000000.0
50000000.0
50000000.0
50000000.0
50000000.0
50000000.0
50000000.0
50000000.0
50000000.0
50000000.0
50000000.0
50000000.0
50000000.0
50000000.0
50000000.0
50000000.0
50000000.0
50000000.0
50000000.0
50000000.0
50000000.0
50000000.0
50000000.0
50000000.0
50000000.0
50000000.0
50000000.0
50000000.0
50000000.0
50000000.0
50000000.0
50000000.0
50000000.0
50000000.0
50000000.0
50000000.0
50000000.0
50000000.0
50000000.0
50000000.0
50000000.0
50000000.0
50000000.0
50000000.0
50000000.0
50000000.0
50000000.0
50000000.0
50000000.0
50000000.0
50000000.0
50000000.0
50000000.0
50000000.0
50000000.0
50000000.0
50000000.0
50000000.0
50000000.0
50000000.0
50000000.0
50000000.0
50000000.0
50000000.0
50000000.0
50000000.0
50000000.0
50000000.0
50000000.0
50000000.0
50000000.0
50000000.0
50000000.0
50000000.0
50000000.0
50000000.0
50000000.0
50000000.0
50000000.0
50000000.0
50000000.0
50000000.0
50000000.0
50000000.0
50000000.0
50000000.0
50000000.0
50000000.0
50000000.0
50000000.0
50000000.0
50000000.0
50000000.0
50000000.0
50000000.0
50000000.0
50000000.0
50000000.0
50000000.0
50000000.0
50000000.0
50000000.0
50000000.0
50000000.0
50000000.0
50000000.0
50000000.0
50000000.0
50000000.0
50000000.0
50000000.0
50000000.0
50000000.0
50000000.0
50000000.0
50000000.0
50000000.0
50000000.0
50000000.0
50000000.0
50000000.0
50000000.0
50000000.0
50000000.0
50000000.0
50000000.0
50000000.0
50000000.0
50000000.0
50000000.0
50000000.0
50000000.0
50000000.0
50000000.0
50000000.0
50000000.0
50000000.0
50000000.0
50000000.0
50000000.0
50000000.0
50000000.0
50000000.0
50000000.0
50000000.0
50000000.0
50000000.0
50000000.0
50000000.0
50000000.0
50000000.0
50000000.0
50000000.0
50000000.0
50000000.0
50000000.0
50000000.0
50000000.0
50000000.0
50000000.0
50000000.0
50000000.0
50000000.0
50000000.0
50000000.0
50000000.0
50000000.0
50000000.0
50000000.0
50000000.0
50000000.0
50000000.0
50000000.0
50000000.0
50000000.0
50000000.0
50000000.0
50000000.0
50000000.0
50000000.0
50000000.0
50000000.0
50000000.0
50000000.0
50000000.0
50000000.0
50000000.0
50000000.0
50000000.0
50000000.0
50000000.0
50000000.0
50000000.0
50000000.0
50000000.0
50000000.0
50000000.0
50000000.0
50000000.0
50000000.0
50000000.0
50000000.0
50000000.0
50000000.0
50000000.0
50000000.0
50000000.0
50000000.0
50000000.0
50000000.0
50000000.0
50000000.0
50000000.0
50000000.0
50000000.0
50000000.0
50000000.0
50000000.0
50000000.0
50000000.0
50000000.0
50000000.0
50000000.0
50000000.0
50000000.0
50000000.0
50000000.0
50000000.0
50000000.0
50000000.0
50000000.0
50000000.0
50000000.0
50000000.0
50000000.0
50000000.0
50000000.0
50000000.0
50000000.0
50000000.0
50000000.0
50000000.0
50000000.0
50000000.0
50000000.0
50000000.0
50000000.0
50000000.0
50000000.0
50000000.0
50000000.0
50000000.0
50000000.0
50000000.0
50000000.0
50000000.0
50000000.0
50000000.0
50000000.0
50000000.0
50000000.0
50000000.0
50000000.0
50000000.0
50000000.0
50000000.0
50000000.0
50000000.0
50000000.0
50000000.0
50000000.0
50000000.0
50000000.0
50000000.0
50000000.0
50000000.0
50000000.0
50000000.0
50000000.0
50000000.0
50000000.0
50000000.0
50000000.0
50000000.0
50000000.0
50000000.0
50000000.0
50000000.0
50000000.0
50000000.0
50000000.0
50000000.0
50000000.0
50000000.0
50000000.0
50000000.0
50000000.0
50000000.0
50000000.0
50000000.0
50000000.0
50000000.0
50000000.0
50000000.0
50000000.0
50000000.0
50000000.0
50000000.0
50000000.0
50000000.0
50000000.0
50000000.0
50000000.0
50000000.0
50000000.0
50000000.0
50000000.0
50000000.0
50000000.0
50000000.0
50000000.0
50000000.0
50000000.0
50000000.0
50000000.0
50000000.0
50000000.0
50000000.0
50000000.0
50000000.0
50000000.0
50000000.0
50000000.0
50000000.0
50000000.0
50000000.0
50000000.0
50000000.0
50000000.0
50000000.0
50000000.0
50000000.0
50000000.0
50000000.0
50000000.0
50000000.0
50000000.0
50000000.0
50000000.0
50000000.0
50000000.0
50000000.0
50000000.0
50000000.0
50000000.0
50000000.0
50000000.0
50000000.0
50000000.0
50000000.0
50000000.0
50000000.0
50000000.0
50000000.0
50000000.0
50000000.0
50000000.0
50000000.0
50000000.0
50000000.0
50000000.0
50000000.0
50000000.0
50000000.0
50000000.0
50000000.0
50000000.0
50000000.0
50000000.0
50000000.0
50000000.0
50000000.0
50000000.0
50000000.0
50000000.0
50000000.0
50000000.0
50000000.0
50000000.0
50000000.0
50000000.0
50000000.0
50000000.0
50000000.0
50000000.0
50000000.0
50000000.0
50000000.0
50000000.0
50000000.0
50000000.0
50000000.0
50000000.0
50000000.0
50000000.0
50000000.0
50000000.0
50000000.0
50000000.0
50000000.0
50000000.0
50000000.0
50000000.0
50000000.0
50000000.0
50000000.0
50000000.0
50000000.0
50000000.0
50000000.0
50000000.0
50000000.0
50000000.0
50000000.0
50000000.0
50000000.0
50000000.0
50000000.0
50000000.0
50000000.0
50000000.0
50000000.0
50000000.0
50000000.0
50000000.0
50000000.0
50000000.0
50000000.0
50000000.0
50000000.0
50000000.0
50000000.0
50000000.0
50000000.0
50000000.0
50000000.0
50000000.0
50000000.0
50000000.0
50000000.0
50000000.0
50000000.0
50000000.0
50000000.0
50000000.0
50000000.0
50000000.0
50000000.0
50000000.0
50000000.0
50000000.0
50000000.0
50000000.0
50000000.0
50000000.0
50000000.0
50000000.0
50000000.0
50000000.0
50000000.0
50000000.0
50000000.0
50000000.0
50000000.0
50000000.0
50000000.0
50000000.0
50000000.0
50000000.0
50000000.0
50000000.0
50000000.0
50000000.0
50000000.0
50000000.0
50000000.0
50000000.0
50000000.0
50000000.0
50000000.0
50000000.0
50000000.0
50000000.0
50000000.0
50000000.0
50000000.0
50000000.0
50000000.0
50000000.0
50000000.0
50000000.0
50000000.0
50000000.0
50000000.0
50000000.0
50000000.0
50000000.0
50000000.0
50000000.0
50000000.0
50000000.0
50000000.0
50000000.0
50000000.0
50000000.0
50000000.0
50000000.0
50000000.0
50000000.0
50000000.0
50000000.0
50000000.0
50000000.0
50000000.0
50000000.0
50000000.0
50000000.0
50000000.0
50000000.0
50000000.0
50000000.0
50000000.0
50000000.0
50000000.0
50000000.0
50000000.0
50000000.0
50000000.0
50000000.0
50000000.0
50000000.0
50000000.0
50000000.0
50000000.0
50000000.0
50000000.0
50000000.0
50000000.0
50000000.0
50000000.0
50000000.0
50000000.0
50000000.0
50000000.0
50000000.0
50000000.0
50000000.0
50000000.0
50000000.0
50000000.0
50000000.0
50000000.0
50000000.0
50000000.0
50000000.0
50000000.0
50000000.0
50000000.0
50000000.0
50000000.0
50000000.0
50000000.0
50000000.0
50000000.0
50000000.0
50000000.0
50000000.0
50000000.0
50000000.0
50000000.0
50000000.0
50000000.0
50000000.0
50000000.0
50000000.0
50000000.0
50000000.0
50000000.0
50000000.0
50000000.0
50000000.0
50000000.0
50000000.0
50000000.0
50000000.0
50000000.0
50000000.0
50000000.0
50000000.0
50000000.0
50000000.0
50000000.0
50000000.0
50000000.0
50000000.0
50000000.0
50000000.0
50000000.0
50000000.0
50000000.0
50000000.0
50000000.0
50000000.0
50000000.0
50000000.0
50000000.0
50000000.0
50000000.0
50000000.0
50000000.0
50000000.0
50000000.0
50000000.0
50000000.0
50000000.0
50000000.0
50000000.0
50000000.0
50000000.0
50000000.0
50000000.0
50000000.0
50000000.0
50000000.0
50000000.0
50000000.0
50000000.0
50000000.0
50000000.0
50000000.0
50000000.0
50000000.0
50000000.0
50000000.0
50000000.0
50000000.0
50000000.0
50000000.0
50000000.0
50000000.0
50000000.0
50000000.0
50000000.0
50000000.0
50000000.0
50000000.0
50000000.0
50000000.0
50000000.0
50000000.0
50000000.0
50000000.0
50000000.0
50000000.0
50000000.0
50000000.0
50000000.0
50000000.0
50000000.0
50000000.0
50000000.0
50000000.0
50000000.0
50000000.0
50000000.0
50000000.0
50000000.0
50000000.0
50000000.0
50000000.0
50000000.0
50000000.0
50000000.0
50000000.0
50000000.0
50000000.0
50000000.0
50000000.0
50000000.0
50000000.0
50000000.0
50000000.0
50000000.0
50000000.0
50000000.0
50000000.0
50000000.0
50000000.0
50000000.0
50000000.0
50000000.0
50000000.0
50000000.0
50000000.0
50000000.0
50000000.0
50000000.0
50000000.0
50000000.0
50000000.0
50000000.0
50000000.0
50000000.0
50000000.0
50000000.0
50000000.0
50000000.0
50000000.0
50000000.0
50000000.0
50000000.0
50000000.0
50000000.0
50000000.0
50000000.0
50000000.0
50000000.0
50000000.0
50000000.0
50000000.0
50000000.0
50000000.0
50000000.0
50000000.0
50000000.0
50000000.0
50000000.0
50000000.0
50000000.0
50000000.0
50000000.0
50000000.0
50000000.0
50000000.0
50000000.0
50000000.0
50000000.0
50000000.0
50000000.0
50000000.0
50000000.0
50000000.0
50000000.0
50000000.0
50000000.0
50000000.0
50000000.0
50000000.0
50000000.0
50000000.0
50000000.0
50000000.0
50000000.0
50000000.0
50000000.0
50000000.0
50000000.0
50000000.0
50000000.0
50000000.0
50000000.0
50000000.0
50000000.0
50000000.0
50000000.0
50000000.0
50000000.0
50000000.0
50000000.0
50000000.0
50000000.0
50000000.0
50000000.0
50000000.0
50000000.0
50000000.0
50000000.0
50000000.0
50000000.0
50000000.0
50000000.0
50000000.0
50000000.0
50000000.0
50000000.0
50000000.0
50000000.0
50000000.0
50000000.0
50000000.0
50000000.0
50000000.0
50000000.0
50000000.0
50000000.0
50000000.0
50000000.0
50000000.0
50000000.0
50000000.0
50000000.0
50000000.0
50000000.0
50000000.0
50000000.0
50000000.0
50000000.0
50000000.0
50000000.0
50000000.0
50000000.0
50000000.0
50000000.0
50000000.0
50000000.0
50000000.0
50000000.0
50000000.0
50000000.0
50000000.0
50000000.0
50000000.0
50000000.0
50000000.0
50000000.0
50000000.0
50000000.0
50000000.0
50000000.0
50000000.0
50000000.0
50000000.0
50000000.0
50000000.0
50000000.0
50000000.0
50000000.0
50000000.0
50000000.0
50000000.0
50000000.0
50000000.0
50000000.0
50000000.0
50000000.0
50000000.0
50000000.0
50000000.0
50000000.0
50000000.0
50000000.0
50000000.0
50000000.0
50000000.0
50000000.0
50000000.0
50000000.0
50000000.0
50000000.0
50000000.0
50000000.0
50000000.0
50000000.0
50000000.0
50000000.0
50000000.0
50000000.0
50000000.0
50000000.0
50000000.0
50000000.0
50000000.0
50000000.0
50000000.0
50000000.0
50000000.0
50000000.0
50000000.0
50000000.0
50000000.0
50000000.0
50000000.0
50000000.0
50000000.0
50000000.0
50000000.0
50000000.0
50000000.0
50000000.0
50000000.0
50000000.0
50000000.0
50000000.0
50000000.0
50000000.0
50000000.0
50000000.0
50000000.0
50000000.0
50000000.0
50000000.0
50000000.0
50000000.0
50000000.0
50000000.0
50000000.0
50000000.0
50000000.0
50000000.0
50000000.0
50000000.0
50000000.0
50000000.0
50000000.0
50000000.0
50000000.0
50000000.0
SCALARS h_wall double 1
LOOKUP_TABLE default
0.001
0.001
0.001
0.001
0.001
0.001
0.001
0.001
0.001
0.001
0.001
0.001
0.001
0.001
0.001
0.001
0.001
0.001
0.001
0.001
0.001
0.001
0.001
0.001
0.001
0.001
0.001
0.001
0.001
0.001
0.001
0.001
0.001
0.001
0.001
0.001
0.001
0.001
0.001
0.001
0.001
0.001
0.001
0.001
0.001
0.001
0.001
0.001
0.001
0.001
0.001
0.001
0.001
0.001
0.001
0.001
0.001
0.001
0.001
0.001
0.001
0.001
0.001
0.001
0.001
0.001
0.001
0.001
0.001
0.001
0.001
0.001
0.001
0.001
0.001
0.001
0.001
0.001
0.001
0.001
0.001
0.001
0.001
0.001
0.001
0.001
0.001
0.001
0.001
0.001
0.001
0.001
0.001
0.001
0.001
0.001
0.001
0.001
0.001
0.001
0.001
0.001
0.001
0.001
0.001
0.001
0.001
0.001
0.001
0.001
0.001
0.001
0.001
0.001
0.001
0.001
0.001
0.001
0.001
0.001
0.001
0.001
0.001
0.001
0.001
0.001
0.001
0.001
0.001
0.001
0.001
0.001
0.001
0.001
0.001
0.001
0.001
0.001
0.001
0.001
0.001
0.001
0.001
0.001
0.001
0.001
0.001
0.001
0.001
0.001
0.001
0.001
0.001
0.001
0.001
0.001
0.001
0.001
0.001
0.001
0.001
0.001
0.001
0.001
0.001
0.001
0.001
0.001
0.001
0.001
0.001
0.001
0.001
0.001
0.001
0.001
0.001
0.001
0.001
0.001
0.001
0.001
0.001
0.001
0.001
0.001
0.001
0.001
0.001
0.001
0.001
0.001
0.001
0.001
0.001
0.001
0.001
0.001
0.001
0.001
0.001
0.001
0.001
0.001
0.001
0.001
0.001
0.001
0.001
0.001
0.001
0.001
0.001
0.001
0.001
0.001
0.001
0.001
0.001
0.001
0.001
0.001
0.001
0.001
0.001
0.001
0.001
0.001
0.001
0.001
0.001
0.001
0.001
0.001
0.001
0.001
0.001
0.001
0.001
0.001
0.001
0.001
0.001
0.001
0.001
0.001
0.001
0.001
0.001
0.001
0.001
0.001
0.001
0.001
0.001
0.001
0.001
0.001
0.001
0.001
0.001
0.001
0.001
0.001
0.001
0.001
0.001
0.001
0.001
0.001
0.001
0.001
0.001
0.001
0.001
0.001
0.001
0.001
0.001
0.001
0.001
0.001
0.001
0.001
0.001
0.001
0.001
0.001
0.001
0.001
0.001
0.001
0.001
0.001
0.001
0.001
0.001
0.001
0.001
0.001
0.001
0.001
0.001
0.001
0.001
0.001
0.001
0.001
0.001
0.001
0.001
0.001
0.001
0.001
0.001
0.001
0.001
0.001
0.001
0.001
0.001
0.001
0.001
0.001
0.001
0.001
0.001
0.001
0.001
0.001
0.001
0.001
0.001
0.001
0.001
0.001
0.001
0.001
0.001
0.001
0.001
0.001
0.001
0.001
0.001
0.001
0.001
0.001
0.001
0.001
0.001
0.001
0.001
0.001
0.001
0.001
0.001
0.001
0.001
0.001
0.001
0.001
0.001
0.001
0.001
0.001
0.001
0.001
0.001
0.001
0.001
0.001
0.001
0.001
0.001
0.001
0.001
0.001
0.001
0.001
0.001
0.001
0.001
0.001
0.001
0.001
0.001
0.001
0.001
0.001
0.001
0.001
0.001
0.001
0.001
0.001
0.001
0.001
0.001
0.001
0.001
0.001
0.001
0.001
0.001
0.001
0.001
0.001
0.001
0.001
0.001
0.001
0.001
0.001
0.001
0.001
0.001
0.001
0.001
0.001
0.001
0.001
0.001
0.001
0.001
0.001
0.001
0.001
0.001
0.001
0.001
0.001
0.001
0.001
0.001
0.001
0.001
0.001
0.001
0.001
0.001
0.001
0.001
0.001
0.001
0.001
0.001
0.001
0.001
0.001
0.001
0.001
0.001
0.001
0.001
0.001
0.001
0.001
0.001
0.001
0.001
0.001
0.001
0.001
0.001
0.001
0.001
0.001
0.001
0.001
0.001
0.001
0.001
0.001
0.001
0.001
0.001
0.001
0.001
0.001
0.001
0.001
0.001
0.001
0.001
0.001
0.001
0.001
0.001
0.001
0.001
0.001
0.001
0.001
0.001
0.001
0.001
0.001
0.001
0.001
0.001
0.001
0.001
0.001
0.001
0.001
0.001
0.001
0.001
0.001
0.001
0.001
0.001
0.001
0.001
0.001
0.001
0.001
0.001
0.001
0.001
0.001
0.001
0.001
0.001
0.001
0.001
0.001
0.001
0.001
0.001
0.001
0.001
0.001
0.001
0.001
0.001
0.001
0.001
0.001
0.001
0.001
0.001
0.001
0.001
0.001
0.001
0.001
0.001
0.001
0.001
0.001
0.001
0.001
0.001
0.001
0.001
0.001
0.001
0.001
0.001
0.001
0.001
0.001
0.001
0.001
0.001
0.001
0.001
0.001
0.001
0.001
0.001
0.001
0.001
0.001
0.001
0.001
0.001
0.001
0.001
0.001
0.001
0.001
0.001
0.001
0.001
0.001
0.001
0.001
0.001
0.001
0.001
0.001
0.001
0.001
0.001
0.001
0.001
0.001
0.001
0.001
0.001
0.001
0.001
0.001
0.001
0.001
0.001
0.001
0.001
0.001
0.001
0.001
0.001
0.001
0.001
0.001
0.001
0.001
0.001
0.001
0.001
0.001
0.001
0.001
0.001
0.001
0.001
0.001
0.001
0.001
0.001
0.001
0.001
0.001
0.001
0.001
0.001
0.001
0.001
0.001
0.001
0.001
0.001
0.001
0.001
0.001
0.001
0.001
0.001
0.001
0.001
0.001
0.001
0.001
0.001
0.001
0.001
0.001
0.001
0.001
0.001
0.001
0.001
0.001
0.001
0.001
0.001
0.001
0.001
0.001
0.001
0.001
0.001
0.001
0.001
0.001
0.001
0.001
0.001
0.001
0.001
0.001
0.001
0.001
0.001
0.001
0.001
0.001
0.001
0.001
0.001
0.001
0.001
0.001
0.001
0.001
0.001
0.001
0.001
0.001
0.001
0.001
0.001
0.001
0.001
0.001
0.001
0.001
0.001
0.001
0.001
0.001
0.001
0.001
0.001
0.001
0.001
0.001
0.001
0.001
0.001
0.001
0.001
0.001
0.001
0.001
0.001
0.001
0.001
0.001
0.001
0.001
0.001
0.001
0.001
0.001
0.001
0.001
0.001
0.001
0.001
0.001
0.001
0.001
0.001
0.001
0.001
0.001
0.001
0.001
0.001
0.001
0.001
0.001
0.001
0.001
0.001
0.001
0.001
0.001
0.001
0.001
0.001
0.001
0.001
0.001
0.001
0.001
0.001
0.001
0.001
0.001
0.001
0.001
0.001
0.001
0.001
0.001
0.001
0.001
0.001
0.001
0.001
0.001
0.001
0.001
0.001
0.001
0.001
0.001
0.001
0.001
0.001
0.001
0.001
0.001
0.001
0.001
0.001
0.001
0.001
0.001
0.001
0.001
0.001
0.001
0.001
0.001
0.001
0.001
0.001
0.001
0.001
0.001
0.001
0.001
0.001
0.001
0.001
0.001
0.001
0.001
0.001
0.001
0.001
0.001
0.001
0.001
0.001
0.001
0.001
0.001
0.001
0.001
0.001
0.001
0.001
0.001
0.001
0.001
0.001
0.001
0.001
0.001
0.001
0.001
0.001
0.001
0.001
0.001
0.001
0.001
0.001
0.001
0.001
0.001
0.001
0.001
0.001
0.001
0.001
0.001
0.001
0.001
0.001
0.001
0.001
0.001
0.001
0.001
0.001
0.001
0.001
0.001
0.001
0.001
0.001
0.001
0.001
0.001
0.001
0.001
0.001
0.001
0.001
0.001
0.001
0.001
0.001
0.001
0.001
0.001
0.001
0.001
0.001
0.001
0.001
0.001
0.001
0.001
0.001
0.001
0.001
0.001
0.001
0.001
0.001
0.001
0.001
0.001
0.001
0.001
0.001
0.001
0.001
0.001
0.001
0.001
0.001
0.001
0.001
0.001
0.001
0.001
0.001
0.001
0.001
0.001
0.001
0.001
0.001
0.001
0.001
0.001
0.001
0.001
0.001
0.001
0.001
0.001
0.001
0.001
0.001
0.001
0.001
0.001
0.001
0.001
0.001
0.001
0.001
0.001
0.001
0.001
0.001
0.001
0.001
0.001
0.001
0.001
0.001
0.001
0.001
0.001
0.001
0.001
0.001
0.001
0.001
0.001
0.001
0.001
0.001
0.001
0.001
0.001
0.001
0.001
0.001
0.001
0.001
0.001
0.001
0.001
0.001
0.001
0.001
0.001
0.001
0.001
0.001
0.001
0.001
0.001
0.001
0.001
0.001
0.001
0.001
0.001
0.001
0.001
0.001
0.001
0.001
0.001
0.001
0.001
0.001
0.001
0.001
0.001
0.001
0.001
0.001
0.001
0.001
0.001
0.001
0.001
0.001
0.001
0.001
0.001
0.001
0.001
0.001
0.001
0.001
0.001
0.001
0.001
0.001
0.001
0.001
0.001
0.001
0.001
0.001
0.001
0.001
0.001
0.001
0.001
0.001
0.001
0.001
0.001
0.001
0.001
0.001
0.001
0.001
0.001
0.001
0.001
0.001
0.001
0.001
0.001
0.001
0.001
0.001
0.001
0.001
0.001
0.001
0.001
0.001
0.001
0.001
0.001
0.001
0.001
0.001
0.001
0.001
0.001
0.001
0.001
0.001
0.001
0.001
0.001
0.001
0.001
0.001
0.001
0.001
0.001
0.001
0.001
0.001
0.001
0.001
0.001
0.001
0.001
0.001
0.001
0.001
0.001
0.001
0.001
0.001
0.001
0.001
0.001
0.001
0.001
0.001
0.001
0.001
0.001
0.001
0.001
0.001
0.001
0.001
0.001
0.001
0.001
0.001
0.001
0.001
0.001
0.001
0.001
0.001
0.001
0.001
0.001
0.001
0.001
0.001
0.001
0.001
0.001
0.001
0.001
0.001
0.001
0.001
0.001
0.001
0.001
0.001
0.001
0.001
0.001
0.001
0.001
0.001
0.001
0.001
0.001
0.001
0.001
0.001
0.001
0.001
0.001
0.001
0.001
0.001
0.001
0.001
0.001
0.001
0.001
0.001
0.001
0.001
0.001
0.001
0.001
0.001
0.001
0.001
0.001
0.001
0.001
0.001
0.001
0.001
0.001
0.001
0.001
0.001
0.001
0.001
0.001
0.001
0.001
0.001
0.001
0.001
0.001
0.001
0.001
0.001
0.001
0.001
0.001
0.001
0.001
0.001
0.001
0.001
0.001
0.001
0.001
0.001
0.001
0.001
0.001
0.001
0.001
0.001
0.001
0.001
0.001
0.001
0.001
0.001
0.001
0.001
0.001
0.001
0.001
0.001
0.001
0.001
0.001
0.001
0.001
0.001
0.001
0.001
0.001
0.001
0.001
0.001
0.001
0.001
0.001
0.001
0.001
0.001
0.001
0.001
0.001
0.001
0.001
0.001
0.001
0.001
0.001
0.001
0.001
0.001
0.001
0.001
0.001
0.001
0.001
0.001
0.001
0.001
0.001
0.001
0.001
0.001
0.001
0.001
0.001
0.001
0.001
0.001
0.001
0.001
0.001
0.001
0.001
0.001
0.001
0.001
0.001
0.001
0.001
0.001
0.001
0.001
0.001
0.001
0.001
0.001
0.001
0.001
0.001
0.001
0.001
0.001
0.001
0.001
0.001
0.001
0.001
0.001
0.001
0.001
0.001
0.001
0.001
0.001
0.001
0.001
0.001
0.001
0.001
0.001
0.001
0.001
0.001
0.001
0.001
0.001
0.001
0.001
0.001
0.001
0.001
0.001
0.001
0.001
0.001
0.001
0.001
0.001
0.001
0.001
0.001
0.001
0.001
0.001
0.001
0.001
0.001
0.001
0.001
0.001
0.001
0.001
0.001
0.001
0.001
0.001
0.001
0.001
0.001
0.001
0.001
0.001
0.001
0.001
0.001
0.001
0.001
0.001
0.001
0.001
0.001
0.001
0.001
0.001
0.001
0.001
0.001
0.001
0.001
0.001
0.001
0.001
0.001
0.001
0.001
0.001
0.001
0.001
0.001
0.001
0.001
0.001
0.001
0.001
0.001
0.001
0.001
0.001
0.001
0.001
0.001
0.001
0.001
0.001
0.001
0.001
0.001
0.001
0.001
0.001
0.001
0.001
0.001
0.001
0.001
0.001
0.001
0.001
0.001
0.001
0.001
0.001
0.001
0.001
0.001
0.001
0.001
0.001
0.001
0.001
0.001
0.001
0.001
0.001
0.001
0.001
0.001
0.001
0.001
0.001
0.001
0.001
0.001
0.001
0.001
0.001
0.001
0.001
0.001
0.001
0.001
0.001
0.001
0.001
0.001
0.001
0.001
0.001
0.001
0.001
0.001
0.001
0.001
0.001
0.001
0.001
0.001
0.001
0.001
0.001
0.001
0.001
0.001
0.001
0.001
0.001
0.001
0.001
0.001
0.001
0.001
0.001
0.001
0.001
0.001
0.001
0.001
0.001
0.001
0.001
0.001
0.001
0.001
0.001
0.001
0.001
0.001
0.001
0.001
0.001
0.001
0.001
0.001
0.001
0.001
0.001
0.001
0.001
0.001
0.001
0.001
0.001
0.001
0.001
0.001
0.001
0.001
0.001
0.001
0.001
0.001
0.001
0.001
0.001
0.001
0.001
0.001
0.001
0.001
0.001
0.001
0.001
0.001
0.001
0.001
0.001
0.001
0.001
0.001
0.001
0.001
0.001
0.001
0.001
0.001
0.001
0.001
0.001
0.001
0.001
0.001
0.001
0.001
0.001
0.001
0.001
0.001
0.001
0.001
0.001
0.001
0.001
0.001
0.001
0.001
0.001
0.001
0.001
0.001
0.001
0.001
0.001
0.001
0.001
0.001
0.001
0.001
0.001
0.001
0.001
0.001
0.001
0.001
0.001
0.001
0.001
0.001
0.001
0.001
0.001
0.001
0.001
0.001
0.001
0.001
0.001
0.001
0.001
0.001
0.001
0.001
0.001
0.001
0.001
0.001
0.001
0.001
0.001
0.001
0.001
0.001
0.001
0.001
0.001
0.001
0.001
0.001
0.001
0.001
0.001
0.001
0.001
SCALARS p0 double 1
LOOKUP_TABLE default
0.0
0.0
0.0
0.0
0.0
0.0
0.0
0.0
0.0
0.0
0.0
0.0
0.0
0.0
0.0
0.0
0.0
0.0
0.0
0.0
0.0
0.0
0.0
0.0
0.0
0.0
0.0
0.0
0.0
0.0
0.0
0.0
0.0
0.0
0.0
0.0
0.0
0.0
0.0
0.0
0.0
0.0
0.0
0.0
0.0
0.0
0.0
0.0
0.0
0.0
0.0
0.0
0.0
0.0
0.0
0.0
0.0
0.0
0.0
0.0
0.0
0.0
0.0
0.0
0.0
0.0
0.0
0.0
0.0
0.0
0.0
0.0
0.0
0.0
0.0
0.0
0.0
0.0
0.0
0.0
0.0
0.0
0.0
0.0
0.0
0.0
0.0
0.0
0.0
0.0
0.0
0.0
0.0
0.0
0.0
0.0
0.0
0.0
0.0
0.0
0.0
0.0
0.0
0.0
0.0
0.0
0.0
0.0
0.0
0.0
0.0
0.0
0.0
0.0
0.0
0.0
0.0
0.0
0.0
0.0
0.0
0.0
0.0
0.0
0.0
0.0
0.0
0.0
0.0
0.0
0.0
0.0
0.0
0.0
0.0
0.0
0.0
0.0
0.0
0.0
0.0
0.0
0.0
0.0
0.0
0.0
0.0
0.0
0.0
0.0
0.0
0.0
0.0
0.0
0.0
0.0
0.0
0.0
0.0
0.0
0.0
0.0
0.0
0.0
0.0
0.0
0.0
0.0
0.0
0.0
0.0
0.0
0.0
0.0
0.0
0.0
0.0
0.0
0.0
0.0
0.0
0.0
0.0
0.0
0.0
0.0
0.0
0.0
0.0
0.0
0.0
0.0
0.0
0.0
0.0
0.0
0.0
0.0
0.0
0.0
0.0
0.0
0.0
0.0
0.0
0.0
0.0
0.0
0.0
0.0
0.0
0.0
0.0
0.0
0.0
0.0
0.0
0.0
0.0
0.0
0.0
0.0
0.0
0.0
0.0
0.0
0.0
0.0
0.0
0.0
0.0
0.0
0.0
0.0
0.0
0.0
0.0
0.0
0.0
0.0
0.0
0.0
0.0
0.0
0.0
0.0
0.0
0.0
0.0
0.0
0.0
0.0
0.0
0.0
0.0
0.0
0.0
0.0
0.0
0.0
0.0
0.0
0.0
0.0
0.0
0.0
0.0
0.0
0.0
0.0
0.0
0.0
0.0
0.0
0.0
0.0
0.0
0.0
0.0
0.0
0.0
0.0
0.0
0.0
0.0
0.0
0.0
0.0
0.0
0.0
0.0
0.0
0.0
0.0
0.0
0.0
0.0
0.0
0.0
0.0
0.0
0.0
0.0
0.0
0.0
0.0
0.0
0.0
0.0
0.0
0.0
0.0
0.0
0.0
0.0
0.0
0.0
0.0
0.0
0.0
0.0
0.0
0.0
0.0
0.0
0.0
0.0
0.0
0.0
0.0
0.0
0.0
0.0
0.0
0.0
0.0
0.0
0.0
0.0
0.0
0.0
0.0
0.0
0.0
0.0
0.0
0.0
0.0
0.0
0.0
0.0
0.0
0.0
0.0
0.0
0.0
0.0
0.0
0.0
0.0
0.0
0.0
0.0
0.0
0.0
0.0
0.0
0.0
0.0
0.0
0.0
0.0
0.0
0.0
0.0
0.0
0.0
0.0
0.0
0.0
0.0
0.0
0.0
0.0
0.0
0.0
0.0
0.0
0.0
0.0
0.0
0.0
0.0
0.0
0.0
0.0
0.0
0.0
0.0
0.0
0.0
0.0
0.0
0.0
0.0
0.0
0.0
0.0
0.0
0.0
0.0
0.0
0.0
0.0
0.0
0.0
0.0
0.0
0.0
0.0
0.0
0.0
0.0
0.0
0.0
0.0
0.0
0.0
0.0
0.0
0.0
0.0
0.0
0.0
0.0
0.0
0.0
0.0
0.0
0.0
0.0
0.0
0.0
0.0
0.0
0.0
0.0
0.0
0.0
0.0
0.0
0.0
0.0
0.0
0.0
0.0
0.0
0.0
0.0
0.0
0.0
0.0
0.0
0.0
0.0
0.0
0.0
0.0
0.0
0.0
0.0
0.0
0.0
0.0
0.0
0.0
0.0
0.0
0.0
0.0
0.0
0.0
0.0
0.0
0.0
0.0
0.0
0.0
0.0
0.0
0.0
0.0
0.0
0.0
0.0
0.0
0.0
0.0
0.0
0.0
0.0
0.0
0.0
0.0
0.0
0.0
0.0
0.0
0.0
0.0
0.0
0.0
0.0
0.0
0.0
0.0
0.0
0.0
0.0
0.0
0.0
0.0
0.0
0.0
0.0
0.0
0.0
0.0
0.0
0.0
0.0
0.0
0.0
0.0
0.0
0.0
0.0
0.0
0.0
0.0
0.0
0.0
0.0
0.0
0.0
0.0
0.0
0.0
0.0
0.0
0.0
0.0
0.0
0.0
0.0
0.0
0.0
0.0
0.0
0.0
0.0
0.0
0.0
0.0
0.0
0.0
0.0
0.0
0.0
0.0
0.0
0.0
0.0
0.0
0.0
0.0
0.0
0.0
0.0
0.0
0.0
0.0
0.0
0.0
0.0
0.0
0.0
0.0
0.0
0.0
0.0
0.0
0.0
0.0
0.0
0.0
0.0
0.0
0.0
0.0
0.0
0.0
0.0
0.0
0.0
0.0
0.0
0.0
0.0
0.0
0.0
0.0
0.0
0.0
0.0
0.0
0.0
0.0
0.0
0.0
0.0
0.0
0.0
0.0
0.0
0.0
0.0
0.0
0.0
0.0
0.0
0.0
0.0
0.0
0.0
0.0
0.0
0.0
0.0
0.0
0.0
0.0
0.0
0.0
0.0
0.0
0.0
0.0
0.0
0.0
0.0
0.0
0.0
0.0
0.0
0.0
0.0
0.0
0.0
0.0
0.0
0.0
0.0
0.0
0.0
0.0
0.0
0.0
0.0
0.0
0.0
0.0
0.0
0.0
0.0
0.0
0.0
0.0
0.0
0.0
0.0
0.0
0.0
0.0
0.0
0.0
0.0
0.0
0.0
0.0
0.0
0.0
0.0
0.0
0.0
0.0
0.0
0.0
0.0
0.0
0.0
0.0
0.0
0.0
0.0
0.0
0.0
0.0
0.0
0.0
0.0
0.0
0.0
0.0
0.0
0.0
0.0
0.0
0.0
0.0
0.0
0.0
0.0
0.0
0.0
0.0
0.0
0.0
0.0
0.0
0.0
0.0
0.0
0.0
0.0
0.0
0.0
0.0
0.0
0.0
0.0
0.0
0.0
0.0
0.0
0.0
0.0
0.0
0.0
0.0
0.0
0.0
0.0
0.0
0.0
0.0
0.0
0.0
0.0
0.0
0.0
0.0
0.0
0.0
0.0
0.0
0.0
0.0
0.0
0.0
0.0
0.0
0.0
0.0
0.0
0.0
0.0
0.0
0.0
0.0
0.0
0.0
0.0
0.0
0.0
0.0
0.0
0.0
0.0
0.0
0.0
0.0
0.0
0.0
0.0
0.0
0.0
0.0
0.0
0.0
0.0
0.0
0.0
0.0
0.0
0.0
0.0
0.0
0.0
0.0
0.0
0.0
0.0
0.0
0.0
0.0
0.0
0.0
0.0
0.0
0.0
0.0
0.0
0.0
0.0
0.0
0.0
0.0
0.0
0.0
0.0
0.0
0.0
0.0
0.0
0.0
0.0
0.0
0.0
0.0
0.0
0.0
0.0
0.0
0.0
0.0
0.0
0.0
0.0
0.0
0.0
0.0
0.0
0.0
0.0
0.0
0.0
0.0
0.0
0.0
0.0
0.0
0.0
0.0
0.0
0.0
0.0
0.0
0.0
0.0
0.0
0.0
0.0
0.0
0.0
0.0
0.0
0.0
0.0
0.0
0.0
0.0
0.0
0.0
0.0
0.0
0.0
0.0
0.0
0.0
0.0
0.0
0.0
0.0
0.0
0.0
0.0
0.0
0.0
0.0
0.0
0.0
0.0
0.0
0.0
0.0
0.0
0.0
0.0
0.0
0.0
0.0
0.0
0.0
0.0
0.0
0.0
0.0
0.0
0.0
0.0
0.0
0.0
0.0
0.0
0.0
0.0
0.0
0.0
0.0
0.0
0.0
0.0
0.0
0.0
0.0
0.0
0.0
0.0
0.0
0.0
0.0
0.0
0.0
0.0
0.0
0.0
0.0
0.0
0.0
0.0
0.0
0.0
0.0
0.0
0.0
0.0
0.0
0.0
0.0
0.0
0.0
0.0
0.0
0.0
0.0
0.0
0.0
0.0
0.0
0.0
0.0
0.0
0.0
0.0
0.0
0.0
0.0
0.0
0.0
0.0
0.0
0.0
0.0
0.0
0.0
0.0
0.0
0.0
0.0
0.0
0.0
0.0
0.0
0.0
0.0
0.0
0.0
0.0
0.0
0.0
0.0
0.0
0.0
0.0
0.0
0.0
0.0
0.0
0.0
0.0
0.0
0.0
0.0
0.0
0.0
0.0
0.0
0.0
0.0
0.0
0.0
0.0
0.0
0.0
0.0
0.0
0.0
0.0
0.0
0.0
0.0
0.0
0.0
0.0
0.0
0.0
0.0
0.0
0.0
0.0
0.0
0.0
0.0
0.0
0.0
0.0
0.0
0.0
0.0
0.0
0.0
0.0
0.0
0.0
0.0
0.0
0.0
0.0
0.0
0.0
0.0
0.0
0.0
0.0
0.0
0.0
0.0
0.0
0.0
0.0
0.0
0.0
0.0
0.0
0.0
0.0
0.0
0.0
0.0
0.0
0.0
0.0
0.0
0.0
0.0
0.0
0.0
0.0
0.0
0.0
0.0
0.0
0.0
0.0
0.0
0.0
0.0
0.0
0.0
0.0
0.0
0.0
0.0
0.0
0.0
0.0
0.0
0.0
0.0
0.0
0.0
0.0
0.0
0.0
0.0
0.0
0.0
0.0
0.0
0.0
0.0
0.0
0.0
0.0
0.0
0.0
0.0
0.0
0.0
0.0
0.0
0.0
0.0
0.0
0.0
0.0
0.0
0.0
0.0
0.0
0.0
0.0
0.0
0.0
0.0
0.0
0.0
0.0
0.0
0.0
0.0
0.0
0.0
0.0
0.0
0.0
0.0
0.0
0.0
0.0
0.0
0.0
0.0
0.0
0.0
0.0
0.0
0.0
0.0
0.0
0.0
0.0
0.0
0.0
0.0
0.0
0.0
0.0
0.0
0.0
0.0
0.0
0.0
0.0
0.0
0.0
0.0
0.0
0.0
0.0
0.0
0.0
0.0
0.0
0.0
0.0
0.0
0.0
0.0
0.0
0.0
0.0
0.0
0.0
0.0
0.0
0.0
0.0
0.0
0.0
0.0
0.0
0.0
0.0
0.0
0.0
0.0
0.0
0.0
0.0
0.0
0.0
0.0
0.0
0.0
0.0
0.0
0.0
0.0
0.0
0.0
0.0
0.0
0.0
0.0
0.0
0.0
0.0
0.0
0.0
0.0
0.0
0.0
0.0
0.0
0.0
0.0
0.0
0.0
0.0
0.0
0.0
0.0
0.0
0.0
0.0
0.0
0.0
0.0
0.0
0.0
0.0
0.0
0.0
0.0
0.0
0.0
0.0
0.0
0.0
0.0
0.0
0.0
0.0
0.0
0.0
0.0
0.0
0.0
0.0
0.0
0.0
0.0
0.0
0.0
0.0
0.0
0.0
0.0
0.0
0.0
0.0
0.0
0.0
0.0
0.0
0.0
0.0
0.0
0.0
0.0
0.0
0.0
0.0
0.0
0.0
0.0
0.0
0.0
0.0
0.0
0.0
0.0
0.0
0.0
0.0
0.0
0.0
0.0
0.0
0.0
0.0
0.0
0.0
0.0
0.0
0.0
0.0
0.0
0.0
0.0
0.0
0.0
0.0
0.0
0.0
0.0
0.0
0.0
0.0
0.0
0.0
0.0
0.0
0.0
0.0
0.0
0.0
0.0
0.0
0.0
0.0
0.0
0.0
0.0
0.0
0.0
0.0
0.0
0.0
0.0
0.0
0.0
0.0
0.0
0.0
0.0
0.0
0.0
0.0
0.0
0.0
0.0
0.0
0.0
0.0
0.0
0.0
0.0
0.0
0.0
0.0
0.0
0.0
0.0
0.0
0.0
0.0
0.0
0.0
0.0
0.0
0.0
0.0
0.0
0.0
0.0
0.0
0.0
0.0
0.0
0.0
0.0
0.0
0.0
0.0
0.0
0.0
0.0
0.0
0.0
0.0
0.0
0.0
0.0
0.0
0.0
0.0
0.0
0.0
0.0
0.0
0.0
0.0
0.0
0.0
0.0
0.0
0.0
0.0
0.0
0.0
0.0
0.0
0.0
0.0
0.0
0.0
0.0
0.0
0.0
0.0
0.0
0.0
0.0
0.0
0.0
0.0
0.0
0.0
0.0
0.0
0.0
0.0
0.0
0.0
0.0
0.0
0.0
0.0
0.0
0.0
0.0
0.0
0.0
0.0
0.0
0.0
0.0
0.0
0.0
0.0
0.0
0.0
0.0
0.0
0.0
0.0
0.0
0.0
0.0
0.0
0.0
0.0
0.0
0.0
0.0
0.0
0.0
0.0
0.0
0.0
0.0
0.0
0.0
0.0
0.0
0.0
0.0
0.0
0.0
0.0
0.0
0.0
0.0
0.0
0.0
0.0
0.0
0.0
0.0
0.0
0.0
0.0
0.0
0.0
0.0
0.0
0.0
0.0
0.0
0.0
0.0
0.0
0.0
0.0
0.0
0.0
0.0
0.0
0.0
0.0
0.0
0.0
0.0
0.0
0.0
0.0
0.0
0.0
0.0
0.0
0.0
0.0
0.0
0.0
0.0
0.0
0.0
0.0
0.0
0.0
0.0
0.0
0.0
0.0
0.0
0.0
0.0
0.0
0.0
0.0
0.0
0.0
0.0
0.0
0.0
0.0
0.0
0.0
0.0
0.0
0.0
0.0
0.0
0.0
0.0
0.0
0.0
0.0
0.0
0.0
0.0
0.0
0.0
0.0
0.0
0.0
0.0
0.0
0.0
0.0
0.0
0.0
0.0
0.0
0.0
0.0
0.0
0.0
0.0
0.0
0.0
0.0
0.0
0.0
0.0
0.0
0.0
0.0
0.0
0.0
0.0
0.0
0.0
0.0
0.0
0.0
0.0
0.0
0.0
0.0
0.0
0.0
SCALARS p_d double 1
LOOKUP_TABLE default
0
0
0
0
0
0
0
0
0
0
0
0
0
0
0
0
0
0
0
0
0
0
0
0
0
0
0
0
0
0
0
0
0
0
0
0
0
0
0
0
0
0
0
0
0
0
0
0
0
0
0
0
0
0
0
0
0
0
0
0
0
0
0
0
0
0
0
0
0
0
0
0
0
0
0
0
0
0
0
0
0
0
0
0
0
0
0
0
0
0
0
0
0
0
0
0
0
0
0
0
0
0
0
0
0
0
0
0
0
0
0
0
0
0
0
0
0
0
0
0
0
0
0
0
0
0
0
0
0
0
0
0
0
0
0
0
0
0
0
0
0
0
0
0
0
0
0
0
0
0
0
0
0
0
0
0
0
0
0
0
0
0
0
0
0
0
0
0
0
0
0
0
0
0
0
0
0
0
0
0
0
0
0
0
0
0
0
0
0
0
0
0
0
0
0
0
0
0
0
0
0
0
0
0
0
0
0
0
0
0
0
0
0
0
0
0
0
0
0
0
0
0
0
0
0
0
0
0
0
0
0
0
0
0
0
0
0
0
0
0
0
0
0
0
0
0
0
0
0
0
0
0
0
0
0
0
0
0
0
0
0
0
0
0
0
0
0
0
0
0
0
0
0
0
0
0
0
0
0
0
0
0
0
0
0
0
0
0
0
0
0
0
0
0
0
0
0
0
0
0
0
0
0
0
0
0
0
0
0
0
0
0
0
0
0
0
0
0
0
0
0
0
0
0
0
0
0
0
0
0
0
0
0
0
0
0
0
0
0
0
0
0
0
0
0
0
0
0
0
0
0
0
0
0
0
0
0
0
0
0
0
0
0
0
0
0
0
0
0
0
0
0
0
0
0
0
0
0
0
0
0
0
0
0
0
0
0
0
0
0
0
0
0
0
0
0
0
0
0
0
0
0
0
0
0
0
0
0
0
0
0
0
0
0
0
0
0
0
0
0
0
0
0
0
0
0
0
0
0
0
0
0
0
0
0
0
0
0
0
0
0
0
0
0
0
0
0
0
0
0
0
0
0
0
0
0
0
0
0
0
0
0
0
0
0
0
0
0
0
0
0
0
0
0
0
0
0
0
0
0
0
0
0
0
0
0
0
0
0
0
0
0
0
0
0
0
0
0
0
0
0
0
0
0
0
0
0
0
0
0
0
0
0
0
0
0
0
0
0
0
0
0
0
0
0
0
0
0
0
0
0
0
0
0
0
0
0
0
0
0
0
0
0
0
0
0
0
0
0
0
0
0
0
0
0
0
0
0
0
0
0
0
0
0
0
0
0
0
0
0
0
0
0
0
0
0
0
0
0
0
0
0
0
0
0
0
0
0
0
0
0
0
0
0
0
0
0
0
0
0
0
0
0
0
0
0
0
0
0
0
0
0
0
0
0
0
0
0
0
0
0
0
0
0
0
0
0
0
0
0
0
0
0
0
0
0
0
0
0
0
0
0
0
0
0
0
0
0
0
0
0
0
0
0
0
0
0
0
0
0
0
0
0
0
0
0
0
0
0
0
0
0
0
0
0
0
0
0
0
0
0
0
0
0
0
0
0
0
0
0
0
0
0
0
0
0
0
0
0
0
0
0
0
0
0
0
0
0
0
0
0
0
0
0
0
0
0
0
0
0
0
0
0
0
0
0
0
0
0
0
0
0
0
0
0
0
0
0
0
0
0
0
0
0
0
0
0
0
0
0
0
0
0
0
0
0
0
0
0
0
0
0
0
0
0
0
0
0
0
0
0
0
0
0
0
0
0
0
0
0
0
0
0
0
0
0
0
0
0
0
0
0
0
0
0
0
0
0
0
0
0
0
0
0
0
0
0
0
0
0
0
0
0
0
0
0
0
0
0
0
0
0
0
0
0
0
0
0
0
0
0
0
0
0
0
0
0
0
0
0
0
0
0
0
0
0
0
0
0
0
0
0
0
0
0
0
0
0
0
0
0
0
0
0
0
0
0
0
0
0
0
0
0
0
0
0
0
0
0
0
0
0
0
0
0
0
0
0
0
0
0
0
0
0
0
0
0
0
0
0
0
0
0
0
0
0
0
0
0
0
0
0
0
0
0
0
0
0
0
0
0
0
0
0
0
0
0
0
0
0
0
0
0
0
0
0
0
0
0
0
0
0
0
0
0
0
0
0
0
0
0
0
0
0
0
0
0
0
0
0
0
0
0
0
0
0
0
0
0
0
0
0
0
0
0
0
0
0
0
0
0
0
0
0
0
0
0
0
0
0
0
0
0
0
0
0
0
0
0
0
0
0
0
0
0
0
0
0
0
0
0
0
0
0
0
0
0
0
0
0
0
0
0
0
0
0
0
0
0
0
0
0
0
0
0
0
0
0
0
0
0
0
0
0
0
0
0
0
0
0
0
0
0
0
0
0
0
0
0
0
0
0
0
0
0
0
0
0
0
0
0
0
0
0
0
0
0
0
0
0
0
0
0
0
0
0
0
0
0
0
0
0
0
0
0
0
0
0
0
0
0
0
0
0
0
0
0
0
0
0
0
0
0
0
0
0
0
0
0
0
0
0
0
0
0
0
0
0
0
0
0
0
0
0
0
0
0
0
0
0
0
0
0
0
0
0
0
0
0
0
0
0
0
0
0
0
0
0
0
0
0
0
0
0
0
0
0
0
0
0
0
0
0
0
0
0
0
0
0
0
0
0
0
0
0
0
0
0
0
0
0
0
0
0
0
0
0
0
0
0
0
0
0
0
0
0
0
0
0
0
0
0
0
0
0
0
0
0
0
0
0
0
0
0
0
0
0
0
0
0
0
0
0
0
0
0
0
0
0
0
0
0
0
0
0
0
0
0
0
0
0
0
0
0
0
0
0
0
0
0
0
0
0
0
0
0
0
0
0
0
0
0
0
0
0
0
0
0
0
0
0
0
0
0
0
0
0
0
0
0
0
0
0
0
0
0
0
0
0
0
0
0
0
0
0
0
0
0
0
0
0
0
0
0
0
0
0
0
0
0
0
0
0
0
0
0
0
0
0
0
0
0
0
0
0
0
0
0
0
0
0
0
0
0
0
0
0
0
0
0
0
0
0
0
0
0
0
0
0
0
0
0
0
0
0
0
0
0
0
0
0
0
0
0
0
0
0
0
0
0
0
0
0
0
0
0
0
0
0
0
0
0
0
0
0
0
0
0
0
0
0
0
0
0
0
0
0
0
0
0
0
0
0
0
0
0
0
0
0
0
0
0
0
0
0
0
0
0
0
0
0
0
0
0
0
0
0
0
0
0
0
0
0
0
0
0
0
0
0
0
0
0
0
0
0
0
0
0
0
0
0
0
0
0
0
0
0
0
0
0
0
0
0
0
0
0
0
0
0
0
0
0
0
0
0
0
0
0
0
0
0
0
0
0
0
0
0
0
0
0
0
0
0
0
0
0
0
0
0
0
0
0
0
0
0
0
0
0
0
0
0
0
0
0
0
0
0
0
0
0
0
0
0
0
0
0
0
0
0
0
0
0
0
0
0
0
0
0
0
0
0
0
0
0
0
0
0
0
0
0
0
0
0
0
0
0
0
0
0
0
0
0
0
0
0
0
0
0
0
0
0
0
0
0
0
0
0
0
0
0
0
0
0
0
0
0
0
0
0
0
0
0
0
0
0
0
0
0
0
0
0
0
0
0
0
0
0
0
0
0
0
0
0
0
0
SCALARS L double 1
LOOKUP_TABLE default
0.0584948189158666
0.060810687218613574
0.11455578707337284
0.05704321968472654
0.09952530018040599
0.0555525491044292
0.10646500337669682
0.0907437775717981
0.13229896840111835
0.0669572468968078
0.05394020185353402
0.054061912507790216
0.05780571833305075
0.06536605663492316
0.03977010294178312
0.047457213908951974
0.04915687557198896
0.07499558835024933
0.11401571358369858
0.04701994810716
0.04072554166613381
0.08014859250167734
0.061036857848352506
0.045355678982901326
0.042857537773418705
0.05486676983384344
0.054985697049323545
0.02974304490128733
0.04542701856824854
0.0924572700440586
0.0664913353753704
0.08069652314691136
0.07137928674342456
0.057950021501290076
0.07205449959579258
0.047367497041747655
0.03264757975715869
0.07229306190776545
0.03564367770025986
0.04119008210722562
0.06844867811725824
0.06523005994171673
0.040021488028307975
0.04957491930401918
0.060829780075223876
0.047083884461670715
0.06878473749313875
0.03378170723927395
0.05403008969083845
0.03775586608727176
0.05334011563542018
0.03977947068526757
0.0854178372940924
0.04733723743523705
0.06292158942684133
0.03929307969604865
0.08500453917291766
0.08404426881114489
0.04688588990304072
0.07042522320873403
0.04155796106644335
0.044925065609301554
0.10057761739074925
0.05763499575778554
0.040571790002414
0.046460644162559774
0.10573841148797372
0.052308191633815504
0.07744517524029511
0.05134256464182485
0.05158277728079408
0.04445221956213238
0.061643488285462754
0.04791944791000847
0.0452726372105714
0.031679513632629844
0.05319658891320021
0.02297253908474204
0.11242975705746246
0.04542239341998615
0.04514108478980101
0.03820731762372266
0.04653559188406186
0.05832490418337605
0.022311145196963547
0.022881060814568577
0.024423014064606948
0.029853800830045022
0.08822421889708089
0.07543912629398625
0.21610400881057226
0.03745389699350388
0.07389386691735633
0.026486690091440244
0.10340629806738079
0.0324385212979875
0.0313262394806659
0.039696301691719664
0.05292913012699163
0.04761810916027613
0.05995957464825782
0.03314375259381503
0.03611133295795105
0.0452101370933559
0.0296277974881701
0.02929679654842869
0.09190830047389593
0.03113049925715913
0.059637621012243486
0.049012816446313195
0.024670596912113662
0.038413338724979755
0.08445549616218015
0.049401422489641016
0.029057483717624708
0.04197573184591262
0.0843421486091029
0.0323960839608741
0.0610022094026111
0.02359182570298446
0.09001698719686163
0.04607246223070809
0.09697318111725536
0.04724440047243689
0.04649769232983405
0.05222597882280449
0.027579691078762965
0.03286146071007827
0.05357159874411069
0.04017104031513225
0.030029149838115478
0.0317462466442891
0.06527946090463678
0.04533288307619517
0.049741309994812175
0.0875362146771268
0.023778914020618543
0.060835685448592414
0.07743653483982894
0.03280262843127052
0.061339161259345416
0.03147293440402331
0.027042405810134514
0.06882036512544785
0.0911320011412018
0.04255455077897109
0.054852014730545344
0.0654902246140597
0.0564704950925704
0.0810162138833955
0.08642785865680151
0.051277898864911325
0.05465424836186198
0.028674644130311438
0.03706249101180331
0.04505832984033011
0.04388353112501339
0.03220996963674415
0.0377561059432773
0.048216170565485536
0.06251613705276417
0.03594443222531116
0.038356028991541447
0.02694154204940763
0.06564564875145976
0.041369595792079016
0.1245572773626656
0.0677945731161424
0.07544007645807323
0.020488066380212545
0.06851136080972282
0.058363803166003626
0.02614030849091128
0.07218030723126709
0.028252423612851234
0.05697439003622555
0.04415134208605656
0.04571577880775993
0.02545822931784541
0.02422483783227478
0.06472685464318498
0.049464332361813704
0.03233020903118285
0.03194334184145443
0.0678332916494545
0.028780761629949986
0.06934257797342076
0.04134945223337311
0.051102938310824964
0.02395252838428539
0.07552789852762996
0.03077671847354721
0.0464218279691779
0.061694488311355974
0.023413928845881386
0.0651941097952873
0.043766931992087046
0.08472294281952193
0.1029099462637115
0.05773436952110912
0.0746487481475744
0.04169017706846576
0.05155678159078583
0.03706751505024306
0.04281723466082351
0.07150564788882048
0.06081362492073626
0.0206622802226665
0.07552507790131671
0.028044526025590433
0.11540870684658039
0.06581232832836108
0.07254152377776445
0.05404860035190507
0.03629302522524113
0.0696621287070675
0.06329875335265336
0.0809594353735255
0.02626746002185991
0.023311053172261585
0.03072719238720064
0.028811084811231725
0.17119887378134235
0.06566984245450917
0.07696104365196713
0.01640037121531066
0.11452143750407585
0.04315032810999286
0.028981811675601578
0.08272182203022362
0.06748999807378862
0.021684598036394505
0.014343030642092275
0.09681311530985869
0.04363039380981996
0.04777916215255337
0.015455327625126577
0.0488084728710085
0.07689439261740749
0.03083340266658858
0.070118543282073
0.02976159807537204
0.0989784980286119
0.04078307197845645
0.03681209040519132
0.029972061924399072
0.07758709181300723
0.030239764549347993
0.1393387647426233
0.05109575277848427
0.05765195767708161
0.05314690794392509
0.09822313552315469
0.04037788642314011
0.022001247237372925
0.04252214895792547
0.07759746490704417
0.06592569259401122
0.05769736340596527
0.047804085013730784
0.020242920737877486
0.023725908201795105
0.07509025662494458
0.06098379706118691
0.0761712852983328
0.0864452847065706
0.10267690708236202
0.07212113032946729
0.08055866394125503
0.037622813079300106
0.12318933882442921
0.03579539679902936
0.06984279456035505
0.04368673025072942
0.04529712326406605
0.08211628106532813
0.12133541781359596
0.07192713868909328
0.049333268774732895
0.02382797683396508
0.09070267815230135
0.04149799513229522
0.046001193201916264
0.04686809234436568
0.004873487457663092
0.048890336059389215
0.13322162136830495
0.06911884732835182
0.02403527208083951
0.02556740049359682
0.07388349423247388
0.026402431403187456
0.0379618477948585
0.04191933797187169
0.10234601412854327
0.0591248398560199
0.024384234907005527
0.09172369857348722
0.050837782799802764
0.03067658233897667
0.08537885555569365
0.042431474732797105
0.07412688570282695
0.03354486333255808
0.02644417455697937
0.07581573250981584
0.17636321040398437
0.03559078217741216
0.1003820573608652
0.04673587829494598
0.07028090597025624
0.07010923054776756
0.03856350876152201
0.04271274938469826
0.058791150082304
0.020968341851467273
0.048125569253775986
0.04257716214122345
0.11139764205763071
0.051981404367331493
0.05969993353430178
0.05934693885955689
0.17214736133905786
0.05201102190882253
0.03742638513134866
0.05926660280461505
0.0670006606534587
0.04460080519452579
0.05412629867264192
0.03873967124279693
0.055597171870518235
0.0518724821075683
0.10115148702812045
0.08514833945532939
0.05876702286146529
0.04266075854928031
0.08401752788555505
0.03648032039332975
0.02471245807280207
0.037356060820166424
0.046576691853328765
0.028227769306128164
0.15008103741645665
0.05997579951947291
0.07428773379232924
0.06590320235011311
0.140518087433611
0.025454782183314612
0.032486659662082716
0.04218416119825096
0.058254204998437475
0.058602873240140956
0.12415754810723383
0.03750469794572431
0.08956719470877723
0.05168289125039362
0.07927408958796094
0.05788421767632353
0.0835107620369973
0.029736367229370557
0.055433917415242964
0.036415992311071406
0.06393761421886242
0.03571427636114141
0.023640859544441117
0.01938142492181612
0.11329075160841647
0.028656260467828133
0.1482306283599989
0.04315481080945663
0.07334914925205353
0.03720766136160648
0.04309931693194241
0.041253093750651365
0.029777133240122978
0.040036003796583515
0.08147044951391906
0.029108235535669894
0.08051805094511397
0.056859900949614614
0.03781408393707293
0.026864335018756767
0.06453248347925304
0.08380378817213405
0.03951672456062116
0.05893230244950586
0.05809557876465322
0.03301426019162033
0.0752155529661252
0.05179887103016811
0.049791968830324614
0.04414474482880182
0.0552401891379817
0.036426732381590436
0.08819907228537067
0.04082373466502084
0.07519334959954861
0.032295030701332626
0.03414885485634934
0.03701220382522483
0.15531927643406043
0.029761642158994257
0.06264525980471329
0.06964751584945512
0.10364383296655935
0.03532249685398811
0.07653875107421095
0.037343755354811325
0.04048115334325317
0.06476393144335794
0.03628474720871022
0.04286489883342779
0.02733037255508942
0.02431702646295437
0.19002614679038288
0.07335918832702593
0.11468273850933301
0.050093408748057865
0.08755860894281052
0.06823658197770453
0.08131109493789833
0.07812268034316293
0.08927846172509926
0.06499417450818148
0.04980805300350551
0.01596024360716336
0.10697517334409855
0.030984281176106257
0.031564440752213783
0.03666109545553685
0.042823481409151834
0.034272705174817945
0.025972355457293494
0.030370026539336313
0.08736020714261147
0.045249518185280765
0.06453199132213484
0.029048182593753264
0.10032195931100991
0.03640001890109375
0.0746649913145373
0.04945497782832396
0.0532463446257114
0.022907086763707184
0.1022145481621867
0.04772900853778532
0.09505989530816834
0.03315869309849241
0.08497837061276248
0.021003537987681748
0.02692127248106942
0.038403688156217565
0.08227899911885192
0.043904116071275145
0.09338948788809193
0.021016873221295425
0.04554183307685361
0.05739755325795745
0.030684183547880276
0.027507009433960835
0.11398660587981363
0.034254011151980304
0.06940011181547184
0.032635684273506986
0.04807688991604983
0.04643296225743104
0.04949089500100004
0.06464285501120737
0.08406746519314126
0.040461616378983184
0.06912909349904704
0.04213331413501644
0.059912149686019364
0.04139573407973326
0.0720137555748899
0.05033460710088065
0.00973409348629895
0.03839982104124953
0.027511491126436968
0.06206798659534557
0.035109022658000213
0.020260968190094437
0.08259028824262582
0.04491852517614499
0.0934669669134499
0.023290231772140138
0.12081868603821203
0.04255013645101485
0.017176672553204427
0.08418436529427607
0.11293452687287456
0.03185701655836601
0.0481594373721281
0.04623401016567779
0.07255088729988089
0.06102040852042888
0.03738450138760687
0.020446203755220663
0.12341262081327016
0.027265923054244866
0.05397911803651505
0.03958491955277896
0.14727798836214487
0.0680565065221541
0.07370917055563717
0.047880447951120515
0.11030798984661087
0.030327269840854272
0.11981288892268636
0.06854224344154505
0.070110385307742
0.06124920701527496
0.08843274126702153
0.06868210014261289
0.05116714914864814
0.03594774941494904
0.036395272220440776
0.030556306583093756
0.07130044297197616
0.042166804194769016
0.08052524354511495
0.02673564631722965
0.16302483643911386
0.029555195820700788
0.058525806683889445
0.04812481422301835
0.051170257142210906
0.06416723450484665
0.10956202597615669
0.041838110473585696
0.04739329522200408
0.03178431260858126
0.0770317961364008
0.06319632774141229
0.18686220535999223
0.022305770374501675
0.06774207141798957
0.04359696209599899
0.07559387541329007
0.07641144134224878
0.023800752593142932
0.06545862742221219
0.06805282595160878
0.03008446004168892
0.1451974714380387
0.04565827854836417
0.09542104790872921
0.05521665560317851
0.03267854415361931
0.05981550140222843
0.09190495481746351
0.036544651701720006
0.07518129395002472
0.04288539425025698
0.026534073189014767
0.042041823176451096
0.08506551978328204
0.04064945578971528
0.0890263368672443
0.024310814712798515
0.09415750778350072
0.043294790263956544
0.09744255144442801
0.037162954672630755
0.06257423431413309
0.046852273882918266
0.09722514777566572
0.03126229601292941
0.11959333446308815
0.037319714897088636
0.10958449306357144
0.0614217453350197
0.07280543111609229
0.03701461419493677
0.0430877820269273
0.03711511713574422
0.0244844152880967
0.09398460035559025
0.05114209694566721
0.041253558198051585
0.04390644672482646
0.03274327827203618
0.11924570647197343
0.024995375572293452
0.10718437923503603
0.049947076150662156
0.0909203311916537
0.04151331988651351
0.10512912875126473
0.05134342115597689
0.05002632906780183
0.05299934037325315
0.09241391522925556
0.0777108119118568
0.11771211805077668
0.038972556908676376
0.10037014169562582
0.01836060347592076
0.051822256531340434
0.04608451401501355
0.03686733947547588
0.03324990105248413
0.06836107020812315
0.06346827427935958
0.0850546991059282
0.035582941980674014
0.1405904184501916
0.07526379559921254
0.06106258206135741
0.019923193719883225
0.10023445172195079
0.051052474964490634
0.05077647344981787
0.06541854477134142
0.060523778335460715
0.026464392076901683
0.03737785462008183
0.06859554154607968
0.09393651217710788
0.04237025484936315
0.09096482010095981
0.06006438891722786
0.06387026550751138
0.04194802765327614
0.0712895295537852
0.051428337247086314
0.15389257078884622
0.036789122957743475
0.08533434534816564
0.049748534531180034
0.08791289261536141
0.03694990966159461
0.019301011372464552
0.0546146210460162
0.1354566972578317
0.027964992401214604
0.10370759123612885
0.05780054491092614
0.061172903805524766
0.04709362011992722
0.08584945576996997
0.06101436119472205
0.10375756489047003
0.04474941590680324
0.06894831559944044
0.01796552075504587
0.09456218491553556
0.04595265372097671
0.05697790968436793
0.03154185460622165
0.0860298687666087
0.07803577692315238
0.03705255445984826
0.03108608975088366
0.0631066099865933
0.04567093097365064
0.07820874682540292
0.07310905968482971
0.08264801635853103
0.06414473359520628
0.04929821303049436
0.029401307453921357
0.04041476838978519
0.046248239058368355
0.09671836566030224
0.05436260567706411
0.06884019825654186
0.022420191256990064
0.12367383322271562
0.08358077721581687
0.14735584929007775
0.056383394009229024
0.13534750775688487
0.04185238707648641
0.10868273136059828
0.05210671403955559
0.13418577546073943
0.020889106443311392
0.017409686039672818
0.03730845137499011
0.023800012773105998
0.05528695368710388
0.04670674349598764
0.024970772034520358
0.1416860250554019
0.025057855933818055
0.0970154463577835
0.05881704052398424
0.10505305798500139
0.030936093612478066
0.07533317346295744
0.01616184345921001
0.06301497218915521
0.0197765715936812
0.09216636965835169
0.08019144862140896
0.06263248703348757
0.03377698293216828
0.08167930900785084
0.05718195029902371
0.1134309280575628
0.019438376886972024
0.097403613895994
0.07304456831277731
0.11472745512735807
0.048057341915674005
0.05954693006360619
0.06014301568760829
0.024195862456213683
0.023461145752072886
0.08364789632740306
0.06127719314720613
0.09098579229747927
0.02978904684611443
0.12586583485600847
0.027654155275473415
0.05004093124633076
0.019073763760726396
0.048938380847756056
0.034645387571796665
0.06344493045153433
0.03224992527123172
0.1146937429505204
0.04516657897162433
0.12017326291650705
0.026472790861561967
0.07677362099054623
0.02776200280959552
0.07747521410102703
0.04777791690729087
0.031878799726464006
0.057329916797427924
0.04916152837331237
0.02254722652567261
0.056183293317498044
0.021790863773609295
0.09541132922247757
0.038704504544045205
0.07499625771996928
0.01957899936156114
0.11673105746115815
0.0751416767446671
0.08182647180466716
0.041777020669262754
0.0647556146754855
0.03244050480495027
0.07095917620716855
0.035711676073799735
0.07297426812240063
0.027149276822781142
0.1514087290482291
0.06605113073975391
0.03139222629887858
0.1025324427876368
0.02216028591873319
0.02563306177576176
0.11181799962438983
0.06088208905745621
0.07190930932779176
0.026804432767734428
0.06982304272946
0.044702711148206835
0.1516974914492655
0.03798063169564218
0.06379491064340485
0.03348364830779344
0.07238764889123037
0.04738429106782099
0.07760509673984045
0.051266352786208336
0.0920195573125624
0.06045120332962754
0.07700979148134336
0.036619622717881495
0.08891817919863179
0.04884434476989121
0.05590080085293934
0.018007071499830038
0.1349717549119072
0.043146234876290206
0.07222096626326768
0.032035893120061235
0.06099525345467448
0.03731575838704074
0.1301398906408022
0.039022146122426236
0.08668425951693882
0.03220772727157245
0.08486719498133498
0.03463050678231576
0.05534394275799327
0.05239082057001882
0.02116317140695145
0.02537965200707012
0.11786421190505598
0.07171458284059107
0.03634866776100618
0.058773858134377716
0.0979424665403115
0.05085957404461841
0.07446110576670263
0.03243324565935357
0.04614161592315574
0.07515453742788923
0.07374721201509923
0.05148826165253583
0.1534839958823068
0.021269513581649975
0.03895848169526098
0.023230792323982404
0.08703416864657215
0.04030876232284963
0.09314978338139043
0.026336651571527158
0.09348122386875395
0.01842185875529414
0.1051049619380551
0.05370389781012174
0.06424911392385106
0.04176173540455462
0.07278603503420156
0.10429789244275262
0.11497743416862319
0.047490474497524054
0.08917156712764451
0.029009114429779156
0.01118024972887468
0.048992667859588716
0.09567045813625025
0.024727369128154
0.10861323867742832
0.035895640292380813
0.03727186005554339
0.03980898893466171
0.08453650572385878
0.04762139922345875
0.10046431039926583
0.0510306069726789
0.08566144318186594
0.035173008742500664
0.09158227688805301
0.03945524127413209
0.1136782942166179
0.03598117018664048
0.11263830893616984
0.030006776034755864
0.09840775684873593
0.05092839239559779
0.06245463275050119
0.030549143621384896
0.10195750306868144
0.03335728741969301
0.09198984030859082
0.0303711592139651
0.021397887746224167
0.05451430182988677
0.06330527940069461
0.06838819231417041
0.03710223324814798
0.041679410744394865
0.08102939140830301
0.0541828764094346
0.10768108015802942
0.049981133240453494
0.09303245541207662
0.036118634082700295
0.06281334036651758
0.09091697980025515
0.10239832623632111
0.04021768247922843
0.059151531510181626
0.05177571168028461
0.062204843798533783
0.036053865701198125
0.09966052755228635
0.04133105641040383
0.14533364042781
0.07132025574827952
0.05941399498434697
0.043697757013375395
0.05475521863713088
0.03445357920448919
0.06363025318195786
0.028619809083919773
0.10282329946077454
0.06039651076014277
0.0830251679432207
0.05619879571663476
0.0778258609974858
0.02784167380025839
0.0756710160629548
0.032537148738019925
0.07909822126950827
0.02355560230603323
0.04019091121136708
0.04705665300464947
0.12280088208152258
0.06764997974870375
0.07742239241976424
0.03545005207330448
0.07177664712146992
0.03874167451208038
0.09593392175867757
0.03700154137329983
0.1241533438293147
0.0721564932629076
0.11333701743031678
0.037052150274983146
0.08919463033165194
0.05206737573567539
0.13607869640763065
0.02751222361060661
0.09335494502167548
0.046561745156297525
0.08195020507600942
0.03754005860410962
0.06515440123276399
0.036776996288440576
0.0975715875037404
0.04792678783311019
0.11628841448742823
0.021997439851037325
0.06578888100583544
0.03920309946930217
0.10191566615589584
0.06480407937776718
0.06494272504291781
0.04440401963786604
0.07417086328201924
0.05193266471114309
0.05567370711565752
0.043065156031298055
0.04563404273127674
0.03788868031483804
0.0559448462684449
0.055168109773672494
0.06624530872446756
0.051716515427859114
0.052153365375592176
0.055865991801810656
0.09606905541328062
0.03168967251329697
0.10773602376178529
0.03827257148402772
0.041620015185004695
0.028846086736332176
0.05900491003297886
0.03696535567257518
0.1071251828469853
0.02056567898222683
0.04171708753017154
0.04752356165103762
0.04752356165103762
0.05356738246358511
0.0554345060769914
0.0368506959500089
0.10896038957345923
0.029180878670800364
0.09195032128274497
0.021375674398717504
0.10094097015582938
0.035441176729900055
0.10078480972845077
0.05979545574707186
0.02203175308503593
0.022392442296453742
0.1120893249511302
0.0589640478936105
0.06826848362165377
0.07501371831871845
0.06227777786658736
0.026489766476886317
0.07268279895546109
0.04156994683662752
0.08831452428677847
0.06063400893887891
0.10191795304066863
0.024248269546505944
0.13127578445395005
0.037560622146071726
0.05956369592293599
0.024197866021614417
0.06781811498412459
0.01493535938636875
0.08787757930211804
0.052142943376836705
0.06389120865972105
0.026316282412225073
0.11734558670866135
0.03655812270891374
0.024583253161451345
0.05733617538692303
0.0659945225605883
0.07355679090335591
0.02567153910461962
0.02224770549966899
0.0739637776212112
0.02942139194531742
0.12429886203823429
0.03299034549682659
0.07028430049449114
0.03634526830276573
0.10400402969116174
0.0461753840915262
0.061378873368610774
0.022987671478425193
0.08900952757991733
0.04032693531623759
0.15446326004587624
0.07642904746233593
0.11039764171394248
0.04080934108755003
0.08368421107951013
0.04411229833051093
0.047966393068480835
0.062166067400150016
0.06706161298388219
0.03914006234026773
0.08569068514138513
0.024837431751290575
0.03695210370195431
0.06042276802663085
0.09299942339606196
0.03737791198020543
0.09835367641323835
0.02086093459076095
0.12476290769295181
0.03661246301466202
0.03820094763222442
0.027204299072021335
0.11084462097909849
0.02288238623920175
0.07667240327523393
0.034871562282180184
0.09142785273646088
0.028968987003345152
0.09479175964185925
0.06367491047500588
0.05828563939771101
0.05122414633744497
0.0696729012457497
0.047911488726608914
0.10222457763180079
0.02993214512860728
0.10025814089638833
0.06848264959827424
0.04627780496091008
0.0358140685206246
0.08471179082040461
0.052511189817028237
0.14037517974342908
0.07765375787429718
0.11454826979051248
0.039363415502214734
0.06683287382718149
0.046159075207373446
0.08017643184876677
0.05539048322591181
0.08005164353091059
0.037364344929357474
0.07436285965453458
0.036951870967516724
0.11292195938788918
0.051792164503909596
0.03255807586452286
0.042844747636087054
0.12411797774698054
0.02017975619277894
0.07332245604178828
0.044247653045104966
0.11569432725937792
0.05053318481948289
0.09800163533329441
0.03814853370707698
0.0925368800857259
0.059515114181189016
0.1209084315339505
0.032507234148724494
0.0985535730047369
0.040313566550232376
0.10638648643507338
0.08270229675166209
0.10443981846020238
0.056928073777355134
0.07742799793356421
0.0330746609959952
0.14614901026007687
0.036029948653862956
0.12334243876298205
0.04434829079006348
0.031260403580248806
0.0409251158092434
0.11715414406669551
0.051312438569999654
0.0646964219103343
0.06720598544772668
0.09439409134050687
0.04958952889471742
0.10596264141668063
0.1001356252289862
0.02435617868221552
0.030627115045331745
0.06963996289487864
0.04617150220644752
0.05386448536837588
0.07648211262772513
0.07577594309541755
0.0593265541895027
0.05090280416637172
0.04618931564766892
0.05555054635194869
0.03817019675086828
0.07854521439273042
0.045690706451093424
0.05385573930418175
0.03910334471627745
0.028910218262753373
0.041050255248902004
0.0812164677882511
0.03745587868412601
0.1044130340522677
0.032105965800766884
0.06334976748181519
0.05449341464801011
0.07160287871307962
0.04611632318387884
0.05964335671304891
0.07113450875629909
0.02507790134760068
0.02382373975680613
0.039123770165975
0.036325074975834384
0.06171281124693678
0.052499418511065814
0.08024380938116073
0.03335309760726913
0.11069266700192931
0.03747066820861353
0.0834163472707838
0.02574691437823199
0.06055906128730919
0.04919738350766218
0.10820260943249026
0.08945199034118803
0.05345407913340195
0.04459218227447468
0.08879990270264929
0.03511596787787495
0.11194960137490426
0.0286157338539483
0.1297011611358974
0.05280433754910696
0.07976652220073303
0.016442059724985608
0.0425010744334776
0.032505130671941614
0.07939737728665894
0.03286020377295266
0.07221158488774472
0.06571884770748805
0.04961363909249084
0.05306596604227628
0.05679715443576387
0.017670980504771085
0.0688033214314545
0.026832549189370614
0.056336007100255145
0.031836977494730766
0.07241598464427589
0.04338376728685513
0.10226666741416773
0.09413865900893205
0.06414988012459565
0.08536653892480396
0.08005608853797444
0.03116143514024984
0.07333536009320472
0.07156991434953656
0.11601445737493249
0.0341630092351362
0.06385539288110278
0.03527617575645084
0.0527926894939061
0.05600863104915178
0.0741134721356381
0.038549848663775775
0.026707505162406997
0.050262486209895985
0.05883602229926807
0.05982620549558486
0.040631354986020475
0.029120798340705113
0.1067050395061073
0.04600878959503266
0.1263291285491987
0.05750728093033064
0.11132293384563655
0.016452663249455816
0.07477566502546085
0.03921416927591354
0.1271241148484424
0.04865847543850907
0.10080311899936455
0.03068710478360605
0.0902053292438977
0.05934998473462289
0.12817796696780612
0.02601941090801228
0.045814540923160785
0.0364497635657623
0.09519260593134328
0.02844390184204684
0.07638701167083338
0.0616469723506356
0.03950442223346667
0.021071569092025608
0.15020965630744262
0.03279403994630754
0.12051754083120021
0.03826044014383545
0.1096595471812645
0.03390139230179187
0.0387979086034283
0.0420384983556731
0.05443261933803989
0.037657566357904085
0.09240633554037292
0.04801497766322506
0.05447235482334122
0.0928635626281909
0.0679879494028168
0.030035097602638196
0.08288031785653327
0.06299143891037924
0.03442573409529553
0.03959204283691347
0.11448183199093222
0.06737036238584426
0.0872645962575885
0.03056727033936788
0.0914068926066301
0.08225741731904833
0.07154441071111035
0.02918814060538932
0.07840642810382317
0.04700937829837758
0.053006325509320266
0.0600391277751438
0.05444315259056915
0.048759894831715916
0.11173829323915746
0.12340845753837112
0.07477464404462252
0.10066192527465372
0.0742085116411858
0.04220592110119114
0.11301636950459842
0.03989386519253303
0.07983650743863965
0.024961865635404937
0.09038260195413729
0.031453788833779604
0.09114420495017765
0.05453578641589362
0.09895489881759269
0.10347177300114205
0.10064674762753142
0.075802164823968
0.11094957499693309
0.029567441012031695
0.06642477622092526
0.02728508574294831
0.06461462323654009
0.08529282398889136
0.07603147916488268
0.051821299250404435
0.028037538551021153
0.05591892602688348
0.10805746175068161
0.030597671283939042
0.09101418166417752
0.02846174752189339
0.03722997544989854
0.05206623412539056
0.03476879106325093
0.038883911120153256
0.08359754034659185
0.04289066490508164
0.13107283904760755
0.04243125263293542
0.07592285568917974
0.021540714565677892
0.13104924417943115
0.04293028581316421
0.08934142152439717
0.05062418852683001
0.12339565820562712
0.05224556019414469
0.04550863900403968
0.03344051219703433
0.030475808898206284
0.05926181772440025
0.08614385085425424
0.0349823868825444
0.016746250207135504
0.03155183214965502
0.051234345043145
0.029648096060286892
0.0851481626343163
0.03353743985458632
0.11201360560217653
0.054223479047365276
0.10033224191654477
0.020039981636718236
0.08242136169707456
0.050802852990753336
0.03928442765269681
0.03842455631494054
0.10911224312605847
0.014854887411219483
0.09940705568519782
0.03981513923120173
0.10414015371603758
0.08371488106662991
0.057712574990204636
0.03388726462847081
0.07895027994883881
0.04325511447216394
0.07803771477945799
0.05491917275414813
0.05434641552117325
0.014572057095688366
0.09971572016487676
0.043941491827200904
0.0619763180577873
0.03367104964208822
0.06704013412874392
0.06113945357950104
0.06114207049160211
0.02491510256852245
0.11314362313449194
0.04200536080073611
0.08969264371173408
0.019562778534758535
0.0940650341838027
0.028385679206247846
0.06308586833832164
0.08352434959938347
0.06129507921521913
0.06466304205649433
0.04083759307304956
0.04205330217711801
0.05100117865304657
0.07531347385428469
0.07671217155054345
0.06425979383720451
0.08888047830654369
0.05238151292202202
0.056700026525567236
0.05120488492321775
0.054146492850414576
0.044942158025622715
0.09114951988902674
0.036776527079103394
0.06953238773406306
0.056412940075836936
0.05640443074794709
0.0274062238186874
0.07679003570776599
0.0439767964272068
0.0743620441892233
0.030369424624118353
0.05301228114314657
0.02918423272933494
0.0657161939250897
0.08540734432120024
0.06271470691950996
0.02441189218393371
0.10808442093104804
0.03371950557170127
0.08305591523786844
0.052763395493466765
0.11778698624211445
0.025685342123475934
0.10503147474923867
0.0433048431471584
0.05564556981467591
0.028037232959049654
0.07508399584465388
0.05749037651642243
0.1022492219628099
0.018006396196907564
0.08737820268236272
0.04890354522935933
0.08438761368826607
0.03298471815856517
0.02673611639711302
0.034813559197531194
0.052036357904834636
0.037870247952713695
0.07847085879484242
0.06251781698044145
0.12105931372678451
0.027967584951153632
0.05368528334655581
0.03387799309286209
0.1032458691861327
0.06439977192506216
0.062205872906020226
0.04854709449596342
0.07707907887358288
0.018241082862593336
0.0736972719169441
0.04866835768751585
0.015898246947383732
0.053154514239150026
0.12282528293474444
0.036656961576213634
0.07766423135523857
0.03102725769384046
0.07891546565787977
0.022788901509287193
0.09125272414563874
0.04037263707017412
0.0813705060080123
0.05787642269525659
0.04977308815012395
0.06790631145924528
0.12124185389542694
0.08933030634672631
0.03042209118387503
0.03281648975743799
0.06328445306708408
0.04152929992186253
0.041926085245345315
0.01834201210336526
0.06730549314877646
0.04159336966392611
0.0726994387873799
0.03854009320175521
0.07087037022620972
0.05935031187786676
0.1451542090330141
0.03448450202627284
0.08871033067236252
0.03298828616342462
0.08418400693718478
0.016739629625532076
0.05066177257064719
0.030763049523738324
0.08073489981414472
0.04043841421223224
0.12056081685191178
0.03421992799524853
0.08038615930618905
0.03527725953075171
0.04847107426084165
0.1066132629647923
0.09421331031229147
0.02949412443182516
0.06145553983165348
0.051082297520765055
0.11379252833116954
0.04725224092040439
0.05368405707470319
0.030200834425558588
0.059087142425404436
0.07811374004616589
0.03545358069363378
0.04465641561970651
0.0648411613714619
0.06331565935848694
0.10103738278478892
0.026419317175127556
0.10207477807960243
0.04106888359817004
0.04280876919510766
0.04094117028127023
0.12676070495228384
0.038272640462869094
0.06547062620748298
0.02320663077656888
0.08176250798501708
0.0576640584072959
0.09489543525375678
0.021749568823312176
0.07598600987023846
0.055654437522986655
0.028260190515989016
0.025804565487526198
0.1206460757753859
0.06534962769595497
0.08839771807009492
0.03677784158973986
0.10188749410992487
0.031864845833614125
0.05625115465481519
0.023394943043316147
0.08838531190192177
0.06675158233330498
0.09351157010766123
0.04917859648261611
0.05581947029487104
0.10709786821407793
0.08418380708901216
0.03917938662102831
0.06862291407394498
0.06233723689737954
0.096459790088928
0.05572845951576279
0.06203216584966245
0.04052636652847108
0.057138309250449375
0.03348717844190557
0.07900799027946474
0.029755577628404577
0.014280420161885654
0.04164259473183701
0.06832412235806644
0.03929845289575651
0.06252334284089421
0.04053708978207459
0.05973856081292865
0.08611709665333613
0.05200763728530666
0.0282050542988308
0.0721975421188284
0.03388219898412778
0.04018959327985293
0.03975178063936221
0.09430984525488274
0.09594645381669958
0.04002351808624552
0.03339900525464807
0.10091408995774596
0.04837704678874156
0.06770002079763353
0.07718737741366812
0.07086981890762811
0.051265179137500096
0.04914263517557873
0.03504271701794806
0.10642928176023726
0.05294590280654417
0.09787537291882961
0.03159912024091812
0.13011173813303703
0.0665546154071978
0.047599126378537616
0.06331801449824545
0.07139871427413745
0.04246918600585632
0.06098747215617359
0.03722874609760548
0.06629961013460031
0.04342417851842477
0.0759319384712396
0.04766843987377766
0.11526786265043636
0.027262451247090962
0.09637863970818432
0.02989121770687822
0.06028371508127218
0.032546557421638415
0.08053867642319434
0.038095328427512114
0.05932734654440583
0.025002286295456658
0.09130955218376632
0.09648736621962513
0.08850611187934963
0.07013560807464386
0.06573129787247473
0.03167905680414051
0.0848155246166643
0.08180141514668332
0.05419623160331379
0.0805022748498454
0.10714017106575825
0.057331466961869984
0.11421601071653657
0.042738379941219144
0.11169534063693076
0.05278588417370733
0.041949845863841366
0.03686481704823716
0.05323976904532945
0.04450550959151015
0.06048024788309006
0.03447299371972199
0.12549486720977895
0.044159964130420434
0.04946258076566578
0.0406326018856779
0.05431227662324593
0.043067423605318664
0.1113469914097364
0.027800861569383547
0.06732151442146884
0.04589093226335687
0.11294626007088517
0.025633224689842988
0.025633224689842988
0.0396219432133254
0.060573082998968956
0.018351360930459384
0.11542049765964484
0.0479517505832684
0.10209725943432595
0.021563304013995855
0.068934868390387
0.04498692823476613
0.08199990068286654
0.08218250178718114
0.061112712261852824
0.015243057436091879
0.06548305735073787
0.03237518605351952
0.07210098939681796
0.04629081533090489
0.08935348821394729
0.037856273244998725
0.0780675183671161
0.013035615213713322
0.07874825245045108
SCALARS r_d double 1
LOOKUP_TABLE default
0.0539112
0.03396192785254624
0.03396192785254624
0.021394673898216997
0.021394673898216997
0.01698096392627312
0.01698096392627312
0.0033694499999999995
0.0033694499999999995
0.0003342917796596406
0.0003342917796596406
0.0539112
0.0539112
0.00212262049078414
0.00212262049078414
0.00042118124999999994
0.00042118124999999994
0.042789347796433994
0.042789347796433994
0.01698096392627312
0.01698096392627312
0.006738899999999999
0.006738899999999999
0.0033694499999999995
0.0033694499999999995
0.00424524098156828
0.00424524098156828
0.00212262049078414
0.00212262049078414
8.357294491491014e-05
8.357294491491014e-05
0.042789347796433994
0.042789347796433994
0.010697336949108498
0.010697336949108498
0.0016847249999999998
0.0016847249999999998
0.006738899999999999
0.006738899999999999
0.0008423624999999999
0.0008423624999999999
0.00021059062499999997
0.00021059062499999997
0.00849048196313656
0.00849048196313656
0.00849048196313656
0.00849048196313656
0.00106131024539207
0.00106131024539207
0.01698096392627312
0.01698096392627312
0.00424524098156828
0.00424524098156828
0.000530655122696035
0.000530655122696035
0.005348668474554249
0.005348668474554249
0.00849048196313656
0.00849048196313656
0.026955599999999996
0.026955599999999996
0.01698096392627312
0.01698096392627312
0.013477799999999998
0.013477799999999998
0.00010529531249999999
0.00010529531249999999
0.00424524098156828
0.00424524098156828
0.03396192785254624
0.03396192785254624
0.010697336949108498
0.010697336949108498
0.00106131024539207
0.00106131024539207
0.0033694499999999995
0.0033694499999999995
0.013477799999999998
0.013477799999999998
0.00212262049078414
0.00212262049078414
0.006738899999999999
0.006738899999999999
0.0033694499999999995
0.0033694499999999995
0.0026743342372771246
0.0026743342372771246
0.000530655122696035
0.000530655122696035
0.0003342917796596406
0.0003342917796596406
0.0026743342372771246
0.0026743342372771246
0.00021059062499999997
0.00021059062499999997
0.00212262049078414
0.00212262049078414
0.00424524098156828
0.00424524098156828
0.0006685835593192811
0.0006685835593192811
0.0013371671186385623
0.0013371671186385623
0.0008423624999999999
0.0008423624999999999
0.0026743342372771246
0.0026743342372771246
0.00106131024539207
0.00106131024539207
0.00212262049078414
0.00212262049078414
0.005348668474554249
0.005348668474554249
0.00042118124999999994
0.00042118124999999994
0.010697336949108498
0.010697336949108498
0.0033694499999999995
0.0033694499999999995
0.0033694499999999995
0.0033694499999999995
0.0006685835593192811
0.0006685835593192811
0.00424524098156828
0.00424524098156828
0.005348668474554249
0.005348668474554249
0.0026743342372771246
0.0026743342372771246
0.0002653275613480175
0.0002653275613480175
0.005348668474554249
0.005348668474554249
0.00212262049078414
0.00212262049078414
0.00424524098156828
0.00424524098156828
0.01698096392627312
0.01698096392627312
0.0016847249999999998
0.0016847249999999998
0.005348668474554249
0.005348668474554249
0.00042118124999999994
0.00042118124999999994
0.00013266378067400874
0.00013266378067400874
0.0003342917796596406
0.0003342917796596406
0.010697336949108498
0.010697336949108498
0.0003342917796596406
0.0003342917796596406
0.03396192785254624
0.03396192785254624
0.0013371671186385623
0.0013371671186385623
8.357294491491014e-05
8.357294491491014e-05
0.00424524098156828
0.00424524098156828
0.005348668474554249
0.005348668474554249
0.010697336949108498
0.010697336949108498
0.0006685835593192811
0.0006685835593192811
0.00424524098156828
0.00424524098156828
0.0026743342372771246
0.0026743342372771246
0.0016847249999999998
0.0016847249999999998
0.021394673898216997
0.021394673898216997
0.00106131024539207
0.00106131024539207
0.01698096392627312
0.01698096392627312
0.0006685835593192811
0.0006685835593192811
0.0008423624999999999
0.0008423624999999999
0.0033694499999999995
0.0033694499999999995
0.006738899999999999
0.006738899999999999
0.00424524098156828
0.00424524098156828
0.0033694499999999995
0.0033694499999999995
0.0016847249999999998
0.0016847249999999998
0.005348668474554249
0.005348668474554249
0.0026743342372771246
0.0026743342372771246
0.0001671458898298203
0.0001671458898298203
0.00106131024539207
0.00106131024539207
0.00042118124999999994
0.00042118124999999994
0.006738899999999999
0.006738899999999999
0.00849048196313656
0.00849048196313656
0.00106131024539207
0.00106131024539207
0.0001671458898298203
0.0001671458898298203
0.013477799999999998
0.013477799999999998
0.0016847249999999998
0.0016847249999999998
0.0001671458898298203
0.0001671458898298203
0.0013371671186385623
0.0013371671186385623
0.0016847249999999998
0.0016847249999999998
0.0026743342372771246
0.0026743342372771246
0.00424524098156828
0.00424524098156828
0.00849048196313656
0.00849048196313656
0.021394673898216997
0.021394673898216997
0.000530655122696035
0.000530655122696035
0.0003342917796596406
0.0003342917796596406
0.021394673898216997
0.021394673898216997
0.0002653275613480175
0.0002653275613480175
0.010697336949108498
0.010697336949108498
0.0006685835593192811
0.0006685835593192811
0.006738899999999999
0.006738899999999999
0.010697336949108498
0.010697336949108498
0.0013371671186385623
0.0013371671186385623
0.00212262049078414
0.00212262049078414
0.0026743342372771246
0.0026743342372771246
0.005348668474554249
0.005348668474554249
0.00424524098156828
0.00424524098156828
0.01698096392627312
0.01698096392627312
0.00212262049078414
0.00212262049078414
0.00106131024539207
0.00106131024539207
0.0026743342372771246
0.0026743342372771246
0.0016847249999999998
0.0016847249999999998
0.0006685835593192811
0.0006685835593192811
0.0006685835593192811
0.0006685835593192811
0.0026743342372771246
0.0026743342372771246
0.00849048196313656
0.00849048196313656
0.00849048196313656
0.00849048196313656
0.00013266378067400874
0.00013266378067400874
0.00106131024539207
0.00106131024539207
0.03396192785254624
0.03396192785254624
0.00106131024539207
0.00106131024539207
0.0026743342372771246
0.0026743342372771246
0.0016847249999999998
0.0016847249999999998
0.00106131024539207
0.00106131024539207
0.00424524098156828
0.00424524098156828
0.0026743342372771246
0.0026743342372771246
0.00013266378067400874
0.00013266378067400874
0.013477799999999998
0.013477799999999998
0.026955599999999996
0.026955599999999996
0.00424524098156828
0.00424524098156828
0.0033694499999999995
0.0033694499999999995
0.0013371671186385623
0.0013371671186385623
0.005348668474554249
0.005348668474554249
0.00849048196313656
0.00849048196313656
0.010697336949108498
0.010697336949108498
0.0026743342372771246
0.0026743342372771246
0.0006685835593192811
0.0006685835593192811
0.010697336949108498
0.010697336949108498
0.026955599999999996
0.026955599999999996
0.006738899999999999
0.006738899999999999
0.00106131024539207
0.00106131024539207
0.00010529531249999999
0.00010529531249999999
0.0016847249999999998
0.0016847249999999998
0.006738899999999999
0.006738899999999999
0.0008423624999999999
0.0008423624999999999
0.00106131024539207
0.00106131024539207
0.0008423624999999999
0.0008423624999999999
0.00106131024539207
0.00106131024539207
0.00010529531249999999
0.00010529531249999999
0.005348668474554249
0.005348668474554249
0.00042118124999999994
0.00042118124999999994
0.026955599999999996
0.026955599999999996
0.00424524098156828
0.00424524098156828
0.00021059062499999997
0.00021059062499999997
0.0033694499999999995
0.0033694499999999995
0.0026743342372771246
0.0026743342372771246
0.00212262049078414
0.00212262049078414
0.0016847249999999998
0.0016847249999999998
0.0026743342372771246
0.0026743342372771246
0.01698096392627312
0.01698096392627312
0.0026743342372771246
0.0026743342372771246
0.021394673898216997
0.021394673898216997
0.00212262049078414
0.00212262049078414
0.000530655122696035
0.000530655122696035
0.0016847249999999998
0.0016847249999999998
0.00212262049078414
0.00212262049078414
0.00849048196313656
0.00849048196313656
0.0033694499999999995
0.0033694499999999995
0.010697336949108498
0.010697336949108498
0.0002653275613480175
0.0002653275613480175
0.013477799999999998
0.013477799999999998
0.013477799999999998
0.013477799999999998
0.0013371671186385623
0.0013371671186385623
0.0003342917796596406
0.0003342917796596406
0.00042118124999999994
0.00042118124999999994
0.000530655122696035
0.000530655122696035
0.00849048196313656
0.00849048196313656
0.0002653275613480175
0.0002653275613480175
0.000530655122696035
0.000530655122696035
0.0033694499999999995
0.0033694499999999995
0.0001671458898298203
0.0001671458898298203
0.0013371671186385623
0.0013371671186385623
0.00424524098156828
0.00424524098156828
0.0026743342372771246
0.0026743342372771246
0.0026743342372771246
0.0026743342372771246
0.006738899999999999
0.006738899999999999
0.0008423624999999999
0.0008423624999999999
0.0016847249999999998
0.0016847249999999998
0.0033694499999999995
0.0033694499999999995
0.00106131024539207
0.00106131024539207
0.0033694499999999995
0.0033694499999999995
6.633189033700437e-05
6.633189033700437e-05
0.00042118124999999994
0.00042118124999999994
0.0026743342372771246
0.0026743342372771246
0.010697336949108498
0.010697336949108498
0.000530655122696035
0.000530655122696035
0.0016847249999999998
0.0016847249999999998
0.0016847249999999998
0.0016847249999999998
0.00212262049078414
0.00212262049078414
0.00212262049078414
0.00212262049078414
0.005348668474554249
0.005348668474554249
0.010697336949108498
0.010697336949108498
0.00424524098156828
0.00424524098156828
0.0026743342372771246
0.0026743342372771246
0.0003342917796596406
0.0003342917796596406
0.0033694499999999995
0.0033694499999999995
0.0008423624999999999
0.0008423624999999999
0.01698096392627312
0.01698096392627312
0.0013371671186385623
0.0013371671186385623
0.0026743342372771246
0.0026743342372771246
0.000530655122696035
0.000530655122696035
0.0016847249999999998
0.0016847249999999998
0.0033694499999999995
0.0033694499999999995
0.00212262049078414
0.00212262049078414
0.00424524098156828
0.00424524098156828
0.00424524098156828
0.00424524098156828
0.0016847249999999998
0.0016847249999999998
0.0013371671186385623
0.0013371671186385623
0.0006685835593192811
0.0006685835593192811
0.021394673898216997
0.021394673898216997
0.0016847249999999998
0.0016847249999999998
0.00021059062499999997
0.00021059062499999997
0.0016847249999999998
0.0016847249999999998
0.00849048196313656
0.00849048196313656
0.0008423624999999999
0.0008423624999999999
0.0016847249999999998
0.0016847249999999998
0.0008423624999999999
0.0008423624999999999
0.0013371671186385623
0.0013371671186385623
0.006738899999999999
0.006738899999999999
0.00021059062499999997
0.00021059062499999997
0.00212262049078414
0.00212262049078414
0.00212262049078414
0.00212262049078414
0.00106131024539207
0.00106131024539207
0.00212262049078414
0.00212262049078414
0.0006685835593192811
0.0006685835593192811
0.0006685835593192811
0.0006685835593192811
0.0013371671186385623
0.0013371671186385623
0.00212262049078414
0.00212262049078414
0.0008423624999999999
0.0008423624999999999
0.0013371671186385623
0.0013371671186385623
0.0008423624999999999
0.0008423624999999999
0.005348668474554249
0.005348668474554249
0.0001671458898298203
0.0001671458898298203
0.00013266378067400874
0.00013266378067400874
0.026955599999999996
0.026955599999999996
0.0002653275613480175
0.0002653275613480175
0.00212262049078414
0.00212262049078414
0.0026743342372771246
0.0026743342372771246
0.0016847249999999998
0.0016847249999999998
0.0002653275613480175
0.0002653275613480175
0.0016847249999999998
0.0016847249999999998
0.0006685835593192811
0.0006685835593192811
0.010697336949108498
0.010697336949108498
0.000530655122696035
0.000530655122696035
0.0033694499999999995
0.0033694499999999995
0.00424524098156828
0.00424524098156828
0.006738899999999999
0.006738899999999999
0.013477799999999998
0.013477799999999998
0.0008423624999999999
0.0008423624999999999
0.005348668474554249
0.005348668474554249
0.0026743342372771246
0.0026743342372771246
0.006738899999999999
0.006738899999999999
0.0013371671186385623
0.0013371671186385623
0.013477799999999998
0.013477799999999998
0.0026743342372771246
0.0026743342372771246
0.00849048196313656
0.00849048196313656
0.0033694499999999995
0.0033694499999999995
0.0013371671186385623
0.0013371671186385623
0.00013266378067400874
0.00013266378067400874
0.0008423624999999999
0.0008423624999999999
0.0008423624999999999
0.0008423624999999999
0.010697336949108498
0.010697336949108498
0.00424524098156828
0.00424524098156828
0.010697336949108498
0.010697336949108498
0.005348668474554249
0.005348668474554249
6.633189033700437e-05
6.633189033700437e-05
0.013477799999999998
0.013477799999999998
0.00212262049078414
0.00212262049078414
0.0026743342372771246
0.0026743342372771246
0.0026743342372771246
0.0026743342372771246
0.0016847249999999998
0.0016847249999999998
0.00106131024539207
0.00106131024539207
0.00849048196313656
0.00849048196313656
0.00010529531249999999
0.00010529531249999999
0.00849048196313656
0.00849048196313656
0.0033694499999999995
0.0033694499999999995
0.0008423624999999999
0.0008423624999999999
0.00849048196313656
0.00849048196313656
0.0016847249999999998
0.0016847249999999998
0.0006685835593192811
0.0006685835593192811
0.006738899999999999
0.006738899999999999
0.0013371671186385623
0.0013371671186385623
0.006738899999999999
0.006738899999999999
0.000530655122696035
0.000530655122696035
0.006738899999999999
0.006738899999999999
0.0008423624999999999
0.0008423624999999999
0.00212262049078414
0.00212262049078414
0.00021059062499999997
0.00021059062499999997
0.006738899999999999
0.006738899999999999
0.010697336949108498
0.010697336949108498
0.000530655122696035
0.000530655122696035
0.0033694499999999995
0.0033694499999999995
0.0016847249999999998
0.0016847249999999998
0.0013371671186385623
0.0013371671186385623
0.0006685835593192811
0.0006685835593192811
0.00424524098156828
0.00424524098156828
0.0013371671186385623
0.0013371671186385623
0.0008423624999999999
0.0008423624999999999
0.00106131024539207
0.00106131024539207
0.0013371671186385623
0.0013371671186385623
0.026955599999999996
0.026955599999999996
0.0006685835593192811
0.0006685835593192811
0.0033694499999999995
0.0033694499999999995
0.00212262049078414
0.00212262049078414
0.0003342917796596406
0.0003342917796596406
0.0006685835593192811
0.0006685835593192811
0.0033694499999999995
0.0033694499999999995
0.0008423624999999999
0.0008423624999999999
0.00212262049078414
0.00212262049078414
0.01698096392627312
0.01698096392627312
0.0013371671186385623
0.0013371671186385623
0.006738899999999999
0.006738899999999999
0.00212262049078414
0.00212262049078414
0.01698096392627312
0.01698096392627312
0.0026743342372771246
0.0026743342372771246
0.01698096392627312
0.01698096392627312
0.010697336949108498
0.010697336949108498
0.00106131024539207
0.00106131024539207
0.0002653275613480175
0.0002653275613480175
0.0008423624999999999
0.0008423624999999999
0.005348668474554249
0.005348668474554249
0.005348668474554249
0.005348668474554249
0.0033694499999999995
0.0033694499999999995
0.00849048196313656
0.00849048196313656
0.00849048196313656
0.00849048196313656
0.013477799999999998
0.013477799999999998
0.0002653275613480175
0.0002653275613480175
0.006738899999999999
0.006738899999999999
0.00424524098156828
0.00424524098156828
0.010697336949108498
0.010697336949108498
0.005348668474554249
0.005348668474554249
0.0013371671186385623
0.0013371671186385623
0.006738899999999999
0.006738899999999999
0.00021059062499999997
0.00021059062499999997
0.00021059062499999997
0.00021059062499999997
0.005348668474554249
0.005348668474554249
6.633189033700437e-05
6.633189033700437e-05
0.0016847249999999998
0.0016847249999999998
0.0033694499999999995
0.0033694499999999995
0.00424524098156828
0.00424524098156828
0.006738899999999999
0.006738899999999999
0.0006685835593192811
0.0006685835593192811
0.00849048196313656
0.00849048196313656
0.00212262049078414
0.00212262049078414
0.005348668474554249
0.005348668474554249
0.00106131024539207
0.00106131024539207
8.357294491491014e-05
8.357294491491014e-05
0.005348668474554249
0.005348668474554249
5.264765624999999e-05
5.264765624999999e-05
0.0013371671186385623
0.0013371671186385623
0.000530655122696035
0.000530655122696035
0.0008423624999999999
0.0008423624999999999
0.00106131024539207
0.00106131024539207
0.0006685835593192811
0.0006685835593192811
0.013477799999999998
0.013477799999999998
0.00013266378067400874
0.00013266378067400874
0.000530655122696035
0.000530655122696035
0.00849048196313656
0.00849048196313656
0.00021059062499999997
0.00021059062499999997
0.0003342917796596406
0.0003342917796596406
0.0008423624999999999
0.0008423624999999999
0.00106131024539207
0.00106131024539207
0.005348668474554249
0.005348668474554249
0.0008423624999999999
0.0008423624999999999
0.000530655122696035
0.000530655122696035
0.021394673898216997
0.021394673898216997
0.0016847249999999998
0.0016847249999999998
0.0016847249999999998
0.0016847249999999998
0.021394673898216997
0.021394673898216997
5.264765624999999e-05
5.264765624999999e-05
0.005348668474554249
0.005348668474554249
0.005348668474554249
0.005348668474554249
0.013477799999999998
0.013477799999999998
0.00212262049078414
0.00212262049078414
0.013477799999999998
0.013477799999999998
0.0026743342372771246
0.0026743342372771246
0.000530655122696035
0.000530655122696035
0.00106131024539207
0.00106131024539207
0.00424524098156828
0.00424524098156828
0.0016847249999999998
0.0016847249999999998
0.0016847249999999998
0.0016847249999999998
0.0013371671186385623
0.0013371671186385623
0.013477799999999998
0.013477799999999998
0.0008423624999999999
0.0008423624999999999
0.00021059062499999997
0.00021059062499999997
0.00013266378067400874
0.00013266378067400874
0.00212262049078414
0.00212262049078414
0.01698096392627312
0.01698096392627312
0.0013371671186385623
0.0013371671186385623
0.0001671458898298203
0.0001671458898298203
0.0016847249999999998
0.0016847249999999998
0.0016847249999999998
0.0016847249999999998
0.006738899999999999
0.006738899999999999
8.357294491491014e-05
8.357294491491014e-05
0.0013371671186385623
0.0013371671186385623
0.0001671458898298203
0.0001671458898298203
0.00849048196313656
0.00849048196313656
0.00212262049078414
0.00212262049078414
0.0026743342372771246
0.0026743342372771246
0.00424524098156828
0.00424524098156828
0.0016847249999999998
0.0016847249999999998
0.00212262049078414
0.00212262049078414
0.0006685835593192811
0.0006685835593192811
0.0026743342372771246
0.0026743342372771246
0.0026743342372771246
0.0026743342372771246
0.000530655122696035
0.000530655122696035
0.000530655122696035
0.000530655122696035
0.006738899999999999
0.006738899999999999
0.026955599999999996
0.026955599999999996
0.00106131024539207
0.00106131024539207
0.00042118124999999994
0.00042118124999999994
0.0001671458898298203
0.0001671458898298203
0.000530655122696035
0.000530655122696035
0.0001671458898298203
0.0001671458898298203
0.0026743342372771246
0.0026743342372771246
0.0033694499999999995
0.0033694499999999995
0.006738899999999999
0.006738899999999999
0.00424524098156828
0.00424524098156828
0.0033694499999999995
0.0033694499999999995
0.0033694499999999995
0.0033694499999999995
0.0026743342372771246
0.0026743342372771246
0.0013371671186385623
0.0013371671186385623
0.0006685835593192811
0.0006685835593192811
0.010697336949108498
0.010697336949108498
0.005348668474554249
0.005348668474554249
0.013477799999999998
0.013477799999999998
0.0033694499999999995
0.0033694499999999995
0.00849048196313656
0.00849048196313656
0.00106131024539207
0.00106131024539207
0.013477799999999998
0.013477799999999998
0.010697336949108498
0.010697336949108498
0.00010529531249999999
0.00010529531249999999
0.0026743342372771246
0.0026743342372771246
0.000530655122696035
0.000530655122696035
0.005348668474554249
0.005348668474554249
0.00042118124999999994
0.00042118124999999994
0.0013371671186385623
0.0013371671186385623
0.0008423624999999999
0.0008423624999999999
0.010697336949108498
0.010697336949108498
0.00424524098156828
0.00424524098156828
0.00424524098156828
0.00424524098156828
0.0002653275613480175
0.0002653275613480175
0.0016847249999999998
0.0016847249999999998
0.01698096392627312
0.01698096392627312
0.0008423624999999999
0.0008423624999999999
0.0002653275613480175
0.0002653275613480175
0.021394673898216997
0.021394673898216997
0.00010529531249999999
0.00010529531249999999
0.0033694499999999995
0.0033694499999999995
0.0003342917796596406
0.0003342917796596406
0.00849048196313656
0.00849048196313656
0.00021059062499999997
0.00021059062499999997
0.005348668474554249
0.005348668474554249
0.0033694499999999995
0.0033694499999999995
0.0013371671186385623
0.0013371671186385623
0.005348668474554249
0.005348668474554249
0.0016847249999999998
0.0016847249999999998
0.00849048196313656
0.00849048196313656
0.0033694499999999995
0.0033694499999999995
0.00849048196313656
0.00849048196313656
0.0013371671186385623
0.0013371671186385623
0.00424524098156828
0.00424524098156828
0.0001671458898298203
0.0001671458898298203
0.006738899999999999
0.006738899999999999
0.0003342917796596406
0.0003342917796596406
0.00212262049078414
0.00212262049078414
0.005348668474554249
0.005348668474554249
0.006738899999999999
0.006738899999999999
0.026955599999999996
0.026955599999999996
0.00212262049078414
0.00212262049078414
0.0013371671186385623
0.0013371671186385623
0.0033694499999999995
0.0033694499999999995
0.0013371671186385623
0.0013371671186385623
0.00424524098156828
0.00424524098156828
0.00106131024539207
0.00106131024539207
0.00042118124999999994
0.00042118124999999994
0.0016847249999999998
0.0016847249999999998
0.0001671458898298203
0.0001671458898298203
0.005348668474554249
0.005348668474554249
0.0026743342372771246
0.0026743342372771246
0.0013371671186385623
0.0013371671186385623
0.00212262049078414
0.00212262049078414
0.005348668474554249
0.005348668474554249
0.00106131024539207
0.00106131024539207
0.013477799999999998
0.013477799999999998
0.01698096392627312
0.01698096392627312
0.0006685835593192811
0.0006685835593192811
0.00013266378067400874
0.00013266378067400874
0.00106131024539207
0.00106131024539207
0.000530655122696035
0.000530655122696035
0.0033694499999999995
0.0033694499999999995
0.00849048196313656
0.00849048196313656
0.006738899999999999
0.006738899999999999
0.0002653275613480175
0.0002653275613480175
0.0003342917796596406
0.0003342917796596406
0.0026743342372771246
0.0026743342372771246
0.00106131024539207
0.00106131024539207
0.00424524098156828
0.00424524098156828
0.0013371671186385623
0.0013371671186385623
0.00013266378067400874
0.00013266378067400874
0.00849048196313656
0.00849048196313656
0.00042118124999999994
0.00042118124999999994
0.013477799999999998
0.013477799999999998
0.006738899999999999
0.006738899999999999
0.00042118124999999994
0.00042118124999999994
0.0033694499999999995
0.0033694499999999995
0.0013371671186385623
0.0013371671186385623
0.005348668474554249
0.005348668474554249
0.0006685835593192811
0.0006685835593192811
0.006738899999999999
0.006738899999999999
0.005348668474554249
0.005348668474554249
0.0016847249999999998
0.0016847249999999998
0.0013371671186385623
0.0013371671186385623
0.0026743342372771246
0.0026743342372771246
0.00849048196313656
0.00849048196313656
0.00106131024539207
0.00106131024539207
0.0026743342372771246
0.0026743342372771246
0.00106131024539207
0.00106131024539207
0.00424524098156828
0.00424524098156828
0.00042118124999999994
0.00042118124999999994
0.0013371671186385623
0.0013371671186385623
0.010697336949108498
0.010697336949108498
0.000530655122696035
0.000530655122696035
0.00212262049078414
0.00212262049078414
0.0006685835593192811
0.0006685835593192811
0.005348668474554249
0.005348668474554249
0.005348668474554249
0.005348668474554249
0.0008423624999999999
0.0008423624999999999
0.0033694499999999995
0.0033694499999999995
0.0006685835593192811
0.0006685835593192811
0.010697336949108498
0.010697336949108498
0.0026743342372771246
0.0026743342372771246
0.005348668474554249
0.005348668474554249
0.0008423624999999999
0.0008423624999999999
0.000530655122696035
0.000530655122696035
0.00424524098156828
0.00424524098156828
0.0016847249999999998
0.0016847249999999998
0.00212262049078414
0.00212262049078414
0.00021059062499999997
0.00021059062499999997
0.00212262049078414
0.00212262049078414
0.021394673898216997
0.021394673898216997
0.0006685835593192811
0.0006685835593192811
0.00212262049078414
0.00212262049078414
0.000530655122696035
0.000530655122696035
0.0033694499999999995
0.0033694499999999995
0.010697336949108498
0.010697336949108498
0.0033694499999999995
0.0033694499999999995
0.00042118124999999994
0.00042118124999999994
0.0013371671186385623
0.0013371671186385623
0.0016847249999999998
0.0016847249999999998
0.0006685835593192811
0.0006685835593192811
0.013477799999999998
0.013477799999999998
0.0008423624999999999
0.0008423624999999999
0.00212262049078414
0.00212262049078414
0.00424524098156828
0.00424524098156828
6.633189033700437e-05
6.633189033700437e-05
0.0033694499999999995
0.0033694499999999995
0.0006685835593192811
0.0006685835593192811
0.013477799999999998
0.013477799999999998
0.0026743342372771246
0.0026743342372771246
0.00212262049078414
0.00212262049078414
0.000530655122696035
0.000530655122696035
0.0008423624999999999
0.0008423624999999999
0.0016847249999999998
0.0016847249999999998
0.00042118124999999994
0.00042118124999999994
0.01698096392627312
0.01698096392627312
0.00021059062499999997
0.00021059062499999997
0.0013371671186385623
0.0013371671186385623
0.00424524098156828
0.00424524098156828
0.00424524098156828
0.00424524098156828
0.00212262049078414
0.00212262049078414
0.006738899999999999
0.006738899999999999
0.000530655122696035
0.000530655122696035
0.013477799999999998
0.013477799999999998
0.00212262049078414
0.00212262049078414
0.0033694499999999995
0.0033694499999999995
0.0013371671186385623
0.0013371671186385623
0.0002653275613480175
0.0002653275613480175
0.006738899999999999
0.006738899999999999
0.013477799999999998
0.013477799999999998
0.00849048196313656
0.00849048196313656
0.00212262049078414
0.00212262049078414
0.006738899999999999
0.006738899999999999
0.00106131024539207
0.00106131024539207
0.00212262049078414
0.00212262049078414
0.0033694499999999995
0.0033694499999999995
0.0001671458898298203
0.0001671458898298203
0.0026743342372771246
0.0026743342372771246
0.0002653275613480175
0.0002653275613480175
0.000530655122696035
0.000530655122696035
0.000530655122696035
0.000530655122696035
0.00106131024539207
0.00106131024539207
0.0026743342372771246
0.0026743342372771246
0.00042118124999999994
0.00042118124999999994
0.0008423624999999999
0.0008423624999999999
0.010697336949108498
0.010697336949108498
0.0016847249999999998
0.0016847249999999998
0.00013266378067400874
0.00013266378067400874
0.00212262049078414
0.00212262049078414
0.0016847249999999998
0.0016847249999999998
0.0006685835593192811
0.0006685835593192811
0.0008423624999999999
0.0008423624999999999
0.0006685835593192811
0.0006685835593192811
0.00212262049078414
0.00212262049078414
0.00106131024539207
0.00106131024539207
0.0016847249999999998
0.0016847249999999998
0.00212262049078414
0.00212262049078414
0.013477799999999998
0.013477799999999998
0.0003342917796596406
0.0003342917796596406
0.0006685835593192811
0.0006685835593192811
0.005348668474554249
0.005348668474554249
0.00212262049078414
0.00212262049078414
0.0033694499999999995
0.0033694499999999995
0.000530655122696035
0.000530655122696035
0.00106131024539207
0.00106131024539207
0.021394673898216997
0.021394673898216997
0.005348668474554249
0.005348668474554249
0.00106131024539207
0.00106131024539207
0.00849048196313656
0.00849048196313656
0.00042118124999999994
0.00042118124999999994
0.006738899999999999
0.006738899999999999
0.005348668474554249
0.005348668474554249
0.0033694499999999995
0.0033694499999999995
0.005348668474554249
0.005348668474554249
0.00212262049078414
0.00212262049078414
0.005348668474554249
0.005348668474554249
0.0016847249999999998
0.0016847249999999998
0.0016847249999999998
0.0016847249999999998
0.00106131024539207
0.00106131024539207
0.0008423624999999999
0.0008423624999999999
0.00021059062499999997
0.00021059062499999997
5.264765624999999e-05
5.264765624999999e-05
0.0026743342372771246
0.0026743342372771246
0.0033694499999999995
0.0033694499999999995
0.00424524098156828
0.00424524098156828
0.010697336949108498
0.010697336949108498
0.00424524098156828
0.00424524098156828
0.0008423624999999999
0.0008423624999999999
0.01698096392627312
0.01698096392627312
0.00424524098156828
0.00424524098156828
0.00010529531249999999
0.00010529531249999999
0.0006685835593192811
0.0006685835593192811
0.0008423624999999999
0.0008423624999999999
0.0026743342372771246
0.0026743342372771246
0.005348668474554249
0.005348668474554249
0.0033694499999999995
0.0033694499999999995
0.0026743342372771246
0.0026743342372771246
0.0013371671186385623
0.0013371671186385623
0.000530655122696035
0.000530655122696035
0.010697336949108498
0.010697336949108498
0.00849048196313656
0.00849048196313656
0.0033694499999999995
0.0033694499999999995
0.00106131024539207
0.00106131024539207
0.00042118124999999994
0.00042118124999999994
0.0008423624999999999
0.0008423624999999999
0.013477799999999998
0.013477799999999998
0.00042118124999999994
0.00042118124999999994
0.0016847249999999998
0.0016847249999999998
0.0033694499999999995
0.0033694499999999995
0.0013371671186385623
0.0013371671186385623
0.005348668474554249
0.005348668474554249
0.00424524098156828
0.00424524098156828
0.0026743342372771246
0.0026743342372771246
0.0026743342372771246
0.0026743342372771246
0.0033694499999999995
0.0033694499999999995
0.0013371671186385623
0.0013371671186385623
0.00106131024539207
0.00106131024539207
0.00042118124999999994
0.00042118124999999994
0.0003342917796596406
0.0003342917796596406
0.010697336949108498
0.010697336949108498
0.0002653275613480175
0.0002653275613480175
0.0006685835593192811
0.0006685835593192811
0.01698096392627312
0.01698096392627312
0.0006685835593192811
0.0006685835593192811
0.0033694499999999995
0.0033694499999999995
0.006738899999999999
0.006738899999999999
0.0008423624999999999
0.0008423624999999999
0.00106131024539207
0.00106131024539207
0.0003342917796596406
0.0003342917796596406
0.006738899999999999
0.006738899999999999
0.0003342917796596406
0.0003342917796596406
8.357294491491014e-05
8.357294491491014e-05
0.0008423624999999999
0.0008423624999999999
6.633189033700437e-05
6.633189033700437e-05
0.0016847249999999998
0.0016847249999999998
0.0006685835593192811
0.0006685835593192811
0.00042118124999999994
0.00042118124999999994
0.0002653275613480175
0.0002653275613480175
0.00106131024539207
0.00106131024539207
0.006738899999999999
0.006738899999999999
0.006738899999999999
0.006738899999999999
0.00849048196313656
0.00849048196313656
0.0003342917796596406
0.0003342917796596406
0.00424524098156828
0.00424524098156828
0.00106131024539207
0.00106131024539207
0.0033694499999999995
0.0033694499999999995
0.0016847249999999998
0.0016847249999999998
0.00106131024539207
0.00106131024539207
0.00424524098156828
0.00424524098156828
0.0016847249999999998
0.0016847249999999998
0.006738899999999999
0.006738899999999999
0.00106131024539207
0.00106131024539207
0.00424524098156828
0.00424524098156828
0.00042118124999999994
0.00042118124999999994
0.006738899999999999
0.006738899999999999
0.0016847249999999998
0.0016847249999999998
0.0016847249999999998
0.0016847249999999998
0.0001671458898298203
0.0001671458898298203
0.0013371671186385623
0.0013371671186385623
0.00849048196313656
0.00849048196313656
0.000530655122696035
0.000530655122696035
0.00424524098156828
0.00424524098156828
0.00849048196313656
0.00849048196313656
0.0002653275613480175
0.0002653275613480175
0.0008423624999999999
0.0008423624999999999
0.006738899999999999
0.006738899999999999
0.0002653275613480175
0.0002653275613480175
0.000530655122696035
0.000530655122696035
0.0013371671186385623
0.0013371671186385623
0.0013371671186385623
0.0013371671186385623
0.0016847249999999998
0.0016847249999999998
0.0003342917796596406
0.0003342917796596406
0.00424524098156828
0.00424524098156828
0.0006685835593192811
0.0006685835593192811
0.00010529531249999999
0.00010529531249999999
0.0013371671186385623
0.0013371671186385623
0.021394673898216997
0.021394673898216997
0.00013266378067400874
0.00013266378067400874
0.0008423624999999999
0.0008423624999999999
8.357294491491014e-05
8.357294491491014e-05
0.00021059062499999997
0.00021059062499999997
0.00106131024539207
0.00106131024539207
0.0008423624999999999
0.0008423624999999999
0.0002653275613480175
0.0002653275613480175
0.0026743342372771246
0.0026743342372771246
0.0013371671186385623
0.0013371671186385623
0.0003342917796596406
0.0003342917796596406
0.00212262049078414
0.00212262049078414
0.006738899999999999
0.006738899999999999
0.0013371671186385623
0.0013371671186385623
0.0006685835593192811
0.0006685835593192811
0.00849048196313656
0.00849048196313656
0.013477799999999998
0.013477799999999998
8.357294491491014e-05
8.357294491491014e-05
0.00212262049078414
0.00212262049078414
0.005348668474554249
0.005348668474554249
0.013477799999999998
0.013477799999999998
0.0006685835593192811
0.0006685835593192811
0.0008423624999999999
0.0008423624999999999
0.010697336949108498
0.010697336949108498
0.00010529531249999999
0.00010529531249999999
0.0033694499999999995
0.0033694499999999995
0.00042118124999999994
0.00042118124999999994
0.006738899999999999
0.006738899999999999
0.006738899999999999
0.006738899999999999
0.021394673898216997
0.021394673898216997
0.00424524098156828
0.00424524098156828
0.0013371671186385623
0.0013371671186385623
0.0006685835593192811
0.0006685835593192811
0.0026743342372771246
0.0026743342372771246
0.0001671458898298203
0.0001671458898298203
0.005348668474554249
0.005348668474554249
0.013477799999999998
0.013477799999999998
0.00212262049078414
0.00212262049078414
0.0003342917796596406
0.0003342917796596406
0.00424524098156828
0.00424524098156828
0.0001671458898298203
0.0001671458898298203
0.006738899999999999
0.006738899999999999
0.0026743342372771246
0.0026743342372771246
0.0008423624999999999
0.0008423624999999999
6.633189033700437e-05
6.633189033700437e-05
0.00013266378067400874
0.00013266378067400874
0.006738899999999999
0.006738899999999999
0.0003342917796596406
0.0003342917796596406
0.00849048196313656
0.00849048196313656
0.00212262049078414
0.00212262049078414
0.00042118124999999994
0.00042118124999999994
0.005348668474554249
0.005348668474554249
0.00042118124999999994
0.00042118124999999994
8.357294491491014e-05
8.357294491491014e-05
0.0016847249999999998
0.0016847249999999998
0.0033694499999999995
0.0033694499999999995
POINT_DATA 1626
SCALARS boundary_id int 1
LOOKUP_TABLE default
0
25555
25555
25555
25555
25555
25555
25555
25555
25555
25555
25555
25555
25555
25555
25555
25555
25555
25555
25555
25555
25555
25555
25555
25555
25555
25555
25555
25555
25555
25555
25555
25555
25555
25555
25555
25555
25555
25555
25555
25555
25555
25555
25555
25555
25555
25555
25555
25555
25555
25555
25555
25555
25555
25555
25555
25555
25555
25555
25555
25555
25555
25555
25555
25555
25555
25555
25555
25555
25555
25555
25555
25555
25555
25555
1
25555
25555
25555
25555
25555
25555
25555
25555
25555
25555
25555
25555
25555
2
25555
3
25555
25555
25555
25555
25555
25555
25555
25555
25555
25555
25555
25555
25555
25555
25555
25555
25555
25555
25555
25555
25555
25555
25555
4
25555
25555
25555
25555
25555
25555
25555
5
25555
25555
25555
25555
25555
25555
25555
25555
25555
25555
25555
25555
25555
25555
25555
25555
25555
25555
25555
25555
25555
25555
25555
25555
25555
25555
25555
25555
25555
25555
25555
25555
25555
25555
25555
6
25555
7
25555
25555
25555
8
25555
9
25555
25555
25555
25555
10
25555
25555
25555
25555
25555
25555
25555
25555
25555
25555
25555
25555
25555
25555
25555
25555
25555
25555
25555
25555
25555
25555
25555
11
25555
12
13
25555
25555
25555
25555
25555
25555
25555
25555
25555
14
25555
25555
25555
25555
25555
25555
15
16
25555
25555
25555
25555
25555
17
25555
25555
25555
18
25555
25555
19
20
25555
21
25555
25555
25555
22
25555
23
25555
25555
25555
25555
25555
25555
25555
25555
25555
25555
25555
25555
25555
25555
25555
25555
25555
25555
25555
25555
25555
25555
25555
25555
24
25555
25
26
25555
25555
25555
27
25555
25555
25555
25555
28
29
30
25555
25555
25555
25555
25555
25555
31
25555
32
25555
25555
25555
25555
25555
25555
25555
33
25555
25555
25555
25555
25555
34
25555
25555
25555
25555
25555
35
25555
36
25555
25555
37
38
25555
25555
25555
25555
25555
39
40
25555
25555
41
42
25555
25555
25555
43
25555
25555
25555
25555
25555
44
25555
25555
25555
25555
25555
25555
25555
25555
45
25555
25555
25555
46
25555
25555
25555
47
48
49
50
51
25555
25555
25555
25555
25555
25555
25555
25555
25555
25555
25555
52
25555
53
54
55
25555
25555
56
25555
25555
57
25555
25555
58
25555
25555
25555
25555
25555
59
60
25555
25555
25555
61
62
63
25555
25555
25555
64
25555
25555
25555
65
25555
25555
25555
66
25555
67
25555
68
25555
25555
25555
25555
25555
69
70
71
25555
25555
72
25555
25555
73
25555
74
25555
75
25555
25555
25555
25555
25555
25555
25555
76
25555
25555
25555
77
25555
25555
25555
78
25555
79
25555
80
25555
81
25555
25555
25555
82
25555
25555
25555
25555
83
84
25555
85
25555
25555
25555
25555
25555
25555
86
87
88
25555
25555
25555
25555
89
25555
90
25555
25555
25555
25555
25555
25555
91
92
93
94
25555
25555
95
96
25555
25555
97
25555
25555
25555
25555
98
25555
25555
99
100
25555
101
25555
102
25555
103
25555
25555
25555
104
25555
25555
25555
105
25555
106
25555
107
25555
108
25555
109
25555
25555
25555
110
25555
25555
25555
111
25555
112
25555
25555
25555
25555
25555
25555
25555
25555
25555
113
25555
114
25555
25555
25555
115
25555
116
25555
25555
25555
117
25555
118
25555
119
25555
120
25555
25555
25555
121
25555
122
123
124
125
126
25555
127
25555
25555
25555
128
129
130
25555
131
25555
132
25555
133
25555
134
25555
25555
25555
135
25555
136
25555
137
25555
25555
25555
138
139
140
141
142
143
144
145
146
25555
147
25555
25555
25555
25555
25555
25555
148
149
150
151
152
153
154
155
25555
156
25555
25555
157
158
25555
159
160
161
25555
162
25555
25555
163
164
165
166
167
168
25555
169
25555
25555
25555
170
25555
171
25555
172
25555
173
174
175
25555
25555
25555
25555
25555
176
177
178
25555
179
180
181
25555
182
25555
183
25555
184
25555
185
25555
25555
25555
25555
25555
186
25555
187
25555
188
25555
189
25555
25555
25555
25555
190
191
25555
192
193
194
25555
195
196
197
25555
25555
25555
25555
25555
198
199
200
25555
201
25555
25555
25555
25555
25555
25555
25555
202
25555
203
25555
204
205
206
25555
25555
25555
25555
207
25555
208
209
210
211
25555
212
25555
213
25555
25555
25555
214
215
216
217
218
219
220
25555
221
25555
222
223
224
25555
225
25555
226
25555
25555
25555
227
228
229
230
231
232
233
25555
234
25555
25555
235
236
25555
237
25555
238
25555
239
25555
25555
25555
240
241
242
25555
25555
25555
243
25555
244
25555
245
246
247
25555
248
25555
249
25555
250
25555
25555
25555
251
25555
252
253
254
25555
255
256
257
25555
258
259
260
25555
261
25555
262
25555
25555
25555
263
25555
264
25555
265
266
267
268
269
25555
270
25555
271
25555
272
273
274
275
276
25555
277
25555
278
25555
25555
25555
25555
25555
279
25555
280
25555
281
25555
282
283
284
285
286
25555
25555
25555
287
25555
288
25555
289
25555
290
291
292
293
294
25555
295
296
297
298
299
25555
300
25555
301
25555
25555
25555
302
25555
303
25555
25555
304
305
25555
306
307
308
25555
309
310
311
25555
312
313
314
315
316
25555
317
25555
318
25555
319
320
321
25555
322
323
324
325
326
25555
327
25555
25555
25555
328
25555
329
25555
330
25555
331
25555
332
25555
25555
25555
333
25555
25555
334
335
336
337
25555
338
25555
339
340
341
25555
342
25555
343
25555
344
25555
345
25555
346
25555
25555
25555
347
25555
348
25555
349
25555
350
351
352
25555
353
354
355
356
357
358
359
360
361
25555
362
363
364
25555
365
366
367
25555
368
369
370
25555
371
25555
372
373
374
25555
375
376
377
378
379
25555
380
381
25555
25555
382
25555
383
25555
384
25555
25555
25555
385
25555
386
25555
387
25555
388
389
25555
390
391
25555
392
25555
393
25555
394
395
396
25555
397
398
399
25555
400
401
402
403
404
25555
405
25555
406
407
408
409
410
411
412
25555
413
25555
414
25555
415
416
417
25555
418
25555
419
25555
420
25555
421
422
423
424
425
25555
25555
25555
426
25555
427
428
429
430
431
432
433
25555
434
25555
25555
435
436
25555
437
25555
438
25555
439
440
441
442
25555
25555
443
25555
444
445
446
447
448
25555
449
25555
450
451
25555
452
453
454
455
25555
456
25555
457
25555
25555
25555
458
459
460
461
462
25555
463
25555
464
465
466
467
468
469
470
471
472
25555
25555
473
474
25555
475
476
477
25555
478
479
480
481
482
25555
483
484
485
25555
486
487
488
25555
489
490
491
492
493
494
495
25555
496
25555
497
498
499
25555
500
25555
501
25555
502
25555
503
25555
504
25555
505
25555
25555
25555
506
507
508
25555
509
25555
510
25555
511
25555
512
25555
25555
513
25555
25555
514
25555
515
516
517
518
519
25555
520
521
522
25555
523
25555
524
525
526
25555
527
25555
528
529
530
25555
531
532
533
534
535
536
537
25555
538
539
540
25555
541
542
543
544
545
546
547
25555
548
25555
549
550
551
25555
552
25555
553
25555
554
555
556
25555
25555
25555
557
558
559
25555
560
25555
561
25555
562
563
564
25555
565
25555
25555
566
567
25555
25555
568
569
570
571
25555
572
25555
573
574
575
25555
576
25555
577
25555
578
25555
579
580
581
582
583
584
585
25555
25555
586
587
25555
588
589
590
591
592
25555
593
594
595
25555
596
597
598
25555
599
600
601
602
603
25555
604
25555
605
25555
606
25555
607
25555
608
609
610
611
612
25555
613
25555
614
615
616
25555
617
618
619
25555
620
621
622
25555
623
25555
624
625
626
627
628
629
630
631
632
25555
633
25555
25555
25555
634
635
636
637
638
25555
639
25555
640
641
642
25555
643
25555
644
25555
25555
25555
645
646
647
648
649
25555
650
25555
651
652
653
654
655
656
657
658
659
25555
660
661
662
663
664
25555
665
25555
666
25555
667
668
669
670
671
25555
672
25555
673
25555
674
675
676
677
678
679
680
25555
681
25555
682
683
684
685
686
25555
687
688
689
690
691
25555
692
25555
693
25555
694
695
696
697
698
25555
699
25555
700
701
702
25555
703
25555
704
25555
25555
705
706
707
708
25555
709
710
711
712
713
714
715
25555
716
717
718
25555
719
25555
720
721
722
723
724
725
726
727
728
729
730
731
732
25555
733
734
735
736
737
25555
738
739
740
741
742
743
744
745
746
747
748
749
750
25555
751
752
753
25555
754
755
756
757
758
25555
759
25555
760
761
762
763
764
765
766
767
768
769
770
25555
771
772
773
774
775
776
777
778
779
780
781
25555
782
783
784
25555
785
25555
786
25555
787
25555
788
25555
789
790
791
792
793
794
795
25555
796
797
798
799
800
801
802
803
804
805
806
807
808
25555
809
810
811
812
813
SCALARS R1 double 1
LOOKUP_TABLE default
0.0
0.0
0.0
0.0
0.0
0.0
0.0
0.0
0.0
0.0
0.0
0.0
0.0
0.0
0.0
0.0
0.0
0.0
0.0
0.0
0.0
0.0
0.0
0.0
0.0
0.0
0.0
0.0
0.0
0.0
0.0
0.0
0.0
0.0
0.0
0.0
0.0
0.0
0.0
0.0
0.0
0.0
0.0
0.0
0.0
0.0
0.0
0.0
0.0
0.0
0.0
0.0
0.0
0.0
0.0
0.0
0.0
0.0
0.0
0.0
0.0
0.0
0.0
0.0
0.0
0.0
0.0
0.0
0.0
0.0
0.0
0.0
0.0
0.0
0.0
0.0
0.0
0.0
0.0
0.0
0.0
0.0
0.0
0.0
0.0
0.0
0.0
0.0
0.0
0.0
0.0
0.0
0.0
0.0
0.0
0.0
0.0
0.0
0.0
0.0
0.0
0.0
0.0
0.0
0.0
0.0
0.0
0.0
0.0
0.0
0.0
0.0
0.0
0.0
0.0
0.0
0.0
0.0
0.0
0.0
0.0
0.0
0.0
0.0
0.0
0.0
0.0
0.0
0.0
0.0
0.0
0.0
0.0
0.0
0.0
0.0
0.0
0.0
0.0
0.0
0.0
0.0
0.0
0.0
0.0
0.0
0.0
0.0
0.0
0.0
0.0
0.0
0.0
0.0
0.0
0.0
0.0
0.0
0.0
0.0
0.0
0.0
0.0
0.0
0.0
0.0
0.0
0.0
0.0
0.0
0.0
0.0
0.0
0.0
0.0
0.0
0.0
0.0
0.0
0.0
0.0
0.0
0.0
0.0
0.0
0.0
0.0
0.0
0.0
0.0
0.0
0.0
0.0
0.0
0.0
0.0
0.0
0.0
0.0
0.0
0.0
0.0
0.0
0.0
0.0
0.0
0.0
0.0
0.0
0.0
0.0
0.0
0.0
0.0
0.0
0.0
0.0
0.0
0.0
0.0
0.0
0.0
0.0
0.0
0.0
0.0
0.0
0.0
0.0
0.0
0.0
0.0
0.0
0.0
0.0
0.0
0.0
0.0
0.0
0.0
0.0
0.0
0.0
0.0
0.0
0.0
0.0
0.0
0.0
0.0
0.0
0.0
0.0
0.0
0.0
0.0
0.0
0.0
0.0
0.0
0.0
0.0
0.0
0.0
0.0
0.0
0.0
0.0
0.0
0.0
0.0
0.0
0.0
0.0
0.0
0.0
0.0
0.0
0.0
0.0
0.0
0.0
0.0
0.0
0.0
0.0
0.0
0.0
0.0
0.0
0.0
0.0
0.0
0.0
0.0
0.0
0.0
0.0
0.0
0.0
0.0
0.0
0.0
0.0
0.0
0.0
0.0
0.0
0.0
0.0
0.0
0.0
0.0
0.0
0.0
0.0
0.0
0.0
0.0
0.0
0.0
0.0
0.0
0.0
0.0
0.0
0.0
0.0
0.0
0.0
0.0
0.0
0.0
0.0
0.0
0.0
0.0
0.0
0.0
0.0
0.0
0.0
0.0
0.0
0.0
0.0
0.0
0.0
0.0
0.0
0.0
0.0
0.0
0.0
0.0
0.0
0.0
0.0
0.0
0.0
0.0
0.0
0.0
0.0
0.0
0.0
0.0
0.0
0.0
0.0
0.0
0.0
0.0
0.0
0.0
0.0
0.0
0.0
0.0
0.0
0.0
0.0
0.0
0.0
0.0
0.0
0.0
0.0
0.0
0.0
0.0
0.0
0.0
0.0
0.0
0.0
0.0
0.0
0.0
0.0
0.0
0.0
0.0
0.0
0.0
0.0
0.0
0.0
0.0
0.0
0.0
0.0
0.0
0.0
0.0
0.0
0.0
0.0
0.0
0.0
0.0
0.0
0.0
0.0
0.0
0.0
0.0
0.0
0.0
0.0
0.0
0.0
0.0
0.0
0.0
0.0
0.0
0.0
0.0
0.0
0.0
0.0
0.0
0.0
0.0
0.0
0.0
0.0
0.0
0.0
0.0
0.0
0.0
0.0
0.0
0.0
0.0
0.0
0.0
0.0
0.0
0.0
0.0
0.0
0.0
0.0
0.0
0.0
0.0
0.0
0.0
0.0
0.0
0.0
0.0
0.0
0.0
0.0
0.0
0.0
0.0
0.0
0.0
0.0
0.0
0.0
0.0
0.0
0.0
0.0
0.0
0.0
0.0
0.0
0.0
0.0
0.0
0.0
0.0
0.0
0.0
0.0
0.0
0.0
0.0
0.0
0.0
0.0
0.0
0.0
0.0
0.0
0.0
0.0
0.0
0.0
0.0
0.0
0.0
0.0
0.0
0.0
0.0
0.0
0.0
0.0
0.0
0.0
0.0
0.0
0.0
0.0
0.0
0.0
0.0
0.0
0.0
0.0
0.0
0.0
0.0
0.0
0.0
0.0
0.0
0.0
0.0
0.0
0.0
0.0
0.0
0.0
0.0
0.0
0.0
0.0
0.0
0.0
0.0
0.0
0.0
0.0
0.0
0.0
0.0
0.0
0.0
0.0
0.0
0.0
0.0
0.0
0.0
0.0
0.0
0.0
0.0
0.0
0.0
0.0
0.0
0.0
0.0
0.0
0.0
0.0
0.0
0.0
0.0
0.0
0.0
0.0
0.0
0.0
0.0
0.0
0.0
0.0
0.0
0.0
0.0
0.0
0.0
0.0
0.0
0.0
0.0
0.0
0.0
0.0
0.0
0.0
0.0
0.0
0.0
0.0
0.0
0.0
0.0
0.0
0.0
0.0
0.0
0.0
0.0
0.0
0.0
0.0
0.0
0.0
0.0
0.0
0.0
0.0
0.0
0.0
0.0
0.0
0.0
0.0
0.0
0.0
0.0
0.0
0.0
0.0
0.0
0.0
0.0
0.0
0.0
0.0
0.0
0.0
0.0
0.0
0.0
0.0
0.0
0.0
0.0
0.0
0.0
0.0
0.0
0.0
0.0
0.0
0.0
0.0
0.0
0.0
0.0
0.0
0.0
0.0
0.0
0.0
0.0
0.0
0.0
0.0
0.0
0.0
0.0
0.0
0.0
0.0
0.0
0.0
0.0
0.0
0.0
0.0
0.0
0.0
0.0
0.0
0.0
0.0
0.0
0.0
0.0
0.0
0.0
0.0
0.0
0.0
0.0
0.0
0.0
0.0
0.0
0.0
0.0
0.0
0.0
0.0
0.0
0.0
0.0
0.0
0.0
0.0
0.0
0.0
0.0
0.0
0.0
0.0
0.0
0.0
0.0
0.0
0.0
0.0
0.0
0.0
0.0
0.0
0.0
0.0
0.0
0.0
0.0
0.0
0.0
0.0
0.0
0.0
0.0
0.0
0.0
0.0
0.0
0.0
0.0
0.0
0.0
0.0
0.0
0.0
0.0
0.0
0.0
0.0
0.0
0.0
0.0
0.0
0.0
0.0
0.0
0.0
0.0
0.0
0.0
0.0
0.0
0.0
0.0
0.0
0.0
0.0
0.0
0.0
0.0
0.0
0.0
0.0
0.0
0.0
0.0
0.0
0.0
0.0
0.0
0.0
0.0
0.0
0.0
0.0
0.0
0.0
0.0
0.0
0.0
0.0
0.0
0.0
0.0
0.0
0.0
0.0
0.0
0.0
0.0
0.0
0.0
0.0
0.0
0.0
0.0
0.0
0.0
0.0
0.0
0.0
0.0
0.0
0.0
0.0
0.0
0.0
0.0
0.0
0.0
0.0
0.0
0.0
0.0
0.0
0.0
0.0
0.0
0.0
0.0
0.0
0.0
0.0
0.0
0.0
0.0
0.0
0.0
0.0
0.0
0.0
0.0
0.0
0.0
0.0
0.0
0.0
0.0
0.0
0.0
0.0
0.0
0.0
0.0
0.0
0.0
0.0
0.0
0.0
0.0
0.0
0.0
0.0
0.0
0.0
0.0
0.0
0.0
0.0
0.0
0.0
0.0
0.0
0.0
0.0
0.0
0.0
0.0
0.0
0.0
0.0
0.0
0.0
0.0
0.0
0.0
0.0
0.0
0.0
0.0
0.0
0.0
0.0
0.0
0.0
0.0
0.0
0.0
0.0
0.0
0.0
0.0
0.0
0.0
0.0
0.0
0.0
0.0
0.0
0.0
0.0
0.0
0.0
0.0
0.0
0.0
0.0
0.0
0.0
0.0
0.0
0.0
0.0
0.0
0.0
0.0
0.0
0.0
0.0
0.0
0.0
0.0
0.0
0.0
0.0
0.0
0.0
0.0
0.0
0.0
0.0
0.0
0.0
0.0
0.0
0.0
0.0
0.0
0.0
0.0
0.0
0.0
0.0
0.0
0.0
0.0
0.0
0.0
0.0
0.0
0.0
0.0
0.0
0.0
0.0
0.0
0.0
0.0
0.0
0.0
0.0
0.0
0.0
0.0
0.0
0.0
0.0
0.0
0.0
0.0
0.0
0.0
0.0
0.0
0.0
0.0
0.0
0.0
0.0
0.0
0.0
0.0
0.0
0.0
0.0
0.0
0.0
0.0
0.0
0.0
0.0
0.0
0.0
0.0
0.0
0.0
0.0
0.0
0.0
0.0
0.0
0.0
0.0
0.0
0.0
0.0
0.0
0.0
0.0
0.0
0.0
0.0
0.0
0.0
0.0
0.0
0.0
0.0
0.0
0.0
0.0
0.0
0.0
0.0
0.0
0.0
0.0
0.0
0.0
0.0
0.0
0.0
0.0
0.0
0.0
0.0
0.0
0.0
0.0
0.0
0.0
0.0
0.0
0.0
0.0
0.0
0.0
0.0
0.0
0.0
0.0
0.0
0.0
0.0
0.0
0.0
0.0
0.0
0.0
0.0
0.0
0.0
0.0
0.0
0.0
0.0
0.0
0.0
0.0
0.0
0.0
0.0
0.0
0.0
0.0
0.0
0.0
0.0
0.0
0.0
0.0
0.0
0.0
0.0
0.0
0.0
0.0
0.0
0.0
0.0
0.0
0.0
0.0
0.0
0.0
0.0
0.0
0.0
0.0
0.0
0.0
0.0
0.0
0.0
0.0
0.0
0.0
0.0
0.0
0.0
0.0
0.0
0.0
0.0
0.0
0.0
0.0
0.0
0.0
0.0
0.0
0.0
0.0
0.0
0.0
0.0
0.0
0.0
0.0
0.0
0.0
0.0
0.0
0.0
0.0
0.0
0.0
0.0
0.0
0.0
0.0
0.0
0.0
0.0
0.0
0.0
0.0
0.0
0.0
0.0
0.0
0.0
0.0
0.0
0.0
0.0
0.0
0.0
0.0
0.0
0.0
0.0
0.0
0.0
0.0
0.0
0.0
0.0
0.0
0.0
0.0
0.0
0.0
0.0
0.0
0.0
0.0
0.0
0.0
0.0
0.0
0.0
0.0
0.0
0.0
0.0
0.0
0.0
0.0
0.0
0.0
0.0
0.0
0.0
0.0
0.0
0.0
0.0
0.0
0.0
0.0
0.0
0.0
0.0
0.0
0.0
0.0
0.0
0.0
0.0
0.0
0.0
0.0
0.0
0.0
0.0
0.0
0.0
0.0
0.0
0.0
0.0
0.0
0.0
0.0
0.0
0.0
0.0
0.0
0.0
0.0
0.0
0.0
0.0
0.0
0.0
0.0
0.0
0.0
0.0
0.0
0.0
0.0
0.0
0.0
0.0
0.0
0.0
0.0
0.0
0.0
0.0
0.0
0.0
0.0
0.0
0.0
0.0
0.0
0.0
0.0
0.0
0.0
0.0
0.0
0.0
0.0
0.0
0.0
0.0
0.0
0.0
0.0
0.0
0.0
0.0
0.0
0.0
0.0
0.0
0.0
0.0
0.0
0.0
0.0
0.0
0.0
0.0
0.0
0.0
0.0
0.0
0.0
0.0
0.0
0.0
0.0
0.0
0.0
0.0
0.0
0.0
0.0
0.0
0.0
0.0
0.0
0.0
0.0
0.0
0.0
0.0
0.0
0.0
0.0
0.0
0.0
0.0
0.0
0.0
0.0
0.0
0.0
0.0
0.0
0.0
0.0
0.0
0.0
0.0
0.0
0.0
0.0
0.0
0.0
0.0
0.0
0.0
0.0
0.0
0.0
0.0
0.0
0.0
0.0
0.0
0.0
0.0
0.0
0.0
0.0
0.0
0.0
0.0
0.0
0.0
0.0
0.0
0.0
0.0
0.0
0.0
0.0
0.0
0.0
0.0
0.0
0.0
0.0
0.0
0.0
0.0
0.0
0.0
0.0
0.0
0.0
0.0
0.0
0.0
0.0
0.0
0.0
0.0
0.0
0.0
0.0
0.0
0.0
0.0
0.0
0.0
0.0
0.0
0.0
0.0
0.0
0.0
0.0
0.0
0.0
0.0
0.0
0.0
0.0
0.0
0.0
0.0
0.0
0.0
0.0
0.0
0.0
0.0
0.0
0.0
0.0
0.0
0.0
0.0
0.0
0.0
0.0
0.0
0.0
0.0
0.0
0.0
0.0
0.0
0.0
0.0
0.0
0.0
0.0
0.0
0.0
0.0
0.0
0.0
0.0
0.0
0.0
0.0
0.0
0.0
0.0
0.0
0.0
0.0
0.0
0.0
0.0
0.0
0.0
0.0
0.0
0.0
0.0
0.0
0.0
0.0
0.0
0.0
0.0
0.0
0.0
0.0
0.0
0.0
0.0
0.0
0.0
0.0
0.0
0.0
0.0
0.0
0.0
0.0
0.0
0.0
0.0
0.0
0.0
0.0
0.0
0.0
0.0
0.0
0.0
0.0
0.0
0.0
0.0
0.0
0.0
0.0
0.0
0.0
0.0
0.0
0.0
0.0
0.0
0.0
0.0
0.0
0.0
0.0
0.0
0.0
0.0
0.0
0.0
0.0
0.0
0.0
0.0
0.0
0.0
0.0
0.0
0.0
0.0
0.0
0.0
0.0
0.0
0.0
0.0
0.0
0.0
0.0
0.0
0.0
0.0
0.0
0.0
0.0
0.0
0.0
0.0
0.0
0.0
0.0
0.0
0.0
0.0
0.0
0.0
0.0
0.0
0.0
0.0
0.0
0.0
0.0
0.0
0.0
0.0
0.0
0.0
0.0
0.0
0.0
0.0
0.0
0.0
0.0
0.0
0.0
0.0
0.0
0.0
0.0
0.0
0.0
0.0
0.0
0.0
0.0
0.0
0.0
0.0
0.0
0.0
0.0
0.0
0.0
0.0
0.0
0.0
0.0
0.0
0.0
0.0
0.0
0.0
SCALARS R2 double 1
LOOKUP_TABLE default
0.0
0.0
0.0
0.0
0.0
0.0
0.0
0.0
0.0
0.0
0.0
0.0
0.0
0.0
0.0
0.0
0.0
0.0
0.0
0.0
0.0
0.0
0.0
0.0
0.0
0.0
0.0
0.0
0.0
0.0
0.0
0.0
0.0
0.0
0.0
0.0
0.0
0.0
0.0
0.0
0.0
0.0
0.0
0.0
0.0
0.0
0.0
0.0
0.0
0.0
0.0
0.0
0.0
0.0
0.0
0.0
0.0
0.0
0.0
0.0
0.0
0.0
0.0
0.0
0.0
0.0
0.0
0.0
0.0
0.0
0.0
0.0
0.0
0.0
0.0
5000000000.0
0.0
0.0
0.0
0.0
0.0
0.0
0.0
0.0
0.0
0.0
0.0
0.0
0.0
5000000000.0
0.0
5000000000.0
0.0
0.0
0.0
0.0
0.0
0.0
0.0
0.0
0.0
0.0
0.0
0.0
0.0
0.0
0.0
0.0
0.0
0.0
0.0
0.0
0.0
0.0
0.0
5000000000.0
0.0
0.0
0.0
0.0
0.0
0.0
0.0
5000000000.0
0.0
0.0
0.0
0.0
0.0
0.0
0.0
0.0
0.0
0.0
0.0
0.0
0.0
0.0
0.0
0.0
0.0
0.0
0.0
0.0
0.0
0.0
0.0
0.0
0.0
0.0
0.0
0.0
0.0
0.0
0.0
0.0
0.0
0.0
0.0
5000000000.0
0.0
5000000000.0
0.0
0.0
0.0
5000000000.0
0.0
5000000000.0
0.0
0.0
0.0
0.0
5000000000.0
0.0
0.0
0.0
0.0
0.0
0.0
0.0
0.0
0.0
0.0
0.0
0.0
0.0
0.0
0.0
0.0
0.0
0.0
0.0
0.0
0.0
0.0
0.0
5000000000.0
0.0
5000000000.0
5000000000.0
0.0
0.0
0.0
0.0
0.0
0.0
0.0
0.0
0.0
5000000000.0
0.0
0.0
0.0
0.0
0.0
0.0
5000000000.0
5000000000.0
0.0
0.0
0.0
0.0
0.0
5000000000.0
0.0
0.0
0.0
5000000000.0
0.0
0.0
5000000000.0
5000000000.0
0.0
5000000000.0
0.0
0.0
0.0
5000000000.0
0.0
5000000000.0
0.0
0.0
0.0
0.0
0.0
0.0
0.0
0.0
0.0
0.0
0.0
0.0
0.0
0.0
0.0
0.0
0.0
0.0
0.0
0.0
0.0
0.0
0.0
0.0
5000000000.0
0.0
5000000000.0
5000000000.0
0.0
0.0
0.0
5000000000.0
0.0
0.0
0.0
0.0
5000000000.0
5000000000.0
5000000000.0
0.0
0.0
0.0
0.0
0.0
0.0
5000000000.0
0.0
5000000000.0
0.0
0.0
0.0
0.0
0.0
0.0
0.0
5000000000.0
0.0
0.0
0.0
0.0
0.0
5000000000.0
0.0
0.0
0.0
0.0
0.0
5000000000.0
0.0
5000000000.0
0.0
0.0
5000000000.0
5000000000.0
0.0
0.0
0.0
0.0
0.0
5000000000.0
5000000000.0
0.0
0.0
5000000000.0
5000000000.0
0.0
0.0
0.0
5000000000.0
0.0
0.0
0.0
0.0
0.0
5000000000.0
0.0
0.0
0.0
0.0
0.0
0.0
0.0
0.0
5000000000.0
0.0
0.0
0.0
5000000000.0
0.0
0.0
0.0
5000000000.0
5000000000.0
5000000000.0
5000000000.0
5000000000.0
0.0
0.0
0.0
0.0
0.0
0.0
0.0
0.0
0.0
0.0
0.0
5000000000.0
0.0
5000000000.0
5000000000.0
5000000000.0
0.0
0.0
5000000000.0
0.0
0.0
5000000000.0
0.0
0.0
5000000000.0
0.0
0.0
0.0
0.0
0.0
5000000000.0
5000000000.0
0.0
0.0
0.0
5000000000.0
5000000000.0
5000000000.0
0.0
0.0
0.0
5000000000.0
0.0
0.0
0.0
5000000000.0
0.0
0.0
0.0
5000000000.0
0.0
5000000000.0
0.0
5000000000.0
0.0
0.0
0.0
0.0
0.0
5000000000.0
5000000000.0
5000000000.0
0.0
0.0
5000000000.0
0.0
0.0
5000000000.0
0.0
5000000000.0
0.0
5000000000.0
0.0
0.0
0.0
0.0
0.0
0.0
0.0
5000000000.0
0.0
0.0
0.0
5000000000.0
0.0
0.0
0.0
5000000000.0
0.0
5000000000.0
0.0
5000000000.0
0.0
5000000000.0
0.0
0.0
0.0
5000000000.0
0.0
0.0
0.0
0.0
5000000000.0
5000000000.0
0.0
5000000000.0
0.0
0.0
0.0
0.0
0.0
0.0
5000000000.0
5000000000.0
5000000000.0
0.0
0.0
0.0
0.0
5000000000.0
0.0
5000000000.0
0.0
0.0
0.0
0.0
0.0
0.0
5000000000.0
5000000000.0
5000000000.0
5000000000.0
0.0
0.0
5000000000.0
5000000000.0
0.0
0.0
5000000000.0
0.0
0.0
0.0
0.0
5000000000.0
0.0
0.0
5000000000.0
5000000000.0
0.0
5000000000.0
0.0
5000000000.0
0.0
5000000000.0
0.0
0.0
0.0
5000000000.0
0.0
0.0
0.0
5000000000.0
0.0
5000000000.0
0.0
5000000000.0
0.0
5000000000.0
0.0
5000000000.0
0.0
0.0
0.0
5000000000.0
0.0
0.0
0.0
5000000000.0
0.0
5000000000.0
0.0
0.0
0.0
0.0
0.0
0.0
0.0
0.0
0.0
5000000000.0
0.0
5000000000.0
0.0
0.0
0.0
5000000000.0
0.0
5000000000.0
0.0
0.0
0.0
5000000000.0
0.0
5000000000.0
0.0
5000000000.0
0.0
5000000000.0
0.0
0.0
0.0
5000000000.0
0.0
5000000000.0
5000000000.0
5000000000.0
5000000000.0
5000000000.0
0.0
5000000000.0
0.0
0.0
0.0
5000000000.0
5000000000.0
5000000000.0
0.0
5000000000.0
0.0
5000000000.0
0.0
5000000000.0
0.0
5000000000.0
0.0
0.0
0.0
5000000000.0
0.0
5000000000.0
0.0
5000000000.0
0.0
0.0
0.0
5000000000.0
5000000000.0
5000000000.0
5000000000.0
5000000000.0
5000000000.0
5000000000.0
5000000000.0
5000000000.0
0.0
5000000000.0
0.0
0.0
0.0
0.0
0.0
0.0
5000000000.0
5000000000.0
5000000000.0
5000000000.0
5000000000.0
5000000000.0
5000000000.0
5000000000.0
0.0
5000000000.0
0.0
0.0
5000000000.0
5000000000.0
0.0
5000000000.0
5000000000.0
5000000000.0
0.0
5000000000.0
0.0
0.0
5000000000.0
5000000000.0
5000000000.0
5000000000.0
5000000000.0
5000000000.0
0.0
5000000000.0
0.0
0.0
0.0
5000000000.0
0.0
5000000000.0
0.0
5000000000.0
0.0
5000000000.0
5000000000.0
5000000000.0
0.0
0.0
0.0
0.0
0.0
5000000000.0
5000000000.0
5000000000.0
0.0
5000000000.0
5000000000.0
5000000000.0
0.0
5000000000.0
0.0
5000000000.0
0.0
5000000000.0
0.0
5000000000.0
0.0
0.0
0.0
0.0
0.0
5000000000.0
0.0
5000000000.0
0.0
5000000000.0
0.0
5000000000.0
0.0
0.0
0.0
0.0
5000000000.0
5000000000.0
0.0
5000000000.0
5000000000.0
5000000000.0
0.0
5000000000.0
5000000000.0
5000000000.0
0.0
0.0
0.0
0.0
0.0
5000000000.0
5000000000.0
5000000000.0
0.0
5000000000.0
0.0
0.0
0.0
0.0
0.0
0.0
0.0
5000000000.0
0.0
5000000000.0
0.0
5000000000.0
5000000000.0
5000000000.0
0.0
0.0
0.0
0.0
5000000000.0
0.0
5000000000.0
5000000000.0
5000000000.0
5000000000.0
0.0
5000000000.0
0.0
5000000000.0
0.0
0.0
0.0
5000000000.0
5000000000.0
5000000000.0
5000000000.0
5000000000.0
5000000000.0
5000000000.0
0.0
5000000000.0
0.0
5000000000.0
5000000000.0
5000000000.0
0.0
5000000000.0
0.0
5000000000.0
0.0
0.0
0.0
5000000000.0
5000000000.0
5000000000.0
5000000000.0
5000000000.0
5000000000.0
5000000000.0
0.0
5000000000.0
0.0
0.0
5000000000.0
5000000000.0
0.0
5000000000.0
0.0
5000000000.0
0.0
5000000000.0
0.0
0.0
0.0
5000000000.0
5000000000.0
5000000000.0
0.0
0.0
0.0
5000000000.0
0.0
5000000000.0
0.0
5000000000.0
5000000000.0
5000000000.0
0.0
5000000000.0
0.0
5000000000.0
0.0
5000000000.0
0.0
0.0
0.0
5000000000.0
0.0
5000000000.0
5000000000.0
5000000000.0
0.0
5000000000.0
5000000000.0
5000000000.0
0.0
5000000000.0
5000000000.0
5000000000.0
0.0
5000000000.0
0.0
5000000000.0
0.0
0.0
0.0
5000000000.0
0.0
5000000000.0
0.0
5000000000.0
5000000000.0
5000000000.0
5000000000.0
5000000000.0
0.0
5000000000.0
0.0
5000000000.0
0.0
5000000000.0
5000000000.0
5000000000.0
5000000000.0
5000000000.0
0.0
5000000000.0
0.0
5000000000.0
0.0
0.0
0.0
0.0
0.0
5000000000.0
0.0
5000000000.0
0.0
5000000000.0
0.0
5000000000.0
5000000000.0
5000000000.0
5000000000.0
5000000000.0
0.0
0.0
0.0
5000000000.0
0.0
5000000000.0
0.0
5000000000.0
0.0
5000000000.0
5000000000.0
5000000000.0
5000000000.0
5000000000.0
0.0
5000000000.0
5000000000.0
5000000000.0
5000000000.0
5000000000.0
0.0
5000000000.0
0.0
5000000000.0
0.0
0.0
0.0
5000000000.0
0.0
5000000000.0
0.0
0.0
5000000000.0
5000000000.0
0.0
5000000000.0
5000000000.0
5000000000.0
0.0
5000000000.0
5000000000.0
5000000000.0
0.0
5000000000.0
5000000000.0
5000000000.0
5000000000.0
5000000000.0
0.0
5000000000.0
0.0
5000000000.0
0.0
5000000000.0
5000000000.0
5000000000.0
0.0
5000000000.0
5000000000.0
5000000000.0
5000000000.0
5000000000.0
0.0
5000000000.0
0.0
0.0
0.0
5000000000.0
0.0
5000000000.0
0.0
5000000000.0
0.0
5000000000.0
0.0
5000000000.0
0.0
0.0
0.0
5000000000.0
0.0
0.0
5000000000.0
5000000000.0
5000000000.0
5000000000.0
0.0
5000000000.0
0.0
5000000000.0
5000000000.0
5000000000.0
0.0
5000000000.0
0.0
5000000000.0
0.0
5000000000.0
0.0
5000000000.0
0.0
5000000000.0
0.0
0.0
0.0
5000000000.0
0.0
5000000000.0
0.0
5000000000.0
0.0
5000000000.0
5000000000.0
5000000000.0
0.0
5000000000.0
5000000000.0
5000000000.0
5000000000.0
5000000000.0
5000000000.0
5000000000.0
5000000000.0
5000000000.0
0.0
5000000000.0
5000000000.0
5000000000.0
0.0
5000000000.0
5000000000.0
5000000000.0
0.0
5000000000.0
5000000000.0
5000000000.0
0.0
5000000000.0
0.0
5000000000.0
5000000000.0
5000000000.0
0.0
5000000000.0
5000000000.0
5000000000.0
5000000000.0
5000000000.0
0.0
5000000000.0
5000000000.0
0.0
0.0
5000000000.0
0.0
5000000000.0
0.0
5000000000.0
0.0
0.0
0.0
5000000000.0
0.0
5000000000.0
0.0
5000000000.0
0.0
5000000000.0
5000000000.0
0.0
5000000000.0
5000000000.0
0.0
5000000000.0
0.0
5000000000.0
0.0
5000000000.0
5000000000.0
5000000000.0
0.0
5000000000.0
5000000000.0
5000000000.0
0.0
5000000000.0
5000000000.0
5000000000.0
5000000000.0
5000000000.0
0.0
5000000000.0
0.0
5000000000.0
5000000000.0
5000000000.0
5000000000.0
5000000000.0
5000000000.0
5000000000.0
0.0
5000000000.0
0.0
5000000000.0
0.0
5000000000.0
5000000000.0
5000000000.0
0.0
5000000000.0
0.0
5000000000.0
0.0
5000000000.0
0.0
5000000000.0
5000000000.0
5000000000.0
5000000000.0
5000000000.0
0.0
0.0
0.0
5000000000.0
0.0
5000000000.0
5000000000.0
5000000000.0
5000000000.0
5000000000.0
5000000000.0
5000000000.0
0.0
5000000000.0
0.0
0.0
5000000000.0
5000000000.0
0.0
5000000000.0
0.0
5000000000.0
0.0
5000000000.0
5000000000.0
5000000000.0
5000000000.0
0.0
0.0
5000000000.0
0.0
5000000000.0
5000000000.0
5000000000.0
5000000000.0
5000000000.0
0.0
5000000000.0
0.0
5000000000.0
5000000000.0
0.0
5000000000.0
5000000000.0
5000000000.0
5000000000.0
0.0
5000000000.0
0.0
5000000000.0
0.0
0.0
0.0
5000000000.0
5000000000.0
5000000000.0
5000000000.0
5000000000.0
0.0
5000000000.0
0.0
5000000000.0
5000000000.0
5000000000.0
5000000000.0
5000000000.0
5000000000.0
5000000000.0
5000000000.0
5000000000.0
0.0
0.0
5000000000.0
5000000000.0
0.0
5000000000.0
5000000000.0
5000000000.0
0.0
5000000000.0
5000000000.0
5000000000.0
5000000000.0
5000000000.0
0.0
5000000000.0
5000000000.0
5000000000.0
0.0
5000000000.0
5000000000.0
5000000000.0
0.0
5000000000.0
5000000000.0
5000000000.0
5000000000.0
5000000000.0
5000000000.0
5000000000.0
0.0
5000000000.0
0.0
5000000000.0
5000000000.0
5000000000.0
0.0
5000000000.0
0.0
5000000000.0
0.0
5000000000.0
0.0
5000000000.0
0.0
5000000000.0
0.0
5000000000.0
0.0
0.0
0.0
5000000000.0
5000000000.0
5000000000.0
0.0
5000000000.0
0.0
5000000000.0
0.0
5000000000.0
0.0
5000000000.0
0.0
0.0
5000000000.0
0.0
0.0
5000000000.0
0.0
5000000000.0
5000000000.0
5000000000.0
5000000000.0
5000000000.0
0.0
5000000000.0
5000000000.0
5000000000.0
0.0
5000000000.0
0.0
5000000000.0
5000000000.0
5000000000.0
0.0
5000000000.0
0.0
5000000000.0
5000000000.0
5000000000.0
0.0
5000000000.0
5000000000.0
5000000000.0
5000000000.0
5000000000.0
5000000000.0
5000000000.0
0.0
5000000000.0
5000000000.0
5000000000.0
0.0
5000000000.0
5000000000.0
5000000000.0
5000000000.0
5000000000.0
5000000000.0
5000000000.0
0.0
5000000000.0
0.0
5000000000.0
5000000000.0
5000000000.0
0.0
5000000000.0
0.0
5000000000.0
0.0
5000000000.0
5000000000.0
5000000000.0
0.0
0.0
0.0
5000000000.0
5000000000.0
5000000000.0
0.0
5000000000.0
0.0
5000000000.0
0.0
5000000000.0
5000000000.0
5000000000.0
0.0
5000000000.0
0.0
0.0
5000000000.0
5000000000.0
0.0
0.0
5000000000.0
5000000000.0
5000000000.0
5000000000.0
0.0
5000000000.0
0.0
5000000000.0
5000000000.0
5000000000.0
0.0
5000000000.0
0.0
5000000000.0
0.0
5000000000.0
0.0
5000000000.0
5000000000.0
5000000000.0
5000000000.0
5000000000.0
5000000000.0
5000000000.0
0.0
0.0
5000000000.0
5000000000.0
0.0
5000000000.0
5000000000.0
5000000000.0
5000000000.0
5000000000.0
0.0
5000000000.0
5000000000.0
5000000000.0
0.0
5000000000.0
5000000000.0
5000000000.0
0.0
5000000000.0
5000000000.0
5000000000.0
5000000000.0
5000000000.0
0.0
5000000000.0
0.0
5000000000.0
0.0
5000000000.0
0.0
5000000000.0
0.0
5000000000.0
5000000000.0
5000000000.0
5000000000.0
5000000000.0
0.0
5000000000.0
0.0
5000000000.0
5000000000.0
5000000000.0
0.0
5000000000.0
5000000000.0
5000000000.0
0.0
5000000000.0
5000000000.0
5000000000.0
0.0
5000000000.0
0.0
5000000000.0
5000000000.0
5000000000.0
5000000000.0
5000000000.0
5000000000.0
5000000000.0
5000000000.0
5000000000.0
0.0
5000000000.0
0.0
0.0
0.0
5000000000.0
5000000000.0
5000000000.0
5000000000.0
5000000000.0
0.0
5000000000.0
0.0
5000000000.0
5000000000.0
5000000000.0
0.0
5000000000.0
0.0
5000000000.0
0.0
0.0
0.0
5000000000.0
5000000000.0
5000000000.0
5000000000.0
5000000000.0
0.0
5000000000.0
0.0
5000000000.0
5000000000.0
5000000000.0
5000000000.0
5000000000.0
5000000000.0
5000000000.0
5000000000.0
5000000000.0
0.0
5000000000.0
5000000000.0
5000000000.0
5000000000.0
5000000000.0
0.0
5000000000.0
0.0
5000000000.0
0.0
5000000000.0
5000000000.0
5000000000.0
5000000000.0
5000000000.0
0.0
5000000000.0
0.0
5000000000.0
0.0
5000000000.0
5000000000.0
5000000000.0
5000000000.0
5000000000.0
5000000000.0
5000000000.0
0.0
5000000000.0
0.0
5000000000.0
5000000000.0
5000000000.0
5000000000.0
5000000000.0
0.0
5000000000.0
5000000000.0
5000000000.0
5000000000.0
5000000000.0
0.0
5000000000.0
0.0
5000000000.0
0.0
5000000000.0
5000000000.0
5000000000.0
5000000000.0
5000000000.0
0.0
5000000000.0
0.0
5000000000.0
5000000000.0
5000000000.0
0.0
5000000000.0
0.0
5000000000.0
0.0
0.0
5000000000.0
5000000000.0
5000000000.0
5000000000.0
0.0
5000000000.0
5000000000.0
5000000000.0
5000000000.0
5000000000.0
5000000000.0
5000000000.0
0.0
5000000000.0
5000000000.0
5000000000.0
0.0
5000000000.0
0.0
5000000000.0
5000000000.0
5000000000.0
5000000000.0
5000000000.0
5000000000.0
5000000000.0
5000000000.0
5000000000.0
5000000000.0
5000000000.0
5000000000.0
5000000000.0
0.0
5000000000.0
5000000000.0
5000000000.0
5000000000.0
5000000000.0
0.0
5000000000.0
5000000000.0
5000000000.0
5000000000.0
5000000000.0
5000000000.0
5000000000.0
5000000000.0
5000000000.0
5000000000.0
5000000000.0
5000000000.0
5000000000.0
0.0
5000000000.0
5000000000.0
5000000000.0
0.0
5000000000.0
5000000000.0
5000000000.0
5000000000.0
5000000000.0
0.0
5000000000.0
0.0
5000000000.0
5000000000.0
5000000000.0
5000000000.0
5000000000.0
5000000000.0
5000000000.0
5000000000.0
5000000000.0
5000000000.0
5000000000.0
0.0
5000000000.0
5000000000.0
5000000000.0
5000000000.0
5000000000.0
5000000000.0
5000000000.0
5000000000.0
5000000000.0
5000000000.0
5000000000.0
0.0
5000000000.0
5000000000.0
5000000000.0
0.0
5000000000.0
0.0
5000000000.0
0.0
5000000000.0
0.0
5000000000.0
0.0
5000000000.0
5000000000.0
5000000000.0
5000000000.0
5000000000.0
5000000000.0
5000000000.0
0.0
5000000000.0
5000000000.0
5000000000.0
5000000000.0
5000000000.0
5000000000.0
5000000000.0
5000000000.0
5000000000.0
5000000000.0
5000000000.0
5000000000.0
5000000000.0
0.0
5000000000.0
5000000000.0
5000000000.0
5000000000.0
5000000000.0
SCALARS C double 1
LOOKUP_TABLE default
0.0
0.0
0.0
0.0
0.0
0.0
0.0
0.0
0.0
0.0
0.0
0.0
0.0
0.0
0.0
0.0
0.0
0.0
0.0
0.0
0.0
0.0
0.0
0.0
0.0
0.0
0.0
0.0
0.0
0.0
0.0
0.0
0.0
0.0
0.0
0.0
0.0
0.0
0.0
0.0
0.0
0.0
0.0
0.0
0.0
0.0
0.0
0.0
0.0
0.0
0.0
0.0
0.0
0.0
0.0
0.0
0.0
0.0
0.0
0.0
0.0
0.0
0.0
0.0
0.0
0.0
0.0
0.0
0.0
0.0
0.0
0.0
0.0
0.0
0.0
0.0
0.0
0.0
0.0
0.0
0.0
0.0
0.0
0.0
0.0
0.0
0.0
0.0
0.0
0.0
0.0
0.0
0.0
0.0
0.0
0.0
0.0
0.0
0.0
0.0
0.0
0.0
0.0
0.0
0.0
0.0
0.0
0.0
0.0
0.0
0.0
0.0
0.0
0.0
0.0
0.0
0.0
0.0
0.0
0.0
0.0
0.0
0.0
0.0
0.0
0.0
0.0
0.0
0.0
0.0
0.0
0.0
0.0
0.0
0.0
0.0
0.0
0.0
0.0
0.0
0.0
0.0
0.0
0.0
0.0
0.0
0.0
0.0
0.0
0.0
0.0
0.0
0.0
0.0
0.0
0.0
0.0
0.0
0.0
0.0
0.0
0.0
0.0
0.0
0.0
0.0
0.0
0.0
0.0
0.0
0.0
0.0
0.0
0.0
0.0
0.0
0.0
0.0
0.0
0.0
0.0
0.0
0.0
0.0
0.0
0.0
0.0
0.0
0.0
0.0
0.0
0.0
0.0
0.0
0.0
0.0
0.0
0.0
0.0
0.0
0.0
0.0
0.0
0.0
0.0
0.0
0.0
0.0
0.0
0.0
0.0
0.0
0.0
0.0
0.0
0.0
0.0
0.0
0.0
0.0
0.0
0.0
0.0
0.0
0.0
0.0
0.0
0.0
0.0
0.0
0.0
0.0
0.0
0.0
0.0
0.0
0.0
0.0
0.0
0.0
0.0
0.0
0.0
0.0
0.0
0.0
0.0
0.0
0.0
0.0
0.0
0.0
0.0
0.0
0.0
0.0
0.0
0.0
0.0
0.0
0.0
0.0
0.0
0.0
0.0
0.0
0.0
0.0
0.0
0.0
0.0
0.0
0.0
0.0
0.0
0.0
0.0
0.0
0.0
0.0
0.0
0.0
0.0
0.0
0.0
0.0
0.0
0.0
0.0
0.0
0.0
0.0
0.0
0.0
0.0
0.0
0.0
0.0
0.0
0.0
0.0
0.0
0.0
0.0
0.0
0.0
0.0
0.0
0.0
0.0
0.0
0.0
0.0
0.0
0.0
0.0
0.0
0.0
0.0
0.0
0.0
0.0
0.0
0.0
0.0
0.0
0.0
0.0
0.0
0.0
0.0
0.0
0.0
0.0
0.0
0.0
0.0
0.0
0.0
0.0
0.0
0.0
0.0
0.0
0.0
0.0
0.0
0.0
0.0
0.0
0.0
0.0
0.0
0.0
0.0
0.0
0.0
0.0
0.0
0.0
0.0
0.0
0.0
0.0
0.0
0.0
0.0
0.0
0.0
0.0
0.0
0.0
0.0
0.0
0.0
0.0
0.0
0.0
0.0
0.0
0.0
0.0
0.0
0.0
0.0
0.0
0.0
0.0
0.0
0.0
0.0
0.0
0.0
0.0
0.0
0.0
0.0
0.0
0.0
0.0
0.0
0.0
0.0
0.0
0.0
0.0
0.0
0.0
0.0
0.0
0.0
0.0
0.0
0.0
0.0
0.0
0.0
0.0
0.0
0.0
0.0
0.0
0.0
0.0
0.0
0.0
0.0
0.0
0.0
0.0
0.0
0.0
0.0
0.0
0.0
0.0
0.0
0.0
0.0
0.0
0.0
0.0
0.0
0.0
0.0
0.0
0.0
0.0
0.0
0.0
0.0
0.0
0.0
0.0
0.0
0.0
0.0
0.0
0.0
0.0
0.0
0.0
0.0
0.0
0.0
0.0
0.0
0.0
0.0
0.0
0.0
0.0
0.0
0.0
0.0
0.0
0.0
0.0
0.0
0.0
0.0
0.0
0.0
0.0
0.0
0.0
0.0
0.0
0.0
0.0
0.0
0.0
0.0
0.0
0.0
0.0
0.0
0.0
0.0
0.0
0.0
0.0
0.0
0.0
0.0
0.0
0.0
0.0
0.0
0.0
0.0
0.0
0.0
0.0
0.0
0.0
0.0
0.0
0.0
0.0
0.0
0.0
0.0
0.0
0.0
0.0
0.0
0.0
0.0
0.0
0.0
0.0
0.0
0.0
0.0
0.0
0.0
0.0
0.0
0.0
0.0
0.0
0.0
0.0
0.0
0.0
0.0
0.0
0.0
0.0
0.0
0.0
0.0
0.0
0.0
0.0
0.0
0.0
0.0
0.0
0.0
0.0
0.0
0.0
0.0
0.0
0.0
0.0
0.0
0.0
0.0
0.0
0.0
0.0
0.0
0.0
0.0
0.0
0.0
0.0
0.0
0.0
0.0
0.0
0.0
0.0
0.0
0.0
0.0
0.0
0.0
0.0
0.0
0.0
0.0
0.0
0.0
0.0
0.0
0.0
0.0
0.0
0.0
0.0
0.0
0.0
0.0
0.0
0.0
0.0
0.0
0.0
0.0
0.0
0.0
0.0
0.0
0.0
0.0
0.0
0.0
0.0
0.0
0.0
0.0
0.0
0.0
0.0
0.0
0.0
0.0
0.0
0.0
0.0
0.0
0.0
0.0
0.0
0.0
0.0
0.0
0.0
0.0
0.0
0.0
0.0
0.0
0.0
0.0
0.0
0.0
0.0
0.0
0.0
0.0
0.0
0.0
0.0
0.0
0.0
0.0
0.0
0.0
0.0
0.0
0.0
0.0
0.0
0.0
0.0
0.0
0.0
0.0
0.0
0.0
0.0
0.0
0.0
0.0
0.0
0.0
0.0
0.0
0.0
0.0
0.0
0.0
0.0
0.0
0.0
0.0
0.0
0.0
0.0
0.0
0.0
0.0
0.0
0.0
0.0
0.0
0.0
0.0
0.0
0.0
0.0
0.0
0.0
0.0
0.0
0.0
0.0
0.0
0.0
0.0
0.0
0.0
0.0
0.0
0.0
0.0
0.0
0.0
0.0
0.0
0.0
0.0
0.0
0.0
0.0
0.0
0.0
0.0
0.0
0.0
0.0
0.0
0.0
0.0
0.0
0.0
0.0
0.0
0.0
0.0
0.0
0.0
0.0
0.0
0.0
0.0
0.0
0.0
0.0
0.0
0.0
0.0
0.0
0.0
0.0
0.0
0.0
0.0
0.0
0.0
0.0
0.0
0.0
0.0
0.0
0.0
0.0
0.0
0.0
0.0
0.0
0.0
0.0
0.0
0.0
0.0
0.0
0.0
0.0
0.0
0.0
0.0
0.0
0.0
0.0
0.0
0.0
0.0
0.0
0.0
0.0
0.0
0.0
0.0
0.0
0.0
0.0
0.0
0.0
0.0
0.0
0.0
0.0
0.0
0.0
0.0
0.0
0.0
0.0
0.0
0.0
0.0
0.0
0.0
0.0
0.0
0.0
0.0
0.0
0.0
0.0
0.0
0.0
0.0
0.0
0.0
0.0
0.0
0.0
0.0
0.0
0.0
0.0
0.0
0.0
0.0
0.0
0.0
0.0
0.0
0.0
0.0
0.0
0.0
0.0
0.0
0.0
0.0
0.0
0.0
0.0
0.0
0.0
0.0
0.0
0.0
0.0
0.0
0.0
0.0
0.0
0.0
0.0
0.0
0.0
0.0
0.0
0.0
0.0
0.0
0.0
0.0
0.0
0.0
0.0
0.0
0.0
0.0
0.0
0.0
0.0
0.0
0.0
0.0
0.0
0.0
0.0
0.0
0.0
0.0
0.0
0.0
0.0
0.0
0.0
0.0
0.0
0.0
0.0
0.0
0.0
0.0
0.0
0.0
0.0
0.0
0.0
0.0
0.0
0.0
0.0
0.0
0.0
0.0
0.0
0.0
0.0
0.0
0.0
0.0
0.0
0.0
0.0
0.0
0.0
0.0
0.0
0.0
0.0
0.0
0.0
0.0
0.0
0.0
0.0
0.0
0.0
0.0
0.0
0.0
0.0
0.0
0.0
0.0
0.0
0.0
0.0
0.0
0.0
0.0
0.0
0.0
0.0
0.0
0.0
0.0
0.0
0.0
0.0
0.0
0.0
0.0
0.0
0.0
0.0
0.0
0.0
0.0
0.0
0.0
0.0
0.0
0.0
0.0
0.0
0.0
0.0
0.0
0.0
0.0
0.0
0.0
0.0
0.0
0.0
0.0
0.0
0.0
0.0
0.0
0.0
0.0
0.0
0.0
0.0
0.0
0.0
0.0
0.0
0.0
0.0
0.0
0.0
0.0
0.0
0.0
0.0
0.0
0.0
0.0
0.0
0.0
0.0
0.0
0.0
0.0
0.0
0.0
0.0
0.0
0.0
0.0
0.0
0.0
0.0
0.0
0.0
0.0
0.0
0.0
0.0
0.0
0.0
0.0
0.0
0.0
0.0
0.0
0.0
0.0
0.0
0.0
0.0
0.0
0.0
0.0
0.0
0.0
0.0
0.0
0.0
0.0
0.0
0.0
0.0
0.0
0.0
0.0
0.0
0.0
0.0
0.0
0.0
0.0
0.0
0.0
0.0
0.0
0.0
0.0
0.0
0.0
0.0
0.0
0.0
0.0
0.0
0.0
0.0
0.0
0.0
0.0
0.0
0.0
0.0
0.0
0.0
0.0
0.0
0.0
0.0
0.0
0.0
0.0
0.0
0.0
0.0
0.0
0.0
0.0
0.0
0.0
0.0
0.0
0.0
0.0
0.0
0.0
0.0
0.0
0.0
0.0
0.0
0.0
0.0
0.0
0.0
0.0
0.0
0.0
0.0
0.0
0.0
0.0
0.0
0.0
0.0
0.0
0.0
0.0
0.0
0.0
0.0
0.0
0.0
0.0
0.0
0.0
0.0
0.0
0.0
0.0
0.0
0.0
0.0
0.0
0.0
0.0
0.0
0.0
0.0
0.0
0.0
0.0
0.0
0.0
0.0
0.0
0.0
0.0
0.0
0.0
0.0
0.0
0.0
0.0
0.0
0.0
0.0
0.0
0.0
0.0
0.0
0.0
0.0
0.0
0.0
0.0
0.0
0.0
0.0
0.0
0.0
0.0
0.0
0.0
0.0
0.0
0.0
0.0
0.0
0.0
0.0
0.0
0.0
0.0
0.0
0.0
0.0
0.0
0.0
0.0
0.0
0.0
0.0
0.0
0.0
0.0
0.0
0.0
0.0
0.0
0.0
0.0
0.0
0.0
0.0
0.0
0.0
0.0
0.0
0.0
0.0
0.0
0.0
0.0
0.0
0.0
0.0
0.0
0.0
0.0
0.0
0.0
0.0
0.0
0.0
0.0
0.0
0.0
0.0
0.0
0.0
0.0
0.0
0.0
0.0
0.0
0.0
0.0
0.0
0.0
0.0
0.0
0.0
0.0
0.0
0.0
0.0
0.0
0.0
0.0
0.0
0.0
0.0
0.0
0.0
0.0
0.0
0.0
0.0
0.0
0.0
0.0
0.0
0.0
0.0
0.0
0.0
0.0
0.0
0.0
0.0
0.0
0.0
0.0
0.0
0.0
0.0
0.0
0.0
0.0
0.0
0.0
0.0
0.0
0.0
0.0
0.0
0.0
0.0
0.0
0.0
0.0
0.0
0.0
0.0
0.0
0.0
0.0
0.0
0.0
0.0
0.0
0.0
0.0
0.0
0.0
0.0
0.0
0.0
0.0
0.0
0.0
0.0
0.0
0.0
0.0
0.0
0.0
0.0
0.0
0.0
0.0
0.0
0.0
0.0
0.0
0.0
0.0
0.0
0.0
0.0
0.0
0.0
0.0
0.0
0.0
0.0
0.0
0.0
0.0
0.0
0.0
0.0
0.0
0.0
0.0
0.0
0.0
0.0
0.0
0.0
0.0
0.0
0.0
0.0
0.0
0.0
0.0
0.0
0.0
0.0
0.0
0.0
0.0
0.0
0.0
0.0
0.0
0.0
0.0
0.0
0.0
0.0
0.0
0.0
0.0
0.0
0.0
0.0
0.0
0.0
0.0
0.0
0.0
0.0
0.0
0.0
0.0
0.0
0.0
0.0
0.0
0.0
0.0
0.0
0.0
0.0
0.0
0.0
0.0
0.0
0.0
0.0
0.0
0.0
0.0
0.0
0.0
0.0
0.0
0.0
0.0
0.0
0.0
0.0
0.0
0.0
0.0
0.0
0.0
0.0
0.0
0.0
0.0
0.0
0.0
0.0
0.0
0.0
0.0
0.0
0.0
0.0
0.0
0.0
0.0
0.0
0.0
0.0
0.0
0.0
0.0
0.0
0.0
0.0
0.0
0.0
0.0
0.0
0.0
0.0
0.0
0.0
0.0
0.0
0.0
0.0
0.0
0.0
0.0
0.0
0.0
0.0
0.0
0.0
0.0
0.0
0.0
0.0
0.0
0.0
0.0
0.0
0.0
0.0
0.0
0.0
0.0
0.0
0.0
0.0
0.0
0.0
0.0
0.0
0.0
0.0
0.0
0.0
0.0
0.0
0.0
0.0
0.0
0.0
0.0
0.0
0.0
0.0
0.0
0.0
0.0
0.0
0.0
0.0
0.0
0.0
0.0
0.0
0.0
0.0
0.0
0.0
0.0
0.0
0.0
0.0
0.0
0.0
0.0
0.0
0.0
0.0
0.0
0.0
0.0
0.0
0.0
0.0
0.0
0.0
0.0
0.0
0.0
0.0
0.0
0.0
0.0
0.0
0.0
0.0
0.0
0.0
0.0
0.0
0.0
0.0
0.0
0.0
0.0
0.0
0.0
0.0
0.0
0.0
0.0
0.0
0.0
0.0
0.0
0.0
0.0
0.0
0.0
0.0
0.0
0.0
0.0
0.0
0.0
0.0
0.0
0.0
0.0
0.0
0.0
0.0
0.0
0.0
0.0
0.0
0.0
0.0
0.0
0.0
0.0
0.0
0.0
0.0
0.0
0.0
0.0
0.0
0.0
0.0
0.0
0.0
0.0
0.0
0.0
0.0
0.0
0.0
0.0
0.0
0.0
0.0
0.0
0.0
SCALARS P_out double 1
LOOKUP_TABLE default
0.0
0.0
0.0
0.0
0.0
0.0
0.0
0.0
0.0
0.0
0.0
0.0
0.0
0.0
0.0
0.0
0.0
0.0
0.0
0.0
0.0
0.0
0.0
0.0
0.0
0.0
0.0
0.0
0.0
0.0
0.0
0.0
0.0
0.0
0.0
0.0
0.0
0.0
0.0
0.0
0.0
0.0
0.0
0.0
0.0
0.0
0.0
0.0
0.0
0.0
0.0
0.0
0.0
0.0
0.0
0.0
0.0
0.0
0.0
0.0
0.0
0.0
0.0
0.0
0.0
0.0
0.0
0.0
0.0
0.0
0.0
0.0
0.0
0.0
0.0
0.0
0.0
0.0
0.0
0.0
0.0
0.0
0.0
0.0
0.0
0.0
0.0
0.0
0.0
0.0
0.0
0.0
0.0
0.0
0.0
0.0
0.0
0.0
0.0
0.0
0.0
0.0
0.0
0.0
0.0
0.0
0.0
0.0
0.0
0.0
0.0
0.0
0.0
0.0
0.0
0.0
0.0
0.0
0.0
0.0
0.0
0.0
0.0
0.0
0.0
0.0
0.0
0.0
0.0
0.0
0.0
0.0
0.0
0.0
0.0
0.0
0.0
0.0
0.0
0.0
0.0
0.0
0.0
0.0
0.0
0.0
0.0
0.0
0.0
0.0
0.0
0.0
0.0
0.0
0.0
0.0
0.0
0.0
0.0
0.0
0.0
0.0
0.0
0.0
0.0
0.0
0.0
0.0
0.0
0.0
0.0
0.0
0.0
0.0
0.0
0.0
0.0
0.0
0.0
0.0
0.0
0.0
0.0
0.0
0.0
0.0
0.0
0.0
0.0
0.0
0.0
0.0
0.0
0.0
0.0
0.0
0.0
0.0
0.0
0.0
0.0
0.0
0.0
0.0
0.0
0.0
0.0
0.0
0.0
0.0
0.0
0.0
0.0
0.0
0.0
0.0
0.0
0.0
0.0
0.0
0.0
0.0
0.0
0.0
0.0
0.0
0.0
0.0
0.0
0.0
0.0
0.0
0.0
0.0
0.0
0.0
0.0
0.0
0.0
0.0
0.0
0.0
0.0
0.0
0.0
0.0
0.0
0.0
0.0
0.0
0.0
0.0
0.0
0.0
0.0
0.0
0.0
0.0
0.0
0.0
0.0
0.0
0.0
0.0
0.0
0.0
0.0
0.0
0.0
0.0
0.0
0.0
0.0
0.0
0.0
0.0
0.0
0.0
0.0
0.0
0.0
0.0
0.0
0.0
0.0
0.0
0.0
0.0
0.0
0.0
0.0
0.0
0.0
0.0
0.0
0.0
0.0
0.0
0.0
0.0
0.0
0.0
0.0
0.0
0.0
0.0
0.0
0.0
0.0
0.0
0.0
0.0
0.0
0.0
0.0
0.0
0.0
0.0
0.0
0.0
0.0
0.0
0.0
0.0
0.0
0.0
0.0
0.0
0.0
0.0
0.0
0.0
0.0
0.0
0.0
0.0
0.0
0.0
0.0
0.0
0.0
0.0
0.0
0.0
0.0
0.0
0.0
0.0
0.0
0.0
0.0
0.0
0.0
0.0
0.0
0.0
0.0
0.0
0.0
0.0
0.0
0.0
0.0
0.0
0.0
0.0
0.0
0.0
0.0
0.0
0.0
0.0
0.0
0.0
0.0
0.0
0.0
0.0
0.0
0.0
0.0
0.0
0.0
0.0
0.0
0.0
0.0
0.0
0.0
0.0
0.0
0.0
0.0
0.0
0.0
0.0
0.0
0.0
0.0
0.0
0.0
0.0
0.0
0.0
0.0
0.0
0.0
0.0
0.0
0.0
0.0
0.0
0.0
0.0
0.0
0.0
0.0
0.0
0.0
0.0
0.0
0.0
0.0
0.0
0.0
0.0
0.0
0.0
0.0
0.0
0.0
0.0
0.0
0.0
0.0
0.0
0.0
0.0
0.0
0.0
0.0
0.0
0.0
0.0
0.0
0.0
0.0
0.0
0.0
0.0
0.0
0.0
0.0
0.0
0.0
0.0
0.0
0.0
0.0
0.0
0.0
0.0
0.0
0.0
0.0
0.0
0.0
0.0
0.0
0.0
0.0
0.0
0.0
0.0
0.0
0.0
0.0
0.0
0.0
0.0
0.0
0.0
0.0
0.0
0.0
0.0
0.0
0.0
0.0
0.0
0.0
0.0
0.0
0.0
0.0
0.0
0.0
0.0
0.0
0.0
0.0
0.0
0.0
0.0
0.0
0.0
0.0
0.0
0.0
0.0
0.0
0.0
0.0
0.0
0.0
0.0
0.0
0.0
0.0
0.0
0.0
0.0
0.0
0.0
0.0
0.0
0.0
0.0
0.0
0.0
0.0
0.0
0.0
0.0
0.0
0.0
0.0
0.0
0.0
0.0
0.0
0.0
0.0
0.0
0.0
0.0
0.0
0.0
0.0
0.0
0.0
0.0
0.0
0.0
0.0
0.0
0.0
0.0
0.0
0.0
0.0
0.0
0.0
0.0
0.0
0.0
0.0
0.0
0.0
0.0
0.0
0.0
0.0
0.0
0.0
0.0
0.0
0.0
0.0
0.0
0.0
0.0
0.0
0.0
0.0
0.0
0.0
0.0
0.0
0.0
0.0
0.0
0.0
0.0
0.0
0.0
0.0
0.0
0.0
0.0
0.0
0.0
0.0
0.0
0.0
0.0
0.0
0.0
0.0
0.0
0.0
0.0
0.0
0.0
0.0
0.0
0.0
0.0
0.0
0.0
0.0
0.0
0.0
0.0
0.0
0.0
0.0
0.0
0.0
0.0
0.0
0.0
0.0
0.0
0.0
0.0
0.0
0.0
0.0
0.0
0.0
0.0
0.0
0.0
0.0
0.0
0.0
0.0
0.0
0.0
0.0
0.0
0.0
0.0
0.0
0.0
0.0
0.0
0.0
0.0
0.0
0.0
0.0
0.0
0.0
0.0
0.0
0.0
0.0
0.0
0.0
0.0
0.0
0.0
0.0
0.0
0.0
0.0
0.0
0.0
0.0
0.0
0.0
0.0
0.0
0.0
0.0
0.0
0.0
0.0
0.0
0.0
0.0
0.0
0.0
0.0
0.0
0.0
0.0
0.0
0.0
0.0
0.0
0.0
0.0
0.0
0.0
0.0
0.0
0.0
0.0
0.0
0.0
0.0
0.0
0.0
0.0
0.0
0.0
0.0
0.0
0.0
0.0
0.0
0.0
0.0
0.0
0.0
0.0
0.0
0.0
0.0
0.0
0.0
0.0
0.0
0.0
0.0
0.0
0.0
0.0
0.0
0.0
0.0
0.0
0.0
0.0
0.0
0.0
0.0
0.0
0.0
0.0
0.0
0.0
0.0
0.0
0.0
0.0
0.0
0.0
0.0
0.0
0.0
0.0
0.0
0.0
0.0
0.0
0.0
0.0
0.0
0.0
0.0
0.0
0.0
0.0
0.0
0.0
0.0
0.0
0.0
0.0
0.0
0.0
0.0
0.0
0.0
0.0
0.0
0.0
0.0
0.0
0.0
0.0
0.0
0.0
0.0
0.0
0.0
0.0
0.0
0.0
0.0
0.0
0.0
0.0
0.0
0.0
0.0
0.0
0.0
0.0
0.0
0.0
0.0
0.0
0.0
0.0
0.0
0.0
0.0
0.0
0.0
0.0
0.0
0.0
0.0
0.0
0.0
0.0
0.0
0.0
0.0
0.0
0.0
0.0
0.0
0.0
0.0
0.0
0.0
0.0
0.0
0.0
0.0
0.0
0.0
0.0
0.0
0.0
0.0
0.0
0.0
0.0
0.0
0.0
0.0
0.0
0.0
0.0
0.0
0.0
0.0
0.0
0.0
0.0
0.0
0.0
0.0
0.0
0.0
0.0
0.0
0.0
0.0
0.0
0.0
0.0
0.0
0.0
0.0
0.0
0.0
0.0
0.0
0.0
0.0
0.0
0.0
0.0
0.0
0.0
0.0
0.0
0.0
0.0
0.0
0.0
0.0
0.0
0.0
0.0
0.0
0.0
0.0
0.0
0.0
0.0
0.0
0.0
0.0
0.0
0.0
0.0
0.0
0.0
0.0
0.0
0.0
0.0
0.0
0.0
0.0
0.0
0.0
0.0
0.0
0.0
0.0
0.0
0.0
0.0
0.0
0.0
0.0
0.0
0.0
0.0
0.0
0.0
0.0
0.0
0.0
0.0
0.0
0.0
0.0
0.0
0.0
0.0
0.0
0.0
0.0
0.0
0.0
0.0
0.0
0.0
0.0
0.0
0.0
0.0
0.0
0.0
0.0
0.0
0.0
0.0
0.0
0.0
0.0
0.0
0.0
0.0
0.0
0.0
0.0
0.0
0.0
0.0
0.0
0.0
0.0
0.0
0.0
0.0
0.0
0.0
0.0
0.0
0.0
0.0
0.0
0.0
0.0
0.0
0.0
0.0
0.0
0.0
0.0
0.0
0.0
0.0
0.0
0.0
0.0
0.0
0.0
0.0
0.0
0.0
0.0
0.0
0.0
0.0
0.0
0.0
0.0
0.0
0.0
0.0
0.0
0.0
0.0
0.0
0.0
0.0
0.0
0.0
0.0
0.0
0.0
0.0
0.0
0.0
0.0
0.0
0.0
0.0
0.0
0.0
0.0
0.0
0.0
0.0
0.0
0.0
0.0
0.0
0.0
0.0
0.0
0.0
0.0
0.0
0.0
0.0
0.0
0.0
0.0
0.0
0.0
0.0
0.0
0.0
0.0
0.0
0.0
0.0
0.0
0.0
0.0
0.0
0.0
0.0
0.0
0.0
0.0
0.0
0.0
0.0
0.0
0.0
0.0
0.0
0.0
0.0
0.0
0.0
0.0
0.0
0.0
0.0
0.0
0.0
0.0
0.0
0.0
0.0
0.0
0.0
0.0
0.0
0.0
0.0
0.0
0.0
0.0
0.0
0.0
0.0
0.0
0.0
0.0
0.0
0.0
0.0
0.0
0.0
0.0
0.0
0.0
0.0
0.0
0.0
0.0
0.0
0.0
0.0
0.0
0.0
0.0
0.0
0.0
0.0
0.0
0.0
0.0
0.0
0.0
0.0
0.0
0.0
0.0
0.0
0.0
0.0
0.0
0.0
0.0
0.0
0.0
0.0
0.0
0.0
0.0
0.0
0.0
0.0
0.0
0.0
0.0
0.0
0.0
0.0
0.0
0.0
0.0
0.0
0.0
0.0
0.0
0.0
0.0
0.0
0.0
0.0
0.0
0.0
0.0
0.0
0.0
0.0
0.0
0.0
0.0
0.0
0.0
0.0
0.0
0.0
0.0
0.0
0.0
0.0
0.0
0.0
0.0
0.0
0.0
0.0
0.0
0.0
0.0
0.0
0.0
0.0
0.0
0.0
0.0
0.0
0.0
0.0
0.0
0.0
0.0
0.0
0.0
0.0
0.0
0.0
0.0
0.0
0.0
0.0
0.0
0.0
0.0
0.0
0.0
0.0
0.0
0.0
0.0
0.0
0.0
0.0
0.0
0.0
0.0
0.0
0.0
0.0
0.0
0.0
0.0
0.0
0.0
0.0
0.0
0.0
0.0
0.0
0.0
0.0
0.0
0.0
0.0
0.0
0.0
0.0
0.0
0.0
0.0
0.0
0.0
0.0
0.0
0.0
0.0
0.0
0.0
0.0
0.0
0.0
0.0
0.0
0.0
0.0
0.0
0.0
0.0
0.0
0.0
0.0
0.0
0.0
0.0
0.0
0.0
0.0
0.0
0.0
0.0
0.0
0.0
0.0
0.0
0.0
0.0
0.0
0.0
0.0
0.0
0.0
0.0
0.0
0.0
0.0
0.0
0.0
0.0
0.0
0.0
0.0
0.0
0.0
0.0
0.0
0.0
0.0
0.0
0.0
0.0
0.0
0.0
0.0
0.0
0.0
0.0
0.0
0.0
0.0
0.0
0.0
0.0
0.0
0.0
0.0
0.0
0.0
0.0
0.0
0.0
0.0
0.0
0.0
0.0
0.0
0.0
0.0
0.0
0.0
0.0
0.0
0.0
0.0
0.0
0.0
0.0
0.0
0.0
0.0
0.0
0.0
0.0
0.0
0.0
0.0
0.0
0.0
0.0
0.0
0.0
0.0
0.0
0.0
0.0
0.0
0.0
0.0
0.0
0.0
0.0
0.0
0.0
0.0
0.0
0.0
0.0
0.0
0.0
0.0
0.0
0.0
0.0
0.0
0.0
0.0
0.0
0.0
0.0
0.0
0.0
0.0
0.0
0.0
0.0
0.0
0.0
0.0
0.0
0.0
0.0
0.0
0.0
0.0
0.0
0.0
0.0
0.0
0.0
0.0
0.0
0.0
0.0
0.0
0.0
0.0
0.0
0.0
0.0
0.0
0.0
0.0
0.0
0.0
0.0
0.0
0.0
0.0
0.0
0.0
0.0
0.0
0.0
0.0
0.0
0.0
0.0
0.0
0.0
0.0
0.0
0.0
0.0
0.0
0.0
0.0
0.0
0.0
0.0
0.0
0.0
0.0
0.0
0.0
0.0
0.0
0.0
0.0
0.0
0.0
0.0
0.0
0.0
0.0
0.0
0.0
0.0
0.0
0.0
0.0
0.0
0.0
0.0
0.0
0.0
0.0
0.0
0.0
0.0
0.0
0.0
0.0
0.0
0.0
0.0
0.0
0.0
0.0
0.0
0.0
0.0
0.0
0.0
0.0
0.0
0.0
0.0
0.0
0.0
0.0
0.0
0.0
0.0
0.0
0.0
0.0
0.0
0.0
0.0
0.0
0.0
0.0
0.0
0.0
0.0
0.0
0.0
0.0
0.0
0.0
0.0
0.0
0.0
0.0
0.0
0.0
0.0
0.0
0.0
0.0
0.0
0.0
0.0
0.0
0.0
0.0
0.0
0.0
0.0
0.0
0.0
0.0
0.0
0.0
0.0
0.0
0.0
0.0
0.0
0.0
0.0
0.0
0.0
0.0
0.0
0.0
0.0
0.0
0.0
0.0
0.0
0.0
0.0
0.0
0.0
0.0
0.0
0.0
0.0
0.0
0.0
0.0
0.0
0.0
0.0
0.0
0.0
0.0
0.0
0.0
0.0
0.0
0.0
0.0
0.0
0.0
0.0
0.0
0.0
0.0
0.0
0.0
0.0
0.0
0.0
0.0
0.0
0.0
0.0
0.0
0.0
0.0
0.0
0.0
0.0
0.0
0.0
0.0
0.0
0.0
0.0
